#{"t_start": 1655759491.0222104, "env_id": "env.spec.id"}
r,l,t
-110,60,0.125029
-66,16,0.157041
-54,4,0.164043
-61,11,0.185047
-63,13,0.212053
-54,4,0.221055
-54,4,0.229056
-79,29,0.281068
-72,22,0.3232
-93,43,0.403218
-67,17,0.434225
-56,6,0.446228
-53,3,0.452229
-81,31,0.508241
-64,14,0.533247
-61,11,0.555252
-91,41,0.628268
-60,10,0.647272
-68,18,0.679279
-112,62,0.789304
-93,43,0.866324
-92,42,0.945342
-56,6,0.957345
-59,9,0.974349
-59,9,0.990352
-68,18,1.02336
-57,7,1.036363
-128,78,1.176528
-59,9,1.194532
-61,11,1.214536
-68,18,1.248544
-57,7,1.262547
-56,6,1.273549
-57,7,1.286552
-83,33,1.345565
-94,44,1.425583
-80,30,1.481596
-61,11,1.502601
-72,22,1.54261
-113,63,1.657764
-61,11,1.679769
-75,25,1.724779
-65,15,1.754786
-100,50,1.846806
-61,11,1.866811
-60,10,1.885815
-59,9,1.902819
-59,9,1.919822
-62,12,1.941828
-52,2,1.945828
-54,4,1.95383
-80,30,2.010843
-59,9,2.027847
-68,18,2.060854
-58,8,2.076858
-54,4,2.083859
-73,23,2.126385
-65,15,2.155392
-52,2,2.159392
-53,3,2.165394
-57,7,2.178397
-69,19,2.214405
-62,12,2.23741
-70,20,2.274419
-54,4,2.28242
-82,32,2.342433
-56,6,2.353436
-76,26,2.401447
-61,11,2.422452
-53,3,2.428453
-64,14,2.455459
-61,11,2.475464
-103,53,2.570485
-83,33,2.632499
-75,25,2.680509
-70,20,2.718518
10,40,2.795535
-60,10,2.814539
-68,18,2.848547
-75,25,2.894557
-59,9,2.913562
37,13,2.937567
-57,7,2.95157
-53,3,2.956571
-61,11,2.977576
-113,63,3.095602
-56,6,3.107605
-69,19,3.143613
-65,15,3.17262
9,41,3.249637
-61,11,3.270641
-72,22,3.311651
-55,5,3.321652
-53,3,3.327654
-63,13,3.35466
-76,26,3.403672
-73,23,3.447681
-63,13,3.473687
-54,4,3.481688
-54,4,3.49069
-98,48,3.579711
-67,17,3.613718
-68,18,3.648726
-74,24,3.692736
-59,9,3.71074
-68,18,3.744747
-57,7,3.75875
-56,6,3.769753
-62,12,3.793759
-54,4,3.80176
-71,21,3.842769
-73,23,4.643082
-90,40,4.717099
-97,47,4.804118
-59,9,4.821122
-89,39,4.892138
-108,58,4.997162
28,22,5.037306
-67,17,5.069313
-60,10,5.087316
-53,3,5.094319
-62,12,5.116323
-75,25,5.162334
-88,38,5.232349
-52,2,5.23635
-62,12,5.259355
-110,60,5.36938
-71,21,5.411389
-53,3,5.416391
-53,3,5.423392
-53,3,5.429393
-83,33,5.490407
-52,2,5.494408
-54,4,5.50441
-92,42,5.579949
-80,30,5.635962
-91,41,5.71198
-79,29,5.765505
-74,24,5.809515
-139,89,5.972551
-104,54,6.073212
-65,15,6.101218
-100,100,6.282387
-81,31,6.337399
-58,8,6.352403
-89,39,6.425419
-69,19,6.458426
-52,2,6.462427
-68,18,6.496435
-70,20,6.534443
-117,67,6.657471
-63,13,6.682476
-69,19,6.719485
-67,17,6.752494
-53,3,6.759496
-61,11,6.779501
-115,65,6.898527
-80,30,6.953539
-100,100,7.13558
-58,8,7.151583
-58,8,7.166587
-65,15,7.195593
-77,27,7.244604
-68,18,7.277612
-99,49,7.369632
-54,4,7.376634
-102,52,7.472655
-60,10,7.491659
-97,47,7.577679
-61,11,7.598684
-68,18,7.631691
-108,58,7.737715
-110,60,7.847741
-100,100,8.030782
-82,32,8.088796
-54,4,8.097797
-120,70,8.228827
-79,29,8.283839
-94,44,8.364857
-111,61,9.233054
-100,100,9.413094
-53,3,9.419096
-100,100,9.598136
-47,97,9.777179
-58,8,9.792182
-100,100,9.972222
-59,9,9.989226
-97,47,10.074245
-68,18,10.108252
-122,72,10.240285
-75,25,10.284295
-100,100,10.462334
-77,27,10.512346
-76,26,10.560357
0,50,10.651377
-68,18,10.684384
-93,43,10.761401
-74,24,10.804411
-92,42,10.882429
-108,58,10.990455
-72,22,11.029464
36,14,11.054469
-76,26,11.10348
-109,59,11.211505
-92,42,11.288522
-72,22,11.329533
-123,73,11.460566
-100,100,11.642615
-72,22,11.683619
-58,8,11.698623
-72,22,11.740632
-114,64,11.855659
-72,22,11.896667
-79,29,11.950679
-63,13,11.975685
-69,19,12.009693
-100,50,12.099713
-81,31,12.156725
-77,27,12.206737
-100,100,12.384776
-102,52,12.478799
-81,31,12.535812
-90,40,12.607873
-111,61,12.717898
-100,100,13.654115
-100,100,13.836154
-70,20,13.873163
-60,10,13.891673
-2,52,13.984694
-61,11,14.004698
-145,95,14.175736
-59,9,14.193741
-118,68,14.316768
-91,41,14.390785
23,27,14.439795
-117,67,14.560822
-60,10,14.579827
-55,5,14.589829
-109,59,14.698854
-52,2,14.702854
-56,6,14.713856
18,32,14.77287
-60,10,14.791874
-112,62,14.9059
-64,14,14.931906
-82,32,14.991919
-79,29,15.045931
14,36,15.110946
-100,100,15.295988
-76,26,15.344998
-63,13,15.369004
-82,32,15.428016
-100,100,15.611058
-103,53,15.70908
-93,43,15.789098
-57,7,15.8021
-70,20,15.839108
-70,20,15.876117
-67,17,15.908124
-100,100,16.094166
-17,67,16.216835
-62,12,16.24084
-124,74,16.37487
-108,58,16.483894
-6,56,16.586918
-61,11,16.606922
-78,28,16.659067
-86,36,16.724082
-64,14,16.750088
-73,23,16.794097
-70,20,16.832106
-79,29,16.887118
-11,61,16.997143
-128,78,17.140176
-80,30,17.195187
-64,14,17.221193
-73,23,17.264203
-108,58,17.370227
-54,4,17.377228
-2,52,18.224422
-54,4,18.232424
-103,53,18.330446
-108,58,18.437469
-100,100,18.61951
-64,14,18.645516
-84,34,18.70753
-124,74,18.84456
-82,32,18.904574
24,26,18.950584
-93,43,19.029602
-150,100,19.208642
-94,44,19.28866
-72,22,19.328668
-100,100,19.50771
-52,2,19.51171
-100,100,19.69075
-112,62,19.800775
-75,25,19.846785
-80,30,19.901799
-97,47,19.986819
7,43,20.062835
-83,33,20.122849
-131,81,20.272884
-100,100,20.455927
16,34,20.518941
-66,16,20.548948
-69,19,20.584956
-82,32,20.644969
-76,26,20.69398
-100,100,20.877026
-85,35,20.941041
-125,75,21.081072
-66,16,21.111079
-68,18,21.144086
-66,16,21.174216
-81,31,21.231229
-84,34,21.294243
-62,12,21.316248
-72,22,21.357257
-62,12,21.379262
-55,5,21.390264
-114,64,21.50629
-70,20,21.543298
-8,58,21.652323
6,44,21.734341
-76,26,21.782352
-68,18,21.81736
-78,28,21.868371
-83,33,22.686668
-83,33,22.748682
-111,61,22.862707
-63,13,22.886713
-132,82,23.036746
-102,52,23.132767
-14,64,23.25273
-63,13,23.277736
-52,2,23.281737
-87,37,23.349752
-63,13,23.374758
-53,3,23.380759
-100,100,23.562917
-18,68,23.685947
18,32,23.74496
-60,10,23.763965
-92,42,23.840981
-100,50,23.933002
-136,86,24.09104
-52,2,24.09504
-58,8,24.110044
-59,9,24.127047
-52,2,24.131048
-132,82,24.280082
-129,79,24.425114
-56,6,24.436117
-66,16,24.465123
-61,11,24.486128
-5,55,24.58515
-71,21,24.625159
-79,29,24.678171
-79,29,24.733183
-43,93,24.902221
28,22,24.94323
-102,52,25.037255
12,38,25.10627
-117,67,25.226297
-77,27,25.275308
-144,94,25.444346
10,40,25.515362
-52,2,25.520363
-59,9,25.537366
-100,100,25.71842
-52,2,25.722422
23,27,25.770432
-145,95,25.94147
-113,63,26.056496
2,48,26.143515
-75,25,26.189528
-133,83,26.340563
-55,5,26.351565
-83,33,27.162749
-65,15,27.191756
20,30,27.246768
-63,13,27.269773
-75,25,27.316784
0,50,27.406804
33,17,27.437811
-100,100,27.617975
-83,33,27.676988
-67,17,27.707995
-52,2,27.712996
-82,32,27.770009
-103,53,27.867036
38,12,27.889041
-123,73,28.021072
-56,6,28.032075
-4,54,28.129097
-52,2,28.133098
38,12,28.156103
-68,18,28.18911
9,41,28.263128
-59,9,28.280132
23,27,28.330145
-92,42,28.408163
-64,14,28.433169
10,40,28.504184
-85,35,28.568199
-84,34,28.631212
-57,7,28.644216
18,32,28.700228
-111,61,28.810252
-150,100,28.994416
-100,100,29.176458
-66,16,29.205465
-38,88,29.365503
-81,31,29.422518
-58,8,29.438521
-20,70,29.564549
-65,15,29.591556
-54,4,29.599557
-100,100,29.779598
-39,89,29.939633
-25,75,30.079664
-100,100,30.261907
16,34,30.323921
-100,100,30.504961
-55,5,30.515964
31,19,30.552972
13,37,30.618986
-66,16,30.647993
-71,21,30.687002
-60,10,30.706006
18,32,30.765019
-80,30,30.820031
-57,7,30.834035
9,41,31.661222
-64,14,31.687227
-107,57,31.792376
33,17,31.823382
4,46,31.905401
-91,41,31.980418
-71,21,32.018426
32,18,32.051433
32,18,32.08244
-100,100,32.263481
-55,5,32.272483
-52,2,32.277484
35,15,32.30449
-100,100,32.482532
-52,2,32.486533
-64,14,32.512539
-73,23,32.555548
8,42,32.632565
-55,5,32.642568
-53,3,32.648569
-78,28,32.699581
-115,65,32.818607
-1,51,32.913628
-53,3,32.91963
20,30,32.974642
-74,24,33.01817
13,37,33.086185
16,34,33.1472
-55,5,33.157201
-87,37,33.226233
-59,9,33.243237
-57,7,33.25724
-60,10,33.276244
-58,8,33.292248
27,23,33.334257
26,24,33.377267
-40,90,33.547305
-76,26,33.595318
-52,2,33.599319
13,37,33.667334
-65,15,33.69534
25,25,33.740435
-86,36,33.807451
-76,26,33.856461
33,17,33.887469
-62,12,33.911474
-54,4,33.919475
33,17,33.951002
0,50,34.040022
-53,3,34.046023
29,21,34.085032
-64,14,34.110038
35,15,34.138044
35,15,34.16705
32,18,34.199057
37,13,34.224063
11,39,34.29508
-58,8,34.311084
-65,15,34.340091
20,30,34.394623
26,24,34.439633
4,46,34.521651
3,47,34.60667
32,18,34.641679
10,40,34.713694
32,18,34.747701
30,20,34.78371
32,18,34.815717
15,35,34.878731
-53,3,34.885733
-69,19,34.91974
-55,5,34.929743
-63,13,34.954748
-62,12,34.976753
29,21,35.014266
23,27,35.065278
-65,15,35.092284
30,20,35.128292
-58,8,35.144295
-60,10,35.1623
-61,11,35.183304
-81,31,35.238316
-75,25,35.282439
33,17,35.314446
-63,13,35.338452
-109,59,36.200771
29,21,36.239779
-55,5,36.249782
27,23,36.290791
27,23,36.332801
-24,74,36.46583
8,42,36.541847
30,20,36.577856
33,17,36.608862
-100,50,36.702883
-56,6,36.714886
36,14,36.740892
9,41,36.814911
4,46,36.89593
20,30,36.950942
16,34,37.012956
32,18,37.045963
-5,55,37.145988
22,28,37.197
-56,6,37.209002
32,18,37.24201
20,30,37.297022
-76,26,37.344033
-15,65,37.46321
-3,53,37.558233
-73,23,37.600242
-3,53,37.695263
36,14,37.720268
29,21,37.759277
23,27,37.808288
-52,2,37.812289
15,35,37.878304
-57,7,37.891306
-87,37,37.958321
26,24,38.001332
-64,14,38.027337
-59,9,38.04434
29,21,38.083349
31,19,38.118357
38,12,38.140362
-52,2,38.145363
-83,33,38.205376
22,28,38.257388
-61,11,38.276392
-52,2,38.281393
-65,15,38.3094
-106,56,38.410422
10,40,38.484558
-66,16,38.512565
26,24,38.556575
30,20,38.594583
18,32,38.654102
13,37,38.720116
34,16,38.749123
15,35,38.811136
-56,6,38.822139
-57,7,38.836142
34,16,38.866148
35,15,38.895155
-65,15,38.923161
25,25,38.968171
20,30,39.023184
40,10,39.041188
37,13,39.066194
21,29,39.119206
-12,62,39.23123
36,14,39.256236
20,30,39.312248
31,19,39.346256
3,47,39.431276
9,41,39.505291
-107,57,39.608838
-71,21,39.648847
-59,9,39.665851
-20,70,39.79488
28,22,39.836011
-55,5,39.846013
-56,6,39.858016
18,32,40.675349
21,29,40.728361
-73,23,40.770373
30,20,40.808382
-81,31,40.866395
35,15,40.8934
30,20,40.931409
36,14,40.957415
37,13,40.98142
27,23,41.02443
33,17,41.056437
-56,6,41.06844
29,21,41.107449
26,24,41.152473
27,23,41.195699
40,10,41.215704
27,23,41.259713
24,26,41.307724
36,14,41.33473
-93,43,41.413748
28,22,41.453757
19,31,41.51077
37,13,41.534775
33,17,41.566782
39,11,41.588787
34,16,41.617794
32,18,41.650801
-58,8,41.664804
25,25,41.711815
13,37,41.780831
31,19,41.814837
-59,9,41.832842
-99,49,41.922978
29,21,41.962987
23,27,42.012998
19,31,42.06901
-56,6,42.081013
13,37,42.15015
-93,43,42.230169
31,19,42.265176
27,23,42.309186
3,47,42.394205
14,36,42.46022
30,20,42.497228
-73,23,42.538755
32,18,42.571762
-9,59,42.682789
-54,4,42.690791
-52,2,42.694792
33,17,42.726799
32,18,42.760806
38,12,42.782812
25,25,42.829822
37,13,42.853828
38,12,42.875833
40,10,42.893836
-58,8,42.90984
38,12,42.931845
-64,14,42.958851
26,24,43.003861
-54,4,43.012863
-70,20,43.049871
31,19,43.083879
-52,2,43.08788
-84,34,43.150894
34,16,43.180901
33,17,43.210907
21,29,43.264919
27,23,43.306929
25,25,43.35396
26,24,43.398972
12,38,43.469988
41,9,43.487992
-60,10,43.506996
36,14,43.532002
27,23,43.575011
24,26,43.624022
30,20,43.662031
-70,20,43.700042
19,31,43.759559
33,17,43.790566
26,24,43.835576
23,27,43.886588
-69,19,43.921738
-62,12,43.944744
-64,14,43.970749
-52,2,43.975751
19,31,44.033763
35,15,44.06177
29,21,44.100778
3,47,44.187798
18,32,44.246811
22,28,44.298823
24,26,44.346833
35,15,44.373839
-60,10,44.392846
33,17,44.425854
-9,59,45.282045
32,18,45.314053
31,19,45.34806
10,40,45.422077
9,41,45.496223
36,14,45.522229
36,14,45.547234
-57,7,45.561239
30,20,45.598248
39,11,45.618252
24,26,45.667263
-69,19,45.703271
-72,22,45.74228
26,24,45.78729
27,23,45.829299
-66,16,45.858305
33,17,45.889313
34,16,45.919319
-58,8,45.934323
-59,9,45.951327
30,20,45.987335
-64,14,46.01234
30,20,46.048349
34,16,46.077355
30,20,46.113364
32,18,46.147371
-65,15,46.174376
34,16,46.204383
13,37,46.273399
38,12,46.295404
34,16,46.325411
-60,10,46.343415
-58,8,46.358418
40,10,46.376422
37,13,46.400427
-68,18,46.433434
20,30,46.487447
33,17,46.520454
25,25,46.565464
30,20,46.602475
-63,13,46.62648
27,23,46.668493
-52,2,46.672493
14,36,46.738508
-83,33,46.797521
-55,5,46.807523
13,37,46.875663
-61,11,46.896667
32,18,46.929675
27,23,46.970684
26,24,47.014226
26,24,47.058235
34,16,47.087241
21,29,47.140254
32,18,47.173261
-53,3,47.180262
24,26,47.230274
-56,6,47.241276
29,21,47.279285
20,30,47.334298
-58,8,47.3493
30,20,47.383825
38,12,47.40783
34,16,47.437837
32,18,47.469844
36,14,47.49485
31,19,47.529858
34,16,47.559864
32,18,47.591872
38,12,47.612876
16,34,47.675892
38,12,47.697897
30,20,47.733905
39,11,47.75491
33,17,47.785917
31,19,47.819924
-64,14,47.84593
9,41,47.919946
-57,7,47.93395
27,23,47.99508
35,15,48.03209
37,13,48.0671
30,20,48.119112
34,16,48.16012
35,15,48.198129
30,20,48.251141
30,20,48.304153
37,13,48.338161
13,37,48.436184
25,25,48.499198
14,36,48.59122
-75,25,48.655234
-66,16,48.696243
39,11,48.724249
-78,28,48.798268
-61,11,48.828279
-54,4,48.840281
-58,8,48.86129
25,25,48.924304
23,27,48.991319
32,18,49.03833
-58,8,49.058334
21,29,49.130471
39,11,49.16048
36,14,49.197488
29,21,49.253503
28,22,49.309515
-59,9,49.33252
24,26,49.398661
-62,12,50.204094
30,20,50.241102
32,18,50.274109
36,14,50.299115
40,10,50.317119
-63,13,50.339124
34,16,50.36713
38,12,50.389136
32,18,50.420142
-54,4,50.428144
27,23,50.467152
38,12,50.489157
-59,9,50.506161
35,15,50.532168
19,31,50.587179
-53,3,50.59218
24,26,50.639191
26,24,50.6812
-54,4,50.689203
35,15,50.715208
25,25,50.76022
38,12,50.781225
37,13,50.80423
38,12,50.824352
-54,4,50.832354
33,17,50.86136
31,19,50.895367
31,19,50.928375
31,19,50.962383
37,13,50.985388
24,26,51.032398
-64,14,51.057404
32,18,51.089411
36,14,51.115417
40,10,51.132421
-63,13,51.156426
40,10,51.17443
39,11,51.194435
32,18,51.226442
34,16,51.253448
37,13,51.276453
14,36,51.339467
-52,2,51.343468
38,12,51.36459
23,27,51.4126
41,9,51.428604
-70,20,51.464612
36,14,51.488617
37,13,51.511623
39,11,51.531627
27,23,51.572636
34,16,51.600642
31,19,51.63565
-61,11,51.655655
23,27,51.703665
16,34,51.762679
33,17,51.791685
-52,2,51.796687
-60,10,51.814691
-61,11,51.834695
28,22,51.874707
9,41,51.945723
37,13,51.969728
27,23,52.008738
28,22,52.047746
37,13,52.070882
38,12,52.091887
35,15,52.119892
33,17,52.149899
-60,10,52.167903
24,26,52.213913
31,19,52.246921
-54,4,52.254922
-52,2,52.258924
28,22,52.297932
-52,2,52.302933
42,8,52.316936
31,19,52.350944
33,17,52.380951
25,25,52.424961
33,17,52.454967
-52,2,52.458969
27,23,52.500978
32,18,52.532985
23,27,52.580996
39,11,52.601
39,11,52.620004
29,21,52.658013
-54,4,52.666014
33,17,52.696021
25,25,52.740031
28,22,52.780041
33,17,52.809047
38,12,52.831051
28,22,52.86906
-57,7,52.882063
39,11,52.902068
34,16,52.931595
33,17,52.962602
39,11,52.982606
-57,7,52.994609
34,16,53.023615
35,15,53.048621
39,11,53.069626
31,19,53.101633
-66,16,53.12964
-57,7,53.142642
-68,18,53.173649
33,17,53.204656
27,23,53.244665
36,14,53.269671
-56,6,53.280673
35,15,53.30768
30,20,53.342687
36,14,53.366692
36,14,53.392698
-63,13,53.415703
-56,6,53.426705
20,30,53.480721
29,21,53.518729
30,20,53.553737
-55,5,53.56374
12,38,53.630755
-62,12,53.652759
-77,27,53.701771
32,18,53.733778
37,13,53.757897
28,22,53.796906
30,20,53.831913
33,17,54.587084
-58,8,54.602088
38,12,54.624093
34,16,54.652099
39,11,54.673104
33,17,54.70311
-56,6,54.713113
33,17,54.744119
-60,10,54.762123
35,15,54.78813
39,11,54.810022
-60,10,54.828026
36,14,54.853032
36,14,54.878556
29,21,54.914564
38,12,54.936569
-65,15,54.964576
40,10,54.982579
21,29,55.034591
35,15,55.062597
22,28,55.112608
-55,5,55.121611
38,12,55.143615
36,14,55.168621
32,18,55.201628
26,24,55.244638
24,26,55.291648
40,10,55.309653
-54,4,55.316654
40,10,55.335659
35,15,55.361665
-63,13,55.385669
-61,11,55.405674
32,18,55.437681
24,26,55.482691
31,19,55.516699
36,14,55.541704
30,20,55.576712
35,15,55.604719
7,43,55.679735
34,16,55.708742
38,12,55.730747
-55,5,55.739749
29,21,55.776757
36,14,55.800763
38,12,55.821767
35,15,55.849773
35,15,55.87578
36,14,55.900785
-60,10,55.918789
35,15,55.945796
36,14,55.9698
-61,11,55.989805
38,12,56.01081
41,9,56.027814
36,14,56.052819
26,24,56.095828
31,19,56.130836
35,15,56.157842
30,20,56.193851
25,25,56.238861
35,15,56.26688
22,28,56.316012
29,21,56.356021
34,16,56.385028
40,10,56.403031
40,10,56.421036
-56,6,56.432039
38,12,56.454043
31,19,56.48805
23,27,56.534061
29,21,56.571187
38,12,56.592192
20,30,56.646204
35,15,56.67221
36,14,56.697215
4,46,56.778233
33,17,56.80824
38,12,56.828245
27,23,56.870366
-58,8,56.884369
24,26,56.929379
38,12,56.952384
34,16,56.98039
34,16,57.009406
37,13,57.032405
-60,10,57.050409
35,15,57.077944
-52,2,57.081944
35,15,57.10995
32,18,57.140957
-62,12,57.162962
39,11,57.182967
-56,6,57.193969
29,21,57.230978
35,15,57.256983
40,10,57.275987
-56,6,57.28799
-56,6,57.297992
36,14,57.322998
31,19,57.359006
34,16,57.387012
35,15,57.415021
39,11,57.435025
-66,16,57.463032
39,11,57.482036
23,27,57.530047
-69,19,57.564054
27,23,57.605063
-63,13,57.629068
30,20,57.664076
34,16,57.692083
37,13,57.716088
-53,3,57.72209
38,12,57.744094
35,15,57.7701
30,20,57.806108
29,21,57.843117
36,14,57.867122
27,23,57.908131
27,23,57.94914
35,15,57.976146
35,15,58.004153
26,24,58.047162
36,14,58.072168
25,25,58.117177
19,31,58.172205
37,13,58.196209
35,15,58.222215
14,36,59.007504
-62,12,59.028509
-67,17,59.059516
19,31,59.114528
40,10,59.132532
37,13,59.155537
40,10,59.174541
40,10,59.191545
33,17,59.222552
-53,3,59.228553
38,12,59.249558
31,19,59.284566
35,15,59.310572
-61,11,59.330576
34,16,59.359583
32,18,59.39159
36,14,59.416595
33,17,59.448602
34,16,59.478609
37,13,59.501615
30,20,59.536622
22,28,59.586634
33,17,59.61764
38,12,59.638645
-56,6,59.650649
35,15,59.677654
22,28,59.727665
-60,10,59.745669
34,16,59.774675
-64,14,59.799681
34,16,59.827688
32,18,59.860696
24,26,59.906705
40,10,59.924709
37,13,59.947714
33,17,59.978721
-64,14,60.003727
35,15,60.030733
30,20,60.065741
36,14,60.090747
29,21,60.127755
26,24,60.170764
34,16,60.19977
33,17,60.231778
-54,4,60.238779
27,23,60.279788
22,28,60.3298
-59,9,60.346803
35,15,60.37381
36,14,60.399933
31,19,60.433941
42,8,60.448944
-52,2,60.453945
-58,8,60.467948
32,18,60.499956
35,15,60.526961
31,19,60.561969
39,11,60.580974
32,18,60.614981
37,13,60.637986
27,23,60.678996
30,20,60.715003
-52,2,60.719005
23,27,60.768016
20,30,60.822028
40,10,60.840031
27,23,60.881041
27,23,60.92305
36,14,60.94806
36,14,60.974066
33,17,61.004073
39,11,61.023077
37,13,61.047082
30,20,61.08309
34,16,61.111097
38,12,61.132101
34,16,61.160107
36,14,61.186113
40,10,61.203117
34,16,61.232123
-52,2,61.236124
33,17,61.266133
39,11,61.287138
36,14,61.312144
32,18,61.346151
34,16,61.375158
24,26,61.422168
35,15,61.449174
27,23,61.490184
33,17,61.52019
19,31,61.575202
-63,13,61.598207
40,10,61.616211
32,18,61.647327
37,13,61.671333
37,13,61.694338
21,29,61.746349
32,18,61.777356
-58,8,61.792359
-63,13,61.816365
35,15,61.843371
38,12,61.864376
31,19,61.898386
-63,13,61.923391
34,16,61.952398
-55,5,61.961401
-52,2,61.966401
32,18,61.998408
-55,5,62.00841
35,15,62.035417
35,15,62.063423
-59,9,62.079427
39,11,62.098431
-54,4,62.106433
35,15,62.133439
37,13,62.157444
40,10,62.175448
36,14,62.200454
36,14,62.225459
35,15,62.252465
29,21,62.290473
-52,2,62.294475
12,38,62.362492
25,25,62.406501
26,24,62.449511
38,12,62.471516
-63,13,62.494521
36,14,62.519527
38,12,62.540531
38,12,62.562536
27,23,62.603546
34,16,62.632552
26,24,63.388723
35,15,63.41573
-67,17,63.446736
35,15,63.474743
33,17,63.50475
-55,5,63.513752
30,20,63.548764
16,34,63.608778
25,25,63.652788
35,15,63.678793
37,13,63.701799
40,10,63.719803
32,18,63.75181
26,24,63.79482
27,23,63.834829
32,18,63.866836
37,13,63.890841
-62,12,63.911849
35,15,63.939854
32,18,63.970861
34,16,63.997867
21,29,64.048878
35,15,64.074884
36,14,64.09989
-53,3,64.105891
35,15,64.131897
35,15,64.158904
-54,4,64.166905
-62,12,64.186909
25,25,64.23192
28,22,64.270928
26,24,64.313939
34,16,64.343082
31,19,64.377089
27,23,64.417098
32,18,64.448105
32,18,64.481113
23,27,64.529123
35,15,64.555129
18,32,64.613142
23,27,64.659152
33,17,64.690159
34,16,64.718166
39,11,64.73817
38,12,64.760175
-59,9,64.776178
32,18,64.808185
28,22,64.848194
27,23,64.889203
-58,8,64.903207
36,14,64.928212
34,16,64.957219
34,16,64.985225
31,19,65.018232
32,18,65.050239
30,20,65.086248
29,21,65.122256
36,14,65.148261
29,21,65.18527
35,15,65.212276
30,20,65.247283
38,12,65.268288
32,18,65.299295
-56,6,65.311298
27,23,65.352307
38,12,65.373312
-59,9,65.390315
36,14,65.414321
38,12,65.436326
-57,7,65.448328
30,20,65.483336
33,17,65.513343
37,13,65.536349
40,10,65.554352
-57,7,65.568356
35,15,65.595361
32,18,65.627369
32,18,65.658375
33,17,65.687382
35,15,65.714388
36,14,65.739394
26,24,65.781523
31,19,65.814531
35,15,65.840537
-52,2,65.844538
37,13,65.867543
32,18,65.89955
34,16,65.927557
36,14,65.952563
35,15,65.978568
35,15,66.005573
36,14,66.029579
35,15,66.055585
31,19,66.089592
-59,9,66.105596
-60,10,66.1236
-52,2,66.127601
28,22,66.165609
31,19,66.199617
34,16,66.227623
32,18,66.25963
38,12,66.280635
33,17,66.311642
30,20,66.34665
32,18,66.378657
40,10,66.396184
40,10,66.413188
34,16,66.441194
-60,10,66.458199
-53,3,66.4642
31,19,66.497328
34,16,66.525335
30,20,66.561343
-60,10,66.579347
26,24,66.622357
22,28,66.671367
26,24,66.714377
29,21,66.750385
21,29,66.8034
38,12,66.824404
34,16,66.85341
24,26,66.89842
29,21,66.934429
33,17,66.964435
34,16,66.992441
37,13,67.734749
30,20,67.769756
-61,11,67.78976
32,18,67.821768
34,16,67.849774
40,10,67.867778
34,16,67.896784
39,11,67.915791
40,10,67.933796
31,19,67.967803
36,14,67.991808
35,15,68.017814
31,19,68.050821
35,15,68.076827
-79,29,68.128839
25,25,68.172848
33,17,68.202856
30,20,68.239389
-62,12,68.260393
39,11,68.281397
35,15,68.307404
37,13,68.330408
32,18,68.361415
32,18,68.394423
28,22,68.432562
39,11,68.452566
30,20,68.488574
-52,2,68.492575
31,19,68.526583
38,12,68.547588
36,14,68.572593
32,18,68.6046
-52,2,68.608603
-56,6,68.619606
33,17,68.649613
31,19,68.68262
34,16,68.710627
34,16,68.739632
31,19,68.77364
29,21,68.811649
37,13,68.835654
37,13,68.857659
39,11,68.877663
24,26,68.924674
34,16,68.95168
30,20,68.987689
27,23,69.027697
39,11,69.046701
30,20,69.081709
39,11,69.101714
34,16,69.12972
34,16,69.157726
35,15,69.185733
32,18,69.21774
36,14,69.242745
37,13,69.265751
34,16,69.293756
29,21,69.330765
29,21,69.367921
34,16,69.395927
34,16,69.423933
32,18,69.454941
23,27,69.502951
35,15,69.528958
39,11,69.548962
38,12,69.569966
19,31,69.624979
28,22,69.664988
-53,3,69.670989
28,22,69.708997
36,14,69.734003
30,20,69.770011
31,19,69.802021
33,17,69.832028
33,17,69.861035
29,21,69.899043
38,12,69.921048
36,14,69.946054
40,10,69.964058
-59,9,69.980061
36,14,70.004066
32,18,70.036074
-52,2,70.040074
31,19,70.074085
32,18,70.106091
27,23,70.1461
33,17,70.175107
20,30,70.227118
31,19,70.260126
-61,11,70.280131
33,17,70.310137
10,40,70.380152
41,9,70.396156
33,17,70.426163
38,12,70.447168
33,17,70.478174
22,28,70.526185
39,11,70.54619
36,14,70.570195
30,20,70.606203
33,17,70.63621
23,27,70.68322
30,20,70.718228
38,12,70.740234
35,15,70.766239
29,21,70.803248
38,12,70.824759
35,15,70.850765
30,20,70.885773
37,13,70.908777
29,21,70.945786
32,18,70.978793
40,10,70.995797
39,11,71.015802
31,19,71.04981
36,14,71.074815
-65,15,71.101821
-63,13,71.125827
37,13,71.148831
32,18,71.18098
28,22,71.219989
34,16,71.247995
39,11,71.267
29,21,71.304008
-57,7,71.317011
28,22,72.07118
30,20,72.106188
29,21,72.143196
36,14,72.168202
31,19,72.201209
26,24,72.245219
38,12,72.266223
26,24,72.308233
37,13,72.331238
36,14,72.357244
40,10,72.374248
34,16,72.402254
38,12,72.424258
37,13,72.447264
36,14,72.472269
27,23,72.511278
-65,15,72.538284
18,32,72.594297
34,16,72.623303
31,19,72.656311
29,21,72.694319
36,14,72.719325
32,18,72.750331
36,14,72.77634
38,12,72.797345
-54,4,72.805346
32,18,72.837354
23,27,72.884365
28,22,72.922373
40,10,72.940377
42,8,72.95438
31,19,72.987388
39,11,73.006392
36,14,73.030397
39,11,73.050402
31,19,73.083409
30,20,73.118417
27,23,73.160429
37,13,73.182433
38,12,73.204438
-57,7,73.216441
40,10,73.234445
31,19,73.269453
37,13,73.291457
30,20,73.327466
30,20,73.361473
31,19,73.396482
-69,19,73.429489
38,12,73.450493
35,15,73.477499
28,22,73.516508
-55,5,73.52651
42,8,73.540514
33,17,73.57252
29,21,73.609529
40,10,73.627533
29,21,73.664541
-54,4,73.672543
29,21,73.710552
32,18,73.742559
29,21,73.780706
-71,21,73.817715
-52,2,73.822716
-63,13,73.846721
-61,11,73.866726
28,22,73.906735
34,16,73.935741
37,13,73.958747
32,18,73.990753
-62,12,74.012759
32,18,74.044766
30,20,74.080774
39,11,74.101778
37,13,74.124783
31,19,74.159791
36,14,74.183796
24,26,74.230807
29,21,74.267815
9,41,74.338832
29,21,74.375839
35,15,74.401845
37,13,74.425851
33,17,74.454857
-61,11,74.473862
40,10,74.491866
38,12,74.51387
34,16,74.542877
38,12,74.563883
34,16,74.591888
35,15,74.618897
35,15,74.644902
40,10,74.662906
40,10,74.68091
37,13,74.703915
-56,6,74.714918
29,21,74.751927
33,17,74.781072
34,16,74.809078
34,16,74.837085
33,17,74.867092
30,20,74.902099
37,13,74.925105
42,8,74.940108
-58,8,74.954111
22,28,75.003125
38,12,75.024129
-61,11,75.044133
35,15,75.07114
38,12,75.092144
-61,11,75.112149
31,19,75.146156
36,14,75.171162
33,17,75.200168
27,23,75.241178
35,15,75.267184
36,14,75.293189
34,16,75.322195
32,18,75.354203
36,14,75.378208
35,15,75.406214
-59,9,75.422218
33,17,75.452225
32,18,75.484232
-61,11,75.504236
39,11,75.52324
26,24,75.56625
32,18,75.597257
26,24,75.640267
34,16,75.667273
37,13,75.691278
28,22,76.447567
29,21,76.485575
22,28,76.536587
-77,27,76.584598
29,21,76.621727
28,22,76.660735
34,16,76.689742
34,16,76.718748
25,25,76.762758
36,14,76.787764
36,14,76.81229
-64,14,76.839296
31,19,76.872303
27,23,76.914313
36,14,76.940319
36,14,76.965324
32,18,76.997331
38,12,77.018337
29,21,77.055344
36,14,77.08135
39,11,77.101476
33,17,77.132482
27,23,77.173492
32,18,77.205499
32,18,77.238507
32,18,77.269513
40,10,77.287517
29,21,77.324525
26,24,77.367535
35,15,77.394636
-64,14,77.419664
-67,17,77.449671
38,12,77.471676
32,18,77.503683
36,14,77.529689
36,14,77.553694
40,10,77.572699
36,14,77.597704
27,23,77.637713
34,16,77.665719
-59,9,77.681723
30,20,77.718731
24,26,77.764742
30,20,77.80175
23,27,77.849761
35,15,77.876767
36,14,77.900772
39,11,77.920777
40,10,77.938781
-61,11,77.957785
37,13,77.981905
17,33,78.039918
37,13,78.062923
35,15,78.089929
40,10,78.107933
39,11,78.126938
12,38,78.193953
32,18,78.225959
39,11,78.246964
32,18,78.278972
40,10,78.297976
40,10,78.31698
36,14,78.342985
36,14,78.367991
31,19,78.400999
39,11,78.421004
40,10,78.439008
39,11,78.459012
36,14,78.484018
-56,6,78.49502
38,12,78.517025
37,13,78.54003
35,15,78.567036
40,10,78.58504
37,13,78.608045
21,29,78.660057
37,13,78.683062
-61,11,78.703066
32,18,78.734073
30,20,78.770082
40,10,78.789086
29,21,78.827094
34,16,78.856101
-56,6,78.867103
41,9,78.883107
33,17,78.914114
38,12,78.935118
20,30,78.98913
38,12,79.010308
24,26,79.057318
35,15,79.083324
36,14,79.108329
-68,18,79.141337
36,14,79.166343
34,16,79.195349
38,12,79.216353
21,29,79.268365
40,10,79.286369
36,14,79.312375
29,21,79.349383
31,19,79.383391
28,22,79.4234
29,21,79.461408
34,16,79.489415
42,8,79.504418
36,14,79.528423
-66,16,79.55743
30,20,79.592438
40,10,79.610442
37,13,79.633447
29,21,79.670455
-60,10,79.689459
38,12,79.710464
33,17,79.741472
33,17,79.772478
34,16,79.800484
30,20,79.835492
30,20,79.8725
25,25,79.91751
25,25,79.961521
-56,6,79.972522
36,14,79.997528
34,16,80.026535
38,12,80.048539
28,22,80.811716
39,11,80.83272
31,19,80.865727
30,20,80.900735
-59,9,80.917739
37,13,80.941745
31,19,80.974877
33,17,81.005884
29,21,81.041892
40,10,81.058895
34,16,81.087902
38,12,81.108907
27,23,81.148916
34,16,81.177922
36,14,81.201928
34,16,81.229934
38,12,81.252939
38,12,81.273943
36,14,81.297949
36,14,81.322955
31,19,81.356962
23,27,81.404973
34,16,81.432979
33,17,81.461986
-58,8,81.476989
31,19,81.510996
-53,3,81.516998
30,20,81.551005
37,13,81.574011
-56,6,81.586014
36,14,81.610019
34,16,81.639025
35,15,81.665031
38,12,81.686036
-62,12,81.708041
38,12,81.729045
33,17,81.759052
32,18,81.791059
42,8,81.805062
39,11,81.825067
36,14,81.849072
37,13,81.873077
30,20,81.908085
30,20,81.944094
23,27,81.993108
39,11,82.012112
37,13,82.035117
-52,2,82.040119
28,22,82.079128
36,14,82.104133
-58,8,82.118136
38,12,82.140141
33,17,82.170147
-62,12,82.192153
24,26,82.238163
35,15,82.264169
36,14,82.289174
38,12,82.310179
36,14,82.336185
-64,14,82.36119
-58,8,82.375193
38,12,82.396198
32,18,82.428205
38,12,82.44921
31,19,82.483218
-60,10,82.501222
39,11,82.520227
-65,15,82.547232
33,17,82.577239
39,11,82.596243
40,10,82.614247
19,31,82.667259
38,12,82.689264
38,12,82.710268
36,14,82.735274
28,22,82.774283
37,13,82.797288
-63,13,82.821294
-58,8,82.835296
38,12,82.857301
-67,17,82.887308
28,22,82.926317
34,16,82.955323
33,17,82.98633
33,17,83.015337
38,12,83.037341
32,18,83.068349
40,10,83.086352
35,15,83.112359
39,11,83.131362
35,15,83.159369
38,12,83.180374
37,13,83.204381
31,19,83.238389
34,16,83.265395
33,17,83.296402
38,12,83.317407
35,15,83.344413
32,18,83.375419
38,12,83.397425
34,16,83.425431
38,12,83.448436
40,10,83.46644
36,14,83.490446
38,12,83.51145
38,12,83.533455
37,13,83.55546
-52,2,83.560464
27,23,83.600472
39,11,83.619476
34,16,83.648483
42,8,83.662487
37,13,83.685491
33,17,83.715498
39,11,83.735502
37,13,83.758508
33,17,83.788514
33,17,83.819521
29,21,83.856529
38,12,83.878534
30,20,83.913542
31,19,83.94655
-58,8,83.961553
35,15,83.988559
-63,13,84.011564
35,15,84.03857
40,10,84.055574
38,12,84.076579
40,10,84.094583
35,15,84.122589
28,22,84.160598
39,11,84.180602
34,16,84.208608
33,17,84.238615
-58,8,84.253618
28,22,84.291626
33,17,84.321634
32,18,84.35464
36,14,84.378646
34,16,84.406652
37,13,84.429657
29,21,85.191832
34,16,85.220838
37,13,85.243844
35,15,85.27185
23,27,85.31986
-67,17,85.350868
23,27,85.399879
37,13,85.422884
36,14,85.447889
35,15,85.474895
32,18,85.507903
40,10,85.524906
35,15,85.551912
36,14,85.576918
38,12,85.599923
30,20,85.635931
20,30,85.688943
36,14,85.713949
40,10,85.731953
32,18,85.76396
32,18,85.795967
32,18,85.828974
29,21,85.865983
38,12,85.888988
-65,15,85.915994
-57,7,85.927997
22,28,85.981009
32,18,86.013016
37,13,86.037021
29,21,86.07603
37,13,86.098035
34,16,86.127041
34,16,86.155047
-58,8,86.169051
32,18,86.202575
36,14,86.226581
38,12,86.247585
21,29,86.299597
35,15,86.326604
36,14,86.352609
35,15,86.379615
39,11,86.399619
35,15,86.426626
-59,9,86.442629
34,16,86.470635
40,10,86.488639
32,18,86.520647
32,18,86.553654
-57,7,86.566657
37,13,86.590662
40,10,86.608666
39,11,86.628671
30,20,86.663679
-60,10,86.681683
32,18,86.71369
38,12,86.735695
34,16,86.763701
35,15,86.790707
38,12,86.811712
32,18,86.843719
40,10,86.861723
-52,2,86.865724
30,20,86.901732
36,14,86.927737
24,26,86.974748
37,13,86.997753
40,10,87.016757
-64,14,87.040763
31,19,87.07477
39,11,87.093775
40,10,87.112792
22,28,87.161796
35,15,87.188802
37,13,87.211807
38,12,87.232814
26,24,87.275823
39,11,87.295828
37,13,87.320834
40,10,87.337837
37,13,87.361843
27,23,87.402852
-54,4,87.410854
30,20,87.446862
-66,16,87.475868
39,11,87.496873
38,12,87.518878
28,22,87.556887
34,16,87.585893
32,18,87.6189
32,18,87.650908
28,22,87.689917
36,14,87.714922
32,18,87.745929
30,20,87.782937
38,12,87.804942
37,13,87.827947
-58,8,87.84295
34,16,87.871957
36,14,87.896963
39,11,87.916967
29,21,87.954975
35,15,87.981982
26,24,88.025993
31,19,88.060002
37,13,88.083006
36,14,88.108012
-77,27,88.156023
37,13,88.179028
38,12,88.200032
36,14,88.225038
29,21,88.263047
36,14,88.288052
-57,7,88.302056
34,16,88.330062
35,15,88.356067
38,12,88.378073
36,14,88.403078
32,18,88.435086
34,16,88.463092
-62,12,88.485096
41,9,88.5011
27,23,88.541109
-54,4,88.549111
31,19,88.583118
29,21,88.620127
31,19,88.654135
40,10,88.672138
-56,6,88.683141
38,12,88.705146
37,13,88.728151
34,16,88.757158
40,10,88.775161
27,23,88.81617
-59,9,88.832174
-60,10,88.851178
35,15,89.603477
31,19,89.638484
36,14,89.66349
38,12,89.683495
37,13,89.7075
-60,10,89.724504
-57,7,89.738507
-64,14,89.762513
39,11,89.782517
28,22,89.821526
-54,4,89.829527
35,15,89.855533
40,10,89.873537
39,11,89.893542
40,10,89.910545
35,15,89.937551
36,14,89.962557
24,26,90.008568
-57,7,90.02157
35,15,90.048576
35,15,90.076583
34,16,90.104589
35,15,90.131595
-52,2,90.136596
20,30,90.190608
-58,8,90.205611
38,12,90.226616
33,17,90.255885
40,10,90.27289
17,33,90.329902
29,21,90.36791
35,15,90.394917
38,12,90.414922
35,15,90.442927
28,22,90.481937
39,11,90.501941
30,20,90.537948
37,13,90.559953
36,14,90.58596
38,12,90.606964
24,26,90.651974
40,10,90.669978
26,24,90.712988
37,13,90.735992
28,22,90.775002
32,18,90.807009
37,13,90.829013
14,36,90.891027
39,11,90.910032
-53,3,90.917033
40,10,90.934037
33,17,90.964044
35,15,90.99105
40,10,91.008054
-59,9,91.024057
30,20,91.060066
31,19,91.094073
39,11,91.114077
37,13,91.137083
35,15,91.163594
31,19,91.1966
40,10,91.214604
38,12,91.235609
25,25,91.278619
29,21,91.316627
32,18,91.348634
-62,12,91.369639
34,16,91.398646
36,14,91.422651
31,19,91.457659
35,15,91.482664
34,16,91.512671
-56,6,91.523674
36,14,91.547679
33,17,91.578686
28,22,91.616694
35,15,91.6427
37,13,91.665705
24,26,91.711716
33,17,91.741723
39,11,91.761727
27,23,91.800736
37,13,91.824741
35,15,91.850747
34,16,91.878753
34,16,91.90776
35,15,91.933766
35,15,91.96089
33,17,91.991897
27,23,92.031906
31,19,92.065913
-57,7,92.078917
33,17,92.108923
36,14,92.134929
33,17,92.163936
33,17,92.193942
37,13,92.216948
-60,10,92.234951
36,14,92.259956
30,20,92.294964
31,19,92.328972
36,14,92.353978
30,20,92.389986
38,12,92.411991
35,15,92.438997
37,13,92.463002
40,10,92.482007
24,26,92.531017
-60,10,92.551022
-61,11,92.57403
30,20,92.611543
35,15,92.64255
-59,9,92.660555
33,17,92.693562
-61,11,92.716568
33,17,92.749574
35,15,92.778581
26,24,92.824592
37,13,92.848596
-52,2,92.853598
39,11,92.876603
36,14,92.903609
30,20,92.941617
18,32,93.003632
35,15,93.031637
37,13,93.058643
32,18,93.093651
37,13,93.120657
38,12,93.144663
39,11,93.167668
37,13,93.192673
40,10,93.213678
24,26,93.26569
38,12,93.289696
38,12,94.095879
39,11,94.117883
29,21,94.157892
32,18,94.1919
36,14,94.218906
36,14,94.243912
36,14,94.270918
20,30,94.32593
34,16,94.355937
33,17,94.388944
34,16,94.418951
32,18,94.452958
32,18,94.488966
35,15,94.515973
30,20,94.554981
36,14,94.580987
39,11,94.601992
11,39,94.674007
25,25,94.721018
37,13,94.745024
34,16,94.77603
24,26,94.825042
36,14,94.852047
-54,4,94.86105
15,35,94.927064
34,16,94.957071
29,21,94.99708
38,12,95.019085
37,13,95.043091
39,11,95.065095
29,21,95.104104
36,14,95.132111
37,13,95.158117
38,12,95.180121
36,14,95.207127
-61,11,95.229132
39,11,95.249136
39,11,95.271141
35,15,95.298147
13,37,95.368163
34,16,95.40117
34,16,95.432177
38,12,95.455183
40,10,95.474187
35,15,95.504194
30,20,95.542202
32,18,95.57621
31,19,95.612218
33,17,95.643225
35,15,95.672231
36,14,95.698241
29,21,95.739249
34,16,95.769256
37,13,95.794262
-55,5,95.804264
19,31,95.863277
32,18,95.897285
32,18,95.932292
23,27,95.983304
30,20,96.021312
32,18,96.055321
39,11,96.076325
37,13,96.100331
38,12,96.123336
33,17,96.155343
36,14,96.182349
34,16,96.212355
26,24,96.256365
21,29,96.312378
36,14,96.339385
40,10,96.35839
34,16,96.388397
23,27,96.440409
31,19,96.475417
34,16,96.504423
34,16,96.534429
34,16,96.563437
19,31,96.620449
-52,2,96.624449
36,14,96.649455
38,12,96.672461
29,21,96.712469
37,13,96.737475
31,19,96.773483
37,13,96.797488
38,12,96.820493
32,18,96.853501
35,15,96.881507
34,16,96.911514
23,27,96.961525
32,18,96.995653
35,15,97.023659
16,34,97.088674
37,13,97.112679
21,29,97.166691
31,19,97.202699
36,14,97.228705
39,11,97.248709
38,12,97.270714
-60,10,97.290719
40,10,97.308723
32,18,97.342731
37,13,97.367736
38,12,97.388741
29,21,97.42975
38,12,97.452755
38,12,97.47576
36,14,97.502766
32,18,97.536776
29,21,97.575785
26,24,97.620795
39,11,97.6408
40,10,97.659804
39,11,97.679808
38,12,97.702814
31,19,97.737821
29,21,97.77683
35,15,97.804836
40,10,97.82384
25,25,97.870851
34,16,97.899857
35,15,97.927864
40,10,97.945871
34,16,98.753054
33,17,98.78406
36,14,98.810067
-52,2,98.814068
29,21,98.853076
36,14,98.879081
28,22,98.920091
38,12,98.943096
15,35,99.00711
38,12,99.030115
30,20,99.066123
37,13,99.091129
36,14,99.115134
31,19,99.150142
35,15,99.178149
35,15,99.206155
30,20,99.243163
37,13,99.268169
-67,17,99.300176
37,13,99.324181
34,16,99.354188
35,15,99.382194
40,10,99.402017
40,10,99.422022
36,14,99.448027
-66,16,99.479034
36,14,99.50504
40,10,99.522044
35,15,99.55005
36,14,99.575056
36,14,99.602062
38,12,99.624067
-52,2,99.629068
30,20,99.666076
36,14,99.692082
40,10,99.711086
37,13,99.736092
31,19,99.770099
38,12,99.793105
37,13,99.81611
33,17,99.848117
30,20,99.885125
29,21,99.924134
31,19,99.959141
33,17,99.991148
37,13,100.015154
-58,8,100.030157
24,26,100.079169
36,14,100.105174
-58,8,100.120191
40,10,100.139196
33,17,100.171203
40,10,100.190207
-57,7,100.20321
39,11,100.224215
23,27,100.273226
36,14,100.299232
27,23,100.341241
36,14,100.368247
34,16,100.397254
-52,2,100.402255
31,19,100.437263
28,22,100.478272
37,13,100.502277
38,12,100.524282
29,21,100.561291
-52,2,100.566292
25,25,100.611301
34,16,100.641308
37,13,100.665313
37,13,100.689319
30,20,100.725327
36,14,100.752333
36,14,100.777339
-61,11,100.798344
-54,4,100.806346
27,23,100.848355
31,19,100.882884
-54,4,100.891886
26,24,100.936897
32,18,100.968903
27,23,101.011913
29,21,101.050922
36,14,101.076927
37,13,101.101933
37,13,101.125938
38,12,101.148088
37,13,101.174093
36,14,101.200099
38,12,101.222105
26,24,101.267115
36,14,101.293121
33,17,101.325127
38,12,101.346132
-52,2,101.351133
40,10,101.370138
36,14,101.396143
40,10,101.415148
40,10,101.434152
-54,4,101.442154
39,11,101.463158
37,13,101.487164
-52,2,101.491165
-52,2,101.497166
32,18,101.531173
38,12,101.554179
37,13,101.578185
35,15,101.608193
28,22,101.649202
38,12,101.672207
33,17,101.703215
36,14,101.727221
-60,10,101.747224
34,16,101.776231
36,14,101.802237
33,17,101.834244
-54,4,101.841245
29,21,101.881255
30,20,101.918263
35,15,101.946269
36,14,101.972392
38,12,101.994393
30,20,102.031402
-56,6,102.043405
38,12,102.065409
32,18,102.098417
40,10,102.116421
29,21,102.155429
35,15,102.183436
31,19,102.219444
-59,9,102.237448
35,15,102.264454
-59,9,102.281458
31,19,102.31748
-56,6,102.329483
36,14,102.356489
33,17,102.388407
35,15,102.415413
32,18,102.448421
36,14,102.475427
42,8,102.49043
35,15,102.518552
-52,2,102.522553
38,12,102.544558
29,21,103.331734
39,11,103.352739
39,11,103.372743
30,20,103.408751
39,11,103.429756
34,16,103.458763
37,13,103.482768
23,27,103.530778
31,19,103.566787
36,14,103.592793
34,16,103.621799
37,13,103.645804
24,26,103.693815
19,31,103.749828
-55,5,103.75983
-64,14,103.785836
32,18,103.817843
30,20,103.855852
37,13,103.878856
40,10,103.897862
36,14,103.923867
39,11,103.943871
-64,14,103.969877
33,17,104.000884
31,19,104.034891
35,15,104.062898
38,12,104.083902
30,20,104.119911
36,14,104.146916
40,10,104.165921
37,13,104.188926
-60,10,104.207931
29,21,104.245941
35,15,104.273947
34,16,104.301953
32,18,104.335961
37,13,104.359967
40,10,104.377971
39,11,104.398975
37,13,104.42198
29,21,104.459989
31,19,104.495997
38,12,104.518002
-55,5,104.529004
33,17,104.559011
39,11,104.579016
27,23,104.621025
39,11,104.642029
33,17,104.672749
36,14,104.697754
30,20,104.734762
33,17,104.764769
30,20,104.802778
30,20,104.837786
37,13,104.862792
31,19,104.896799
29,21,104.935808
27,23,104.976816
21,29,105.029829
35,15,105.057835
32,18,105.090842
38,12,105.112848
36,14,105.138853
30,20,105.174875
35,15,105.202882
39,11,105.221885
33,17,105.253893
34,16,105.282899
37,13,105.306905
-52,2,105.311906
39,11,105.33091
30,20,105.366918
39,11,105.387922
35,15,105.415929
32,18,105.449938
40,10,105.467942
33,17,105.498949
11,39,105.569965
40,10,105.58797
32,18,105.620977
-59,9,105.63798
35,15,105.665987
-60,10,105.683991
-64,14,105.709997
35,15,105.737003
39,11,105.757008
26,24,105.800017
35,15,105.827025
36,14,105.853031
19,31,105.909043
38,12,105.930048
37,13,105.955054
27,23,105.996063
34,16,106.025069
-60,10,106.044073
29,21,106.082082
33,17,106.113089
29,21,106.152097
40,10,106.171102
35,15,106.19811
30,20,106.237119
40,10,106.255123
35,15,106.282129
31,19,106.317137
33,17,106.349144
24,26,106.397155
-53,3,106.403156
37,13,106.427161
33,17,106.457168
33,17,106.489176
37,13,106.51318
37,13,106.537186
42,8,106.552189
34,16,106.582196
31,19,106.615204
34,16,106.64521
29,21,106.683218
-59,9,106.699222
30,20,106.73523
37,13,106.758235
31,19,106.793244
36,14,106.82025
30,20,106.856257
-56,6,106.86826
40,10,106.887264
36,14,106.91227
30,20,106.949279
39,11,106.970284
26,24,107.014413
38,12,107.037418
37,13,107.810593
38,12,107.831598
35,15,107.858604
30,20,107.895612
32,18,107.927619
34,16,107.956626
27,23,107.997635
25,25,108.043646
26,24,108.086655
-62,12,108.10866
39,11,108.128664
-59,9,108.145668
-59,9,108.162672
33,17,108.192678
35,15,108.220685
39,11,108.24069
37,13,108.264694
36,14,108.2887
35,15,108.315706
29,21,108.354715
37,13,108.379721
38,12,108.401725
34,16,108.430732
37,13,108.456738
36,14,108.481743
32,18,108.515751
36,14,108.540756
33,17,108.572763
38,12,108.593768
36,14,108.620774
39,11,108.640779
21,29,108.692791
31,19,108.728798
35,15,108.756804
28,22,108.797814
32,18,108.831821
38,12,108.852826
-61,11,108.874833
36,14,108.899839
36,14,108.926845
40,10,108.944849
34,16,108.974856
25,25,109.020866
36,14,109.046872
23,27,109.096883
36,14,109.121889
34,16,109.151896
38,12,109.1729
-66,16,109.202907
35,15,109.229725
34,16,109.258731
40,10,109.277735
39,11,109.29774
36,14,109.322745
29,21,109.360754
38,12,109.384759
40,10,109.402763
34,16,109.43177
-68,18,109.465777
33,17,109.497784
37,13,109.52179
27,23,109.5648
32,18,109.597806
29,21,109.635815
30,20,109.671824
31,19,109.706831
42,8,109.721834
38,12,109.743839
14,36,109.808854
21,29,109.862867
32,18,109.896874
20,30,109.951886
35,15,109.978892
33,17,110.009899
32,18,110.040906
34,16,110.069912
33,17,110.100919
38,12,110.122924
41,9,110.139928
38,12,110.161933
40,10,110.180937
35,15,110.207943
40,10,110.225947
31,19,110.259955
28,22,110.299965
36,14,110.32597
29,21,110.363979
33,17,110.394985
32,18,110.426992
36,14,110.453998
23,27,110.503009
-53,3,110.508011
29,21,110.54702
37,13,110.571025
34,16,110.602031
32,18,110.635039
36,14,110.661044
35,15,110.688051
-65,15,110.717061
33,17,110.747067
35,15,110.775073
40,10,110.793077
39,11,110.813082
28,22,110.853091
35,15,110.880097
39,11,110.901101
34,16,110.930108
-67,17,110.961115
31,19,110.995123
30,20,111.032131
35,15,111.061137
23,27,111.111151
40,10,111.130155
36,14,111.156161
34,16,111.184167
-57,7,111.19717
40,10,111.216174
-57,7,111.230177
38,12,111.253182
27,23,111.295192
32,18,111.329199
33,17,111.359206
30,20,111.395214
35,15,111.42322
35,15,111.451226
38,12,111.475232
-59,9,111.492236
36,14,111.517241
39,11,111.538246
33,17,111.569254
30,20,112.360582
-55,5,112.370584
33,17,112.402592
-63,13,112.426597
-52,2,112.431598
31,19,112.465606
-53,3,112.472607
38,12,112.494612
38,12,112.516617
26,24,112.560627
40,10,112.579631
33,17,112.611639
35,15,112.639645
32,18,112.672653
35,15,112.700659
39,11,112.720663
26,24,112.763673
21,29,112.816684
28,22,112.858694
9,41,112.93371
40,10,112.951715
24,26,112.999727
37,13,113.024733
34,16,113.05474
29,21,113.093748
29,21,113.130757
37,13,113.153762
36,14,113.178767
33,17,113.210775
34,16,113.241782
36,14,113.268788
-61,11,113.289793
33,17,113.3208
-57,7,113.333802
34,16,113.362809
37,13,113.386814
35,15,113.414821
36,14,113.439827
-57,7,113.45283
34,16,113.481835
23,27,113.530847
33,17,113.560854
-65,15,113.587859
31,19,113.621867
23,27,113.670878
37,13,113.696887
37,13,113.720893
-58,8,113.735895
37,13,113.759901
24,26,113.807912
33,17,113.838918
36,14,113.863925
39,11,113.884929
35,15,113.911935
39,11,113.93294
28,22,113.971948
37,13,113.996954
39,11,114.016959
37,13,114.040965
37,13,114.064969
32,18,114.098977
33,17,114.129986
24,26,114.177999
36,14,114.205004
40,10,114.223009
29,21,114.262017
38,12,114.285022
40,10,114.303027
31,19,114.339035
27,23,114.381044
28,22,114.422053
35,15,114.450059
38,12,114.472064
38,12,114.494069
-65,15,114.523076
-61,11,114.54308
30,20,114.581089
-56,6,114.593091
26,24,114.637101
37,13,114.661107
30,20,114.698115
34,16,114.728122
28,22,114.767131
36,14,114.795276
30,20,114.832284
28,22,114.871293
27,23,114.914302
34,16,114.944309
36,14,114.970315
33,17,115.003323
36,14,115.028328
37,13,115.053334
35,15,115.08134
35,15,115.109346
33,17,115.140353
39,11,115.160361
36,14,115.186366
26,24,115.231378
27,23,115.273386
-58,8,115.288389
37,13,115.312395
33,17,115.343402
38,12,115.366407
28,22,115.407416
26,24,115.451426
34,16,115.481433
39,11,115.502437
32,18,115.536445
37,13,115.562451
24,26,115.610461
31,19,115.645469
37,13,115.670475
30,20,115.706483
37,13,115.730488
30,20,115.768497
27,23,115.812507
35,15,115.839513
38,12,115.860517
37,13,115.885523
30,20,115.922531
34,16,115.951554
37,13,115.976559
26,24,116.020569
19,31,116.077581
30,20,116.11559
39,11,116.884764
27,23,116.926774
26,24,116.970783
32,18,117.003791
39,11,117.024795
36,14,117.049923
37,13,117.073929
-66,16,117.103936
-54,4,117.111938
31,19,117.146945
32,18,117.181954
31,19,117.216961
24,26,117.264972
33,17,117.295979
38,12,117.318984
35,15,117.34699
10,40,117.421006
38,12,117.444012
34,16,117.473018
32,18,117.507026
-52,2,117.511027
35,15,117.540033
38,12,117.562038
35,15,117.590044
31,19,117.625052
35,15,117.654059
35,15,117.682065
40,10,117.70107
-52,2,117.70607
33,17,117.737077
28,22,117.779089
36,14,117.805094
36,14,117.8311
37,13,117.855106
37,13,117.879111
35,15,117.907117
35,15,117.935124
39,11,117.956128
36,14,117.983135
37,13,118.007139
30,20,118.045148
38,12,118.068153
38,12,118.090158
32,18,118.124166
30,20,118.161174
38,12,118.183179
34,16,118.213186
37,13,118.238191
-52,2,118.242192
34,16,118.271199
35,15,118.298205
28,22,118.339214
30,20,118.376222
34,16,118.407229
28,22,118.448238
34,16,118.478245
32,18,118.512253
34,16,118.543262
26,24,118.587271
-52,2,118.591272
-63,13,118.616278
36,14,118.642284
29,21,118.680292
38,12,118.702298
34,16,118.731304
36,14,118.75731
33,17,118.789317
40,10,118.807321
-55,5,118.818323
39,11,118.838328
34,16,118.868987
32,18,118.901994
34,16,118.932001
39,11,118.954006
32,18,118.987013
40,10,119.005018
33,17,119.037024
36,14,119.06303
-59,9,119.079034
39,11,119.100038
37,13,119.124044
33,17,119.156051
36,14,119.182057
32,18,119.216064
39,11,119.237072
35,15,119.265078
33,17,119.296087
34,16,119.326094
36,14,119.3531
36,14,119.378105
31,19,119.413113
36,14,119.441119
37,13,119.465125
40,10,119.484129
32,18,119.518137
35,15,119.546143
34,16,119.57615
32,18,119.610157
40,10,119.628161
29,21,119.66717
29,21,119.707179
40,10,119.726183
31,19,119.760191
37,13,119.785197
32,18,119.819204
31,19,119.855212
33,17,119.887219
33,17,119.919226
34,16,119.948233
25,25,119.995244
34,16,120.02525
-52,2,120.029251
35,15,120.058257
38,12,120.080262
33,17,120.112269
35,15,120.139276
33,17,120.171283
38,12,120.193288
33,17,120.225295
34,16,120.254304
37,13,120.27931
40,10,120.297314
34,16,120.328321
31,19,120.363329
38,12,120.385334
30,20,120.422342
37,13,120.446347
39,11,120.466352
42,8,120.482355
34,16,120.512362
34,16,120.542369
23,27,120.59238
39,11,120.613385
-52,2,120.618386
33,17,120.650393
22,28,121.450707
39,11,121.472712
38,12,121.493716
38,12,121.515722
32,18,121.548728
-69,19,121.582736
35,15,121.611743
33,17,121.64375
40,10,121.662754
38,12,121.685759
33,17,121.716767
25,25,121.764777
35,15,121.791783
36,14,121.817789
25,25,121.864799
31,19,121.901808
40,10,121.920812
26,24,121.963822
8,42,122.041839
28,22,122.082851
40,10,122.101856
37,13,122.125861
32,18,122.158869
38,12,122.181874
32,18,122.216881
36,14,122.242887
36,14,122.268893
37,13,122.293901
38,12,122.316906
-59,9,122.33391
38,12,122.356915
36,14,122.381921
-57,7,122.395924
37,13,122.420929
35,15,122.448936
37,13,122.473942
36,14,122.499947
31,19,122.533955
27,23,122.576964
40,10,122.594968
-65,15,122.623975
28,22,122.664984
24,26,122.712995
35,15,122.742001
40,10,122.760005
37,13,122.785011
38,12,122.807016
36,14,122.833021
23,27,122.883033
38,12,122.906038
-58,8,122.921041
36,14,122.948047
36,14,122.975053
39,11,122.99606
29,21,123.035071
31,19,123.071079
37,13,123.095084
32,18,123.128092
39,11,123.149096
32,18,123.182105
36,14,123.20811
34,16,123.239117
34,16,123.268123
39,11,123.290128
26,24,123.335138
-58,8,123.350142
36,14,123.377148
28,22,123.419159
29,21,123.458168
39,11,123.479172
32,18,123.51218
37,13,123.537185
27,23,123.579195
32,18,123.612202
32,18,123.646211
39,11,123.666214
36,14,123.69222
36,14,123.718226
38,12,123.741231
29,21,123.78024
35,15,123.808246
32,18,123.841253
38,12,123.863258
39,11,123.883266
33,17,123.914273
31,19,123.950281
31,19,123.984289
39,11,124.004293
36,14,124.030299
39,11,124.051304
34,16,124.08131
32,18,124.115318
35,15,124.14334
33,17,124.174334
-58,8,124.190337
-52,2,124.19434
25,25,124.24135
35,15,124.268357
29,21,124.308366
33,17,124.339372
37,13,124.363378
32,18,124.396385
29,21,124.434394
34,16,124.464401
38,12,124.487406
28,22,124.527414
38,12,124.549419
37,13,124.574427
31,19,124.609939
37,13,124.633945
37,13,124.65895
35,15,124.685956
40,10,124.705961
37,13,124.728966
32,18,124.762974
34,16,124.79298
37,13,124.817986
32,18,124.851994
28,22,124.893003
35,15,124.921009
28,22,124.960021
33,17,124.992028
33,17,125.025035
33,17,125.058042
42,8,125.073046
-56,6,125.085048
33,17,125.116056
35,15,125.143062
23,27,125.194073
34,16,125.22408
35,15,125.253086
39,11,125.273091
-69,19,126.064273
40,10,126.082276
32,18,126.115284
33,17,126.14529
38,12,126.168296
40,10,126.187299
29,21,126.224308
29,21,126.261316
38,12,126.283321
33,17,126.315329
33,17,126.346335
30,20,126.382343
38,12,126.405349
34,16,126.435356
40,10,126.454359
35,15,126.482366
30,20,126.517374
30,20,126.555382
38,12,126.576386
33,17,126.609394
35,15,126.6364
36,14,126.660405
26,24,126.705416
31,19,126.740423
40,10,126.760428
32,18,126.793435
39,11,126.814441
33,17,126.845447
40,10,126.863451
36,14,126.890457
34,16,126.918463
-61,11,126.940468
27,23,126.981477
32,18,127.014485
40,10,127.032489
34,16,127.062496
33,17,127.09263
30,20,127.129638
30,20,127.164646
30,20,127.201654
38,12,127.22466
34,16,127.252666
-57,7,127.266669
32,18,127.299676
38,12,127.321681
35,15,127.347687
40,10,127.366691
30,20,127.403699
32,18,127.435707
36,14,127.462713
40,10,127.480717
26,24,127.524727
38,12,127.547732
40,10,127.565736
37,13,127.591742
35,15,127.618752
38,12,127.641757
32,18,127.673764
31,19,127.709772
-52,2,127.713773
38,12,127.736778
40,10,127.754783
32,18,127.785789
31,19,127.820797
38,12,127.841802
33,17,127.872809
26,24,127.918819
34,16,127.947825
35,15,127.975838
39,11,127.995838
27,23,128.038848
38,12,128.061853
31,19,128.095861
40,10,128.113864
30,20,128.150873
36,14,128.176879
36,14,128.201884
41,9,128.218888
37,13,128.241893
42,8,128.257897
-57,7,128.2719
34,16,128.301907
38,12,128.323912
28,22,128.363921
38,12,128.386925
-52,2,128.392927
-59,9,128.408931
34,16,128.436937
37,13,128.460943
38,12,128.481947
38,12,128.504952
29,21,128.543961
35,15,128.571967
26,24,128.615978
27,23,128.656986
-68,18,128.689993
35,15,128.718
34,16,128.748007
36,14,128.774013
37,13,128.798018
33,17,128.829025
39,11,128.85003
31,19,128.883037
-58,8,128.89904
32,18,128.931047
35,15,128.960054
29,21,128.998064
33,17,129.029069
31,19,129.063077
25,25,129.107086
37,13,129.131092
39,11,129.152097
37,13,129.177102
38,12,129.19911
28,22,129.240118
33,17,129.271126
29,21,129.308134
31,19,129.344142
34,16,129.374148
37,13,129.398154
34,16,129.42716
32,18,129.460168
37,13,129.483173
-62,12,129.506179
34,16,129.535184
-59,9,129.552188
34,16,129.581195
38,12,129.604201
32,18,129.637207
36,14,129.663213
30,20,129.699221
31,19,129.73423
34,16,129.762235
26,24,130.555415
38,12,130.57842
40,10,130.597424
28,22,130.637433
39,11,130.657438
36,14,130.683444
29,21,130.721452
38,12,130.744457
36,14,130.770463
30,20,130.806472
37,13,130.830477
35,15,130.857482
34,16,130.886489
35,15,130.914495
36,14,130.939502
31,19,130.974509
40,10,130.993513
32,18,131.026521
39,11,131.046525
39,11,131.065529
27,23,131.108539
42,8,131.124542
40,10,131.142665
40,10,131.16067
32,18,131.193677
31,19,131.228685
40,10,131.246689
38,12,131.268694
36,14,131.2947
38,12,131.317705
40,10,131.336709
36,14,131.362715
37,13,131.386721
36,14,131.412726
37,13,131.437732
-62,12,131.459737
34,16,131.488743
34,16,131.51875
37,13,131.542755
-65,15,131.570761
35,15,131.597767
36,14,131.622773
40,10,131.641777
40,10,131.659781
35,15,131.686788
32,18,131.720795
30,20,131.757803
-60,10,131.775807
18,32,131.83482
35,15,131.862827
37,13,131.886832
40,10,131.905836
36,14,131.930842
39,11,131.951562
25,25,131.997572
36,14,132.023578
40,10,132.041582
40,10,132.059586
-69,19,132.092594
28,22,132.133605
-58,8,132.148609
28,22,132.188618
38,12,132.211623
-64,14,132.238629
31,19,132.274637
25,25,132.320647
39,11,132.342652
34,16,132.372659
33,17,132.404666
37,13,132.427671
-61,11,132.448676
34,16,132.477683
38,12,132.500688
-54,4,132.508689
31,19,132.543697
32,18,132.577705
40,10,132.596709
38,12,132.620715
32,18,132.653722
36,14,132.679728
34,16,132.708735
-58,8,132.724738
38,12,132.745742
17,33,132.805756
-55,5,132.815758
33,17,132.848765
38,12,132.87077
33,17,132.902777
40,10,132.921782
26,24,132.966793
35,15,132.994798
31,19,133.028806
26,24,133.073816
33,17,133.105823
36,14,133.13183
26,24,133.175839
30,20,133.213847
28,22,133.255857
34,16,133.285863
35,15,133.313577
42,8,133.329581
35,15,133.358588
38,12,133.380594
35,15,133.4096
33,17,133.440607
32,18,133.473614
30,20,133.510623
32,18,133.544631
24,26,133.591641
36,14,133.618647
39,11,133.638652
34,16,133.668659
35,15,133.697665
37,13,133.72167
39,11,133.742675
-53,3,133.749676
40,10,133.768681
32,18,133.801688
36,14,133.827694
18,32,133.886707
36,14,133.913714
30,20,133.949721
-53,3,133.956723
-56,6,133.968725
29,21,134.007735
30,20,134.044742
33,17,134.07551
-52,2,134.080511
32,18,134.113518
34,16,134.143525
31,19,134.179533
32,18,134.212541
40,10,134.230544
38,12,134.25355
36,14,134.278555
38,12,134.30156
28,22,134.341569
34,16,135.125751
-60,10,135.146756
35,15,135.173761
38,12,135.195766
38,12,135.218772
30,20,135.256922
-67,17,135.28993
37,13,135.313935
38,12,135.33694
-64,14,135.362946
32,18,135.397954
40,10,135.416958
28,22,135.456966
33,17,135.487973
38,12,135.510978
36,14,135.536984
36,14,135.56299
38,12,135.585995
37,13,135.611001
29,21,135.65001
21,29,135.705022
36,14,135.730028
40,10,135.750033
32,18,135.783039
28,22,135.824049
38,12,135.847054
39,11,135.868058
28,22,135.909067
32,18,135.943075
-58,8,135.958079
39,11,135.979083
29,21,136.018092
34,16,136.047806
33,17,136.080814
32,18,136.113821
33,17,136.144828
35,15,136.171834
34,16,136.202841
33,17,136.233848
30,20,136.270856
38,12,136.292861
36,14,136.318867
30,20,136.355875
38,12,136.37788
33,17,136.408887
35,15,136.435893
-61,11,136.456898
-52,2,136.460899
-64,14,136.486905
31,19,136.521912
32,18,136.554919
35,15,136.582926
38,12,136.605931
30,20,136.64294
35,15,136.671946
27,23,136.713955
34,16,136.744962
31,19,136.77997
37,13,136.803975
29,21,136.843984
41,9,136.860988
28,22,136.901997
40,10,136.921002
25,25,136.967012
34,16,136.997018
39,11,137.017023
39,11,137.038028
41,9,137.055031
38,12,137.079037
40,10,137.098041
33,17,137.129052
33,17,137.161059
29,21,137.199067
32,18,137.232074
33,17,137.264082
34,16,137.294088
38,12,137.317093
36,14,137.343099
33,17,137.375107
32,18,137.409114
30,20,137.446122
28,22,137.486131
29,21,137.525646
33,17,137.557653
34,16,137.58766
35,15,137.614666
31,19,137.650675
35,15,137.676681
39,11,137.698685
34,16,137.729693
36,14,137.756698
38,12,137.779703
28,22,137.820712
38,12,137.844718
40,10,137.863722
37,13,137.890728
38,12,137.912733
34,16,137.944741
36,14,137.971746
33,17,138.004754
24,26,138.052765
35,15,138.082771
38,12,138.105776
38,12,138.127781
38,12,138.151787
39,11,138.173791
37,13,138.199797
36,14,138.226803
33,17,138.260811
34,16,138.292818
36,14,138.319824
41,9,138.336828
20,30,138.393841
38,12,138.415846
38,12,138.439851
38,12,138.462857
37,13,138.488862
38,12,138.511868
32,18,138.546875
38,12,138.57088
-53,3,138.576882
31,19,138.61289
29,21,138.653899
38,12,138.677904
39,11,138.700432
-60,10,138.719436
36,14,138.746443
33,17,138.77845
-60,10,138.797454
29,21,138.839463
39,11,138.859468
-59,9,138.876472
32,18,138.911479
-76,26,138.962491
39,11,139.749671
33,17,139.781678
30,20,139.818687
-56,6,139.830689
21,29,139.883702
38,12,139.905706
38,12,139.928711
38,12,139.950716
33,17,139.982723
40,10,140.001728
33,17,140.032735
32,18,140.065742
38,12,140.088747
35,15,140.116753
33,17,140.148761
35,15,140.176767
35,15,140.203773
33,17,140.23578
32,18,140.269787
40,10,140.287791
33,17,140.320799
32,18,140.351806
37,13,140.377811
-52,2,140.382812
36,14,140.408819
37,13,140.432824
35,15,140.46083
26,24,140.50484
-52,2,140.509841
38,12,140.532846
21,29,140.586859
37,13,140.610864
29,21,140.648872
33,17,140.680515
37,13,140.705521
32,18,140.738528
38,12,140.761533
30,20,140.797541
28,22,140.838551
40,10,140.857555
34,16,140.886561
42,8,140.900564
30,20,140.937572
40,10,140.956576
37,13,140.979581
35,15,141.007588
41,9,141.024591
31,19,141.0616
33,17,141.091606
40,10,141.110611
36,14,141.137617
35,15,141.165143
-63,13,141.191149
35,15,141.218155
33,17,141.250162
38,12,141.272167
30,20,141.309175
28,22,141.349185
32,18,141.383192
-70,20,141.4202
37,13,141.446206
35,15,141.474213
35,15,141.502218
26,24,141.547229
37,13,141.571234
26,24,141.616244
31,19,141.651252
38,12,141.674257
40,10,141.694262
32,18,141.728269
35,15,141.757275
30,20,141.793284
25,25,141.840295
-64,14,141.8663
32,18,141.900308
38,12,141.923313
30,20,141.959321
30,20,141.996329
30,20,142.034338
35,15,142.062344
-60,10,142.081348
35,15,142.110354
31,19,142.146363
36,14,142.172487
38,12,142.195492
36,14,142.221498
37,13,142.246504
26,24,142.292514
33,17,142.325521
27,23,142.369037
31,19,142.405045
35,15,142.433051
36,14,142.460057
-64,14,142.486063
34,16,142.516069
36,14,142.543076
38,12,142.567081
33,17,142.599088
38,12,142.622093
36,14,142.649099
34,16,142.680106
33,17,142.713113
31,19,142.748121
29,21,142.788135
26,24,142.832144
24,26,142.880281
38,12,142.903286
24,26,142.951297
33,17,142.983304
35,15,143.012311
31,19,143.047319
38,12,143.071326
36,14,143.098332
37,13,143.123338
40,10,143.142342
36,14,143.167348
32,18,143.202355
38,12,143.22436
35,15,143.254367
37,13,143.277372
-59,9,143.295376
30,20,143.333384
40,10,143.352389
36,14,143.378395
35,15,143.407401
38,12,143.430406
36,14,143.457412
32,18,143.49142
38,12,143.514425
34,16,143.545432
29,21,143.585442
37,13,144.366618
39,11,144.387623
29,21,144.424631
35,15,144.452637
36,14,144.478643
30,20,144.515652
26,24,144.561661
33,17,144.592669
35,15,144.618674
25,25,144.664685
34,16,144.693691
36,14,144.719697
27,23,144.761706
34,16,144.791713
29,21,144.828722
28,22,144.869731
-57,7,144.881733
39,11,144.902738
30,20,144.938746
42,8,144.954749
26,24,144.999762
32,18,145.03377
36,14,145.059776
32,18,145.091783
34,16,145.12179
32,18,145.153797
38,12,145.174801
36,14,145.200807
13,37,145.267823
33,17,145.29883
39,11,145.318834
36,14,145.34484
26,24,145.38785
37,13,145.410854
28,22,145.450863
34,16,145.48087
37,13,145.504875
-53,3,145.510877
31,19,145.544884
30,20,145.582016
36,14,145.607023
-62,12,145.631027
32,18,145.664035
39,11,145.684039
-60,10,145.702046
40,10,145.72105
37,13,145.744055
33,17,145.775062
31,19,145.81007
37,13,145.834076
-57,7,145.847078
-63,13,145.871083
36,14,145.897089
33,17,145.928097
33,17,145.960104
29,21,145.999112
34,16,146.029119
25,25,146.076129
35,15,146.104136
29,21,146.142144
35,15,146.17015
36,14,146.195156
31,19,146.230164
39,11,146.251169
36,14,146.277174
37,13,146.30118
42,8,146.316183
34,16,146.345189
32,18,146.379197
32,18,146.412205
29,21,146.450213
36,14,146.47722
42,8,146.492222
39,11,146.512227
33,17,146.543234
-57,7,146.557237
30,20,146.594245
35,15,146.623252
33,17,146.654259
33,17,146.686266
33,17,146.718273
36,14,146.744279
20,30,146.799291
29,21,146.8373
30,20,146.874308
38,12,146.895312
35,15,146.923319
28,22,146.964328
31,19,146.999336
28,22,147.038345
-54,4,147.047347
35,15,147.075353
33,17,147.10536
33,17,147.137367
40,10,147.156374
35,15,147.183667
26,24,147.228677
40,10,147.246681
19,31,147.304694
30,20,147.340702
40,10,147.358706
38,12,147.381711
37,13,147.405716
40,10,147.424721
39,11,147.445726
25,25,147.491749
32,18,147.524757
36,14,147.549765
34,16,147.578772
36,14,147.604777
34,16,147.633784
38,12,147.655789
24,26,147.7038
36,14,147.729805
39,11,147.74981
38,12,147.770814
-54,4,147.778817
39,11,147.798821
35,15,147.827827
-57,7,147.84083
22,28,147.892842
25,25,147.940031
35,15,147.96686
38,12,147.989865
-53,3,147.995867
-63,13,148.019872
28,22,148.059881
35,15,148.087887
38,12,148.108892
32,18,148.898191
26,24,148.941201
42,8,148.956204
39,11,148.977209
36,14,149.003215
38,12,149.02522
34,16,149.054227
34,16,149.083233
37,13,149.107238
-60,10,149.126242
37,13,149.150248
25,25,149.194257
35,15,149.223264
34,16,149.252388
28,22,149.292397
38,12,149.315403
34,16,149.346409
33,17,149.377417
37,13,149.401422
25,25,149.447432
40,10,149.466436
-58,8,149.48144
39,11,149.502445
28,22,149.542453
40,10,149.560457
42,8,149.57546
35,15,149.603467
-52,2,149.608468
35,15,149.636474
34,16,149.665481
-58,8,149.680484
26,24,149.725494
34,16,149.755501
41,9,149.771505
36,14,149.79751
35,15,149.826519
35,15,149.853525
26,24,149.897535
37,13,149.92054
-66,16,149.949547
41,9,149.968551
30,20,150.006559
20,30,150.060572
38,12,150.083577
-53,3,150.090579
38,12,150.112583
35,15,150.13959
42,8,150.155593
34,16,150.18572
38,12,150.208725
36,14,150.235734
40,10,150.253738
30,20,150.290746
24,26,150.338757
38,12,150.361762
38,12,150.383768
37,13,150.407773
39,11,150.428777
12,38,150.500793
38,12,150.523798
38,12,150.546804
26,24,150.590814
32,18,150.623821
35,15,150.651828
38,12,150.674833
34,16,150.704839
34,16,150.734846
37,13,150.758852
37,13,150.782857
36,14,150.808862
38,12,150.830867
-58,8,150.844871
38,12,150.867876
40,10,150.88788
33,17,150.919887
31,19,150.955895
37,13,150.981901
35,15,151.009908
35,15,151.038914
34,16,151.067921
24,26,151.115931
33,17,151.147939
29,21,151.186947
34,16,151.216954
32,18,151.250961
30,20,151.28797
30,20,151.325978
37,13,151.349984
-58,8,151.364987
29,21,151.403995
31,19,151.441004
31,19,151.476012
31,19,151.511019
37,13,151.536025
22,28,151.587037
31,19,151.623172
40,10,151.642176
39,11,151.66218
22,28,151.715192
40,10,151.733196
37,13,151.758202
40,10,151.777206
32,18,151.812214
40,10,151.831218
42,8,151.847221
35,15,151.875228
33,17,151.906235
33,17,151.938242
37,13,151.962247
26,24,152.006257
34,16,152.037265
38,12,152.059269
-55,5,152.068271
34,16,152.098278
-58,8,152.114281
-58,8,152.131285
38,12,152.15329
30,20,152.192299
35,15,152.220305
35,15,152.247311
35,15,152.277318
38,12,152.301323
40,10,152.319327
39,11,152.340332
32,18,152.373342
31,19,152.40735
38,12,152.430355
29,21,152.470364
37,13,152.49437
23,27,152.545381
35,15,152.572387
-61,11,152.594392
40,10,152.612396
36,14,152.638402
38,12,152.660407
37,13,152.685412
26,24,153.485481
40,10,153.505485
33,17,153.536492
34,16,153.566499
30,20,153.603637
34,16,153.633643
38,12,153.656648
29,21,153.696657
33,17,153.727664
36,14,153.75367
36,14,153.778676
40,10,153.79768
38,12,153.820685
32,18,153.853693
32,18,153.8867
38,12,153.909705
38,12,153.93171
35,15,153.960717
31,19,153.995724
30,20,154.033733
34,16,154.063739
32,18,154.096747
-63,13,154.122752
32,18,154.15576
-58,8,154.170764
38,12,154.192768
31,19,154.226776
26,24,154.272786
36,14,154.299792
28,22,154.340801
-52,2,154.345803
26,24,154.389812
34,16,154.419819
40,10,154.439823
42,8,154.455827
33,17,154.487834
-53,3,154.493836
36,14,154.519842
36,14,154.545847
-63,13,154.570853
34,16,154.59986
40,10,154.618864
34,16,154.648871
35,15,154.677877
36,14,154.703882
28,22,154.745892
40,10,154.764896
39,11,154.784901
38,12,154.807906
-57,7,154.82197
37,13,154.845917
29,21,154.883925
29,21,154.922934
40,10,154.941938
31,19,154.978947
34,16,155.008954
36,14,155.034959
35,15,155.062966
38,12,155.08597
-52,2,155.090972
35,15,155.118978
30,20,155.155986
31,19,155.191994
35,15,155.220001
23,27,155.268011
39,11,155.289016
24,26,155.338027
-60,10,155.357032
34,16,155.386038
-67,17,155.419045
38,12,155.44105
39,11,155.462054
38,12,155.484061
35,15,155.512068
36,14,155.540074
-58,8,155.556078
37,13,155.581083
39,11,155.602088
33,17,155.632094
-54,4,155.640097
-60,10,155.659101
34,16,155.689107
-60,10,155.708111
34,16,155.739119
32,18,155.772126
37,13,155.797131
42,8,155.812135
26,24,155.856145
32,18,155.889152
24,26,155.936162
41,9,155.953167
37,13,155.977172
32,18,156.01118
31,19,156.045187
31,19,156.081195
34,16,156.110202
39,11,156.131206
37,13,156.155212
33,17,156.186363
35,15,156.213369
-53,3,156.220371
38,12,156.242376
33,17,156.274383
-55,5,156.283385
40,10,156.301389
39,11,156.322394
38,12,156.345399
-53,3,156.351401
35,15,156.379407
-61,11,156.400411
38,12,156.423416
38,12,156.444421
33,17,156.476428
36,14,156.502434
37,13,156.525439
28,22,156.565448
39,11,156.587453
37,13,156.611459
36,14,156.636464
34,16,156.666471
-58,8,156.681474
39,11,156.702479
35,15,156.729485
36,14,156.755491
34,16,156.785497
36,14,156.811504
33,17,156.843511
-59,9,156.860514
-63,13,156.88552
-76,26,156.932531
33,17,156.963537
30,20,157.001546
30,20,157.038554
37,13,157.062559
42,8,157.077563
30,20,157.113571
36,14,157.139577
39,11,157.159581
35,15,157.186587
33,17,157.218595
22,28,157.269611
37,13,157.294616
-52,2,157.298617
36,14,158.086798
37,13,158.111804
37,13,158.136809
33,17,158.167967
32,18,158.203974
30,20,158.242983
19,31,158.299996
38,12,158.321
34,16,158.352007
35,15,158.381014
36,14,158.40702
31,19,158.443144
26,24,158.487154
34,16,158.517161
32,18,158.550168
36,14,158.578174
40,10,158.597179
34,16,158.627185
36,14,158.654191
39,11,158.674196
33,17,158.706203
34,16,158.73721
39,11,158.757215
35,15,158.786221
-52,2,158.790222
31,19,158.82723
29,21,158.868241
40,10,158.887245
38,12,158.90925
38,12,158.931255
26,24,158.977266
36,14,159.004272
33,17,159.037279
26,24,159.081289
-62,12,159.104295
42,8,159.120298
35,15,159.149304
39,11,159.170309
-59,9,159.187312
32,18,159.224323
36,14,159.249329
31,19,159.284337
35,15,159.311347
42,8,159.326351
15,35,159.390366
38,12,159.41337
-57,7,159.426373
35,15,159.45438
-60,10,159.473384
39,11,159.495389
33,17,159.526396
33,17,159.558403
36,14,159.584409
34,16,159.614415
38,12,159.63742
37,13,159.661426
28,22,159.702435
35,15,159.730442
-64,14,159.755447
38,12,159.778452
34,16,159.808571
40,10,159.828575
33,17,159.860583
34,16,159.890589
36,14,159.917595
28,22,159.959605
33,17,159.990612
34,16,160.020618
25,25,160.066629
31,19,160.101637
37,13,160.126642
21,29,160.181654
29,21,160.220663
38,12,160.243668
37,13,160.266673
32,18,160.301681
37,13,160.326687
35,15,160.354693
36,14,160.380699
32,18,160.412706
31,19,160.447714
37,13,160.471719
32,18,160.505727
33,17,160.537734
39,11,160.557739
37,13,160.582744
33,17,160.614751
-57,7,160.628754
25,25,160.676767
26,24,160.722778
32,18,160.755785
36,14,160.780791
30,20,160.818799
28,22,160.859934
34,16,160.890941
29,21,160.93095
26,24,160.973959
35,15,161.001966
36,14,161.027972
21,29,161.080983
23,27,161.130109
34,16,161.161116
35,15,161.187122
33,17,161.220129
38,12,161.242134
-60,10,161.261138
37,13,161.285144
31,19,161.320151
31,19,161.355159
-59,9,161.372163
36,14,161.399169
38,12,161.421174
33,17,161.451181
24,26,161.498191
36,14,161.524197
35,15,161.552203
33,17,161.58421
28,22,161.624219
37,13,161.649225
37,13,161.673231
32,18,161.707238
34,16,161.737245
37,13,161.76125
37,13,161.786762
36,14,161.812767
25,25,161.859778
35,15,161.887784
38,12,162.66472
-57,7,162.679724
30,20,162.716731
-68,18,162.748739
-62,12,162.771744
23,27,162.819755
26,24,162.862765
23,27,162.912775
31,19,162.947785
32,18,162.981793
38,12,163.003798
25,25,163.048808
40,10,163.068812
32,18,163.100819
38,12,163.122825
34,16,163.152831
40,10,163.171835
34,16,163.202842
-60,10,163.221846
34,16,163.252854
35,15,163.27986
36,14,163.305865
37,13,163.330871
38,12,163.353876
31,19,163.388886
36,14,163.413891
30,20,163.4519
37,13,163.475905
28,22,163.514914
29,21,163.552922
32,18,163.58693
25,25,163.632941
36,14,163.657946
26,24,163.701956
29,21,163.740964
31,19,163.775973
36,14,163.800978
20,30,163.85399
28,22,163.894999
35,15,163.923005
37,13,163.947011
33,17,163.977017
35,15,164.005157
33,17,164.037164
34,16,164.06617
39,11,164.088175
34,16,164.118181
38,12,164.141187
29,21,164.178195
29,21,164.216204
-54,4,164.225206
36,14,164.249211
-62,12,164.271216
42,8,164.286219
37,13,164.310225
27,23,164.353234
30,20,164.390243
33,17,164.421249
36,14,164.448256
36,14,164.475262
34,16,164.504268
30,20,164.540277
24,26,164.589287
37,13,164.614292
24,26,164.661444
-57,7,164.675448
38,12,164.698452
36,14,164.723458
38,12,164.746463
35,15,164.774994
23,27,164.825014
32,18,164.858021
33,17,164.888028
38,12,164.910033
32,18,164.944041
35,15,164.972047
40,10,164.991051
38,12,165.014057
36,14,165.040063
38,12,165.062067
34,16,165.092073
38,12,165.114081
32,18,165.147088
13,37,165.214103
36,14,165.239109
41,9,165.256113
36,14,165.282118
30,20,165.319127
16,34,165.382141
29,21,165.42115
35,15,165.448155
-56,6,165.460158
40,10,165.479164
37,13,165.50417
42,8,165.519174
32,18,165.551182
35,15,165.579188
32,18,165.612195
39,11,165.632199
37,13,165.657337
36,14,165.682342
33,17,165.71335
32,18,165.745357
39,11,165.765361
37,13,165.790367
27,23,165.831376
33,17,165.863384
40,10,165.881387
32,18,165.915395
30,20,165.953403
38,12,165.975408
40,10,165.993412
35,15,166.021418
35,15,166.048424
24,26,166.094435
38,12,166.11744
32,18,166.151448
35,15,166.178453
33,17,166.210461
23,27,166.260472
37,13,166.283479
29,21,166.322488
31,19,166.358496
25,25,166.403506
37,13,166.426512
39,11,167.202934
15,35,167.269074
33,17,167.301081
-57,7,167.314084
24,26,167.363095
22,28,167.417107
29,21,167.456115
33,17,167.489123
28,22,167.528132
32,18,167.563139
37,13,167.587145
29,21,167.626153
21,29,167.681166
38,12,167.704171
26,24,167.748181
35,15,167.777187
39,11,167.798192
34,16,167.828199
35,15,167.856205
34,16,167.886212
26,24,167.931222
37,13,167.955227
33,17,167.987235
25,25,168.033245
38,12,168.05525
37,13,168.080255
38,12,168.10226
38,12,168.125266
40,10,168.144269
31,19,168.178405
36,14,168.204411
37,13,168.228417
32,18,168.262424
-53,3,168.268425
35,15,168.297432
33,17,168.328439
33,17,168.358445
37,13,168.381451
26,24,168.426463
37,13,168.449468
30,20,168.486476
38,12,168.507481
37,13,168.530486
39,11,168.551491
37,13,168.575497
37,13,168.598501
32,18,168.631509
40,10,168.650513
38,12,168.671518
36,14,168.696524
35,15,168.72453
33,17,168.756537
40,10,168.775555
39,11,168.79556
37,13,168.820565
37,13,168.84357
37,13,168.867576
25,25,168.913588
35,15,168.941594
34,16,168.972601
39,11,168.992606
37,13,169.016611
40,10,169.035616
32,18,169.067623
33,17,169.09963
30,20,169.136638
34,16,169.167645
28,22,169.209655
-59,9,169.227659
37,13,169.250663
39,11,169.271668
36,14,169.297674
34,16,169.327827
42,8,169.34283
40,10,169.362835
24,26,169.410846
25,25,169.455855
37,13,169.481861
34,16,169.510868
34,16,169.541875
-54,4,169.548876
31,19,169.584884
31,19,169.620892
33,17,169.651899
39,11,169.671904
29,21,169.708912
29,21,169.746921
38,12,169.769926
27,23,169.812935
33,17,169.844943
33,17,169.874949
30,20,169.911958
30,20,169.948966
27,23,169.990975
35,15,170.018981
30,20,170.05499
34,16,170.083996
31,19,170.120004
28,22,170.160013
37,13,170.185019
22,28,170.235033
36,14,170.262039
41,9,170.278044
34,16,170.308051
30,20,170.34606
37,13,170.371065
35,15,170.398071
34,16,170.429078
30,20,170.467087
36,14,170.493092
32,18,170.5271
35,15,170.555106
-57,7,170.57011
33,17,170.602117
35,15,170.630123
31,19,170.666397
36,14,170.692403
35,15,170.72041
37,13,170.745415
20,30,170.800427
-65,15,170.827433
36,14,170.854439
33,17,170.885446
-53,3,170.891448
32,18,170.925456
24,26,170.973466
33,17,171.006473
38,12,171.777651
28,22,171.81866
35,15,171.845666
34,16,171.876673
35,15,171.904679
40,10,171.922683
36,14,171.948689
37,13,171.972839
33,17,172.003846
39,11,172.023851
32,18,172.056858
25,25,172.103869
37,13,172.127874
31,19,172.162882
31,19,172.19889
29,21,172.237898
39,11,172.258409
27,23,172.302542
42,8,172.318545
36,14,172.343551
-64,14,172.370557
34,16,172.400564
38,12,172.422569
39,11,172.442573
34,16,172.47358
36,14,172.500586
36,14,172.527592
37,13,172.551597
30,20,172.588606
37,13,172.612611
30,20,172.64962
-52,2,172.653621
27,23,172.69563
31,19,172.730638
34,16,172.760644
38,12,172.783649
32,18,172.817657
28,22,172.857666
36,14,172.884673
-55,5,172.894674
-59,9,172.911678
26,24,172.956689
27,23,172.998476
-56,6,173.010478
40,10,173.029483
34,16,173.05949
36,14,173.085495
32,18,173.118503
39,11,173.139507
30,20,173.177516
26,24,173.221526
36,14,173.247532
34,16,173.278539
21,29,173.332248
37,13,173.358254
35,15,173.386261
38,12,173.408265
18,32,173.467279
37,13,173.491284
33,17,173.523292
38,12,173.546296
38,12,173.569302
38,12,173.592307
33,17,173.624314
35,15,173.65232
35,15,173.679326
17,33,173.74134
40,10,173.760344
21,29,173.813356
21,29,173.866368
40,10,173.885372
19,31,173.942385
29,21,173.981394
37,13,174.006399
35,15,174.034405
34,16,174.065413
37,13,174.090418
37,13,174.114423
40,10,174.136428
31,19,174.171436
32,18,174.204443
38,12,174.227449
22,28,174.279461
37,13,174.303466
37,13,174.328471
30,20,174.366482
35,15,174.394488
37,13,174.418493
27,23,174.461503
36,14,174.487509
36,14,174.512515
31,19,174.548522
33,17,174.580529
34,16,174.610536
-58,8,174.624539
37,13,174.649545
25,25,174.695555
33,17,174.727562
29,21,174.766702
35,15,174.795708
32,18,174.829716
19,31,174.886729
35,15,174.915735
38,12,174.93774
30,20,174.974748
30,20,175.012757
40,10,175.031761
37,13,175.054767
36,14,175.081773
37,13,175.107778
39,11,175.128783
26,24,175.173793
39,11,175.193797
22,28,175.245809
35,15,175.274815
38,12,175.297821
39,11,175.318825
40,10,175.336829
-56,6,175.348832
37,13,175.373838
36,14,175.399844
31,19,175.434852
38,12,175.457856
36,14,175.482862
38,12,175.505867
37,13,175.529873
37,13,175.553878
28,22,175.594887
-59,9,176.361211
34,16,176.392218
37,13,176.416223
40,10,176.434345
39,11,176.455349
38,12,176.476354
29,21,176.515363
26,24,176.561373
36,14,176.586378
35,15,176.614385
31,19,176.648393
37,13,176.674401
40,10,176.692405
36,14,176.71841
38,12,176.739415
30,20,176.776423
37,13,176.800429
34,16,176.827435
36,14,176.853441
35,15,176.882447
30,20,176.919455
29,21,176.958464
40,10,176.977468
36,14,177.003476
37,13,177.026481
31,19,177.062489
33,17,177.094496
34,16,177.123503
34,16,177.151509
36,14,177.176515
39,11,177.198519
34,16,177.228526
33,17,177.258533
37,13,177.281538
35,15,177.309548
33,17,177.341555
25,25,177.386565
36,14,177.411571
35,15,177.439577
36,14,177.464583
28,22,177.504591
35,15,177.532598
29,21,177.570606
38,12,177.591611
35,15,177.619617
32,18,177.653625
31,19,177.686632
39,11,177.708637
34,16,177.736644
36,14,177.762649
35,15,177.790656
39,11,177.81066
28,22,177.850669
39,11,177.871674
36,14,177.895679
37,13,177.920685
35,15,177.947691
33,17,177.978698
35,15,178.005704
36,14,178.03071
37,13,178.054715
32,18,178.087723
40,10,178.106727
38,12,178.128731
-54,4,178.136733
35,15,178.16574
38,12,178.188745
37,13,178.213751
38,12,178.235755
41,9,178.252759
34,16,178.281765
34,16,178.310772
37,13,178.336777
36,14,178.361783
36,14,178.387789
36,14,178.414795
40,10,178.431799
26,24,178.476809
34,16,178.505816
36,14,178.531821
35,15,178.559827
25,25,178.607625
29,21,178.646634
38,12,178.668639
36,14,178.693645
26,24,178.737654
29,21,178.776663
24,26,178.822673
33,17,178.854681
39,11,178.875685
35,15,178.903692
29,21,178.9417
33,17,178.971822
39,11,178.991826
39,11,179.011831
35,15,179.039837
29,21,179.077845
34,16,179.106853
38,12,179.128857
34,16,179.157864
-60,10,179.177868
37,13,179.200873
31,19,179.23488
37,13,179.259887
36,14,179.284892
28,22,179.325901
30,20,179.362909
36,14,179.388915
38,12,179.41092
40,10,179.428924
32,18,179.462931
33,17,179.494939
33,17,179.526946
38,12,179.548951
34,16,179.577971
-62,12,179.600976
35,15,179.629983
36,14,179.655989
36,14,179.679994
39,11,179.699999
26,24,179.743008
29,21,179.782017
39,11,179.802021
35,15,179.830028
29,21,179.869036
34,16,179.898043
33,17,179.93005
40,10,179.948054
34,16,179.977061
38,12,179.999065
38,12,180.02107
40,10,180.040075
39,11,180.060079
28,22,180.101088
29,21,180.890267
37,13,180.915273
36,14,180.940279
-59,9,180.957282
36,14,180.983288
39,11,181.003293
24,26,181.052306
40,10,181.07031
35,15,181.097316
36,14,181.123321
39,11,181.143326
32,18,181.176333
40,10,181.194337
36,14,181.220343
37,13,181.243348
34,16,181.273355
37,13,181.29836
40,10,181.316364
34,16,181.345371
27,23,181.388381
33,17,181.418387
39,11,181.441392
29,21,181.479401
32,18,181.512408
38,12,181.534414
33,17,181.566421
29,21,181.605429
40,10,181.624434
32,18,181.657557
36,14,181.683563
36,14,181.709569
28,22,181.749578
35,15,181.777586
42,8,181.79259
38,12,181.814595
38,12,181.837603
30,20,181.874611
37,13,181.897616
33,17,181.928623
40,10,181.946627
35,15,181.975634
37,13,182.000639
40,10,182.018643
39,11,182.038648
37,13,182.062653
36,14,182.088659
40,10,182.106663
36,14,182.133669
36,14,182.159675
39,11,182.179679
35,15,182.207685
40,10,182.22669
32,18,182.258697
37,13,182.282702
42,8,182.297705
31,19,182.331852
38,12,182.353857
40,10,182.372861
32,18,182.405868
35,15,182.432875
33,17,182.463881
35,15,182.492888
36,14,182.518893
36,14,182.5449
39,11,182.565904
38,12,182.587909
39,11,182.607913
32,18,182.63992
31,19,182.675929
40,10,182.693933
23,27,182.742944
33,17,182.774951
37,13,182.798956
36,14,182.825963
40,10,182.843966
32,18,182.876976
38,12,182.898982
39,11,182.918986
36,14,182.944991
33,17,182.975998
27,23,183.018008
32,18,183.051015
31,19,183.085023
36,14,183.110028
38,12,183.132033
37,13,183.156039
37,13,183.180044
36,14,183.20505
38,12,183.229055
30,20,183.266063
29,21,183.305072
29,21,183.344081
37,13,183.368087
36,14,183.393092
38,12,183.415097
30,20,183.451104
28,22,183.490113
38,12,183.513119
37,13,183.537124
33,17,183.579134
35,15,183.617141
-54,4,183.627144
31,19,183.676155
36,14,183.713689
38,12,183.743695
37,13,183.776703
29,21,183.828714
37,13,183.861722
35,15,183.899731
23,27,183.970746
27,23,184.029762
21,29,184.108787
39,11,184.137793
30,20,184.187804
34,16,184.228813
36,14,184.265822
35,15,184.304351
37,13,184.338358
-64,14,184.377368
39,11,184.406374
36,14,184.443384
41,9,184.465389
36,14,184.503397
30,20,184.554409
33,17,184.599419
37,13,184.635427
41,9,184.656432
33,17,184.699442
33,17,184.742451
37,13,184.776459
35,15,184.813467
30,20,184.867479
34,16,184.907487
-52,2,184.912489
30,20,184.9635
19,31,185.046519
38,12,185.078526
34,16,185.909726
40,10,185.92973
37,13,185.954736
39,11,185.97574
25,25,186.023752
40,10,186.042755
35,15,186.071762
38,12,186.095767
30,20,186.132776
30,20,186.170784
40,10,186.188788
-66,16,186.218794
39,11,186.2398
37,13,186.262805
31,19,186.297812
36,14,186.324819
37,13,186.348824
42,8,186.363828
40,10,186.383832
36,14,186.408837
33,17,186.440844
35,15,186.469851
34,16,186.498857
38,12,186.521862
22,28,186.574875
31,19,186.609882
-52,2,186.613883
-52,2,186.617884
38,12,186.63989
42,8,186.653892
33,17,186.6849
40,10,186.704905
31,19,186.739911
38,12,186.760916
25,25,186.807927
38,12,186.831933
33,17,186.86294
40,10,186.881943
29,21,186.921952
31,19,186.95896
39,11,186.978965
37,13,187.00297
35,15,187.029977
38,12,187.051981
39,11,187.072986
39,11,187.09299
32,18,187.126998
33,17,187.160005
37,13,187.185011
36,14,187.213017
-59,9,187.231021
32,18,187.265029
28,22,187.304037
35,15,187.332047
35,15,187.361053
38,12,187.384059
37,13,187.409065
38,12,187.431069
34,16,187.460075
35,15,187.487082
36,14,187.513088
40,10,187.532092
38,12,187.554097
40,10,187.573101
40,10,187.592105
35,15,187.620112
28,22,187.662122
35,15,187.691127
26,24,187.736137
40,10,187.755141
39,11,187.775146
-52,2,187.780147
39,11,187.801152
38,12,187.824157
36,14,187.850164
36,14,187.876169
39,11,187.897174
38,12,187.919179
35,15,187.947185
40,10,187.966189
34,16,187.995196
36,14,188.020201
37,13,188.045207
35,15,188.074213
35,15,188.10222
29,21,188.142228
36,14,188.168234
38,12,188.19124
36,14,188.216245
34,16,188.246252
35,15,188.274258
35,15,188.303264
38,12,188.325269
40,10,188.343273
37,13,188.367412
34,16,188.397419
37,13,188.422425
32,18,188.457433
37,13,188.481439
34,16,188.511444
36,14,188.53845
38,12,188.560455
23,27,188.611466
42,8,188.62647
-53,3,188.632471
42,8,188.647475
32,18,188.681482
40,10,188.700487
34,16,188.730493
39,11,188.752499
40,10,188.771502
38,12,188.794508
40,10,188.813512
37,13,188.839518
35,15,188.866524
35,15,188.89453
32,18,188.927537
35,15,188.956544
27,23,188.998554
36,14,189.023559
35,15,189.052565
34,16,189.081572
36,14,189.106577
33,17,189.138585
40,10,189.158589
40,10,189.176594
32,18,189.212601
39,11,189.232606
38,12,189.256611
32,18,189.290619
40,10,189.310623
-60,10,189.329627
42,8,189.345631
32,18,189.379638
39,11,189.401644
42,8,189.416647
36,14,189.443653
28,22,189.486662
35,15,189.514668
-52,2,189.51867
-58,8,189.534673
36,14,189.562679
-53,3,189.568681
38,12,189.592686
30,20,189.630694
38,12,189.6537
38,12,189.677708
38,12,189.699713
35,15,189.728719
34,16,190.51502
39,11,190.538026
40,10,190.55703
40,10,190.576034
38,12,190.598039
34,16,190.628046
-61,11,190.64905
20,30,190.705063
37,13,190.730069
35,15,190.757075
38,12,190.779079
37,13,190.804085
27,23,190.848095
36,14,190.875101
36,14,190.901107
40,10,190.920111
39,11,190.941116
33,17,190.972123
38,12,190.994128
26,24,191.040138
25,25,191.087148
34,16,191.116289
35,15,191.144295
38,12,191.1663
26,24,191.211309
-52,2,191.21531
40,10,191.234315
41,9,191.251318
38,12,191.274324
40,10,191.292328
37,13,191.317333
37,13,191.340338
39,11,191.360343
40,10,191.378347
37,13,191.403352
37,13,191.427358
37,13,191.451363
32,18,191.484371
38,12,191.507376
33,17,191.538383
38,12,191.561388
41,9,191.578392
38,12,191.600396
34,16,191.630403
36,14,191.657409
37,13,191.682415
40,10,191.700419
21,29,191.755431
35,15,191.784438
34,16,191.813444
32,18,191.847452
32,18,191.881459
32,18,191.917468
30,20,191.955476
38,12,191.976481
36,14,192.003487
38,12,192.026492
32,18,192.060499
37,13,192.084505
36,14,192.110511
40,10,192.130515
29,21,192.168524
33,17,192.199531
35,15,192.227537
-60,10,192.246541
37,13,192.271547
37,13,192.295552
40,10,192.314556
39,11,192.335561
-61,11,192.357569
34,16,192.387576
39,11,192.40758
34,16,192.438587
40,10,192.456591
38,12,192.479596
36,14,192.505602
36,14,192.531608
39,11,192.552613
36,14,192.578619
39,11,192.599623
35,15,192.628632
40,10,192.647636
32,18,192.681647
40,10,192.700651
41,9,192.717654
41,9,192.734659
38,12,192.757663
37,13,192.782669
40,10,192.800673
35,15,192.827679
38,12,192.850684
29,21,192.889693
30,20,192.926702
32,18,192.960709
37,13,192.984715
38,12,193.007719
36,14,193.034726
40,10,193.05373
32,18,193.086737
39,11,193.107742
37,13,193.131747
36,14,193.157757
39,11,193.178761
35,15,193.206768
33,17,193.238775
29,21,193.278784
41,9,193.295788
37,13,193.319793
40,10,193.339797
30,20,193.378806
-61,11,193.398811
40,10,193.417815
34,16,193.447822
31,19,193.48283
30,20,193.520838
28,22,193.560847
33,17,193.592854
31,19,193.628862
28,22,193.668871
38,12,193.690876
30,20,193.727884
39,11,193.748889
36,14,193.774895
42,8,193.789898
29,21,193.82891
37,13,193.852915
35,15,193.87992
32,18,193.912928
35,15,193.940934
34,16,193.970941
40,10,193.989056
36,14,194.015062
37,13,194.040067
34,16,194.068074
39,11,194.089078
37,13,194.113084
37,13,194.137089
34,16,194.166096
38,12,194.188101
35,15,194.21611
36,14,194.243115
37,13,194.266121
36,14,194.293127
40,10,194.311131
-52,2,194.315131
33,17,194.348139
31,19,195.142435
38,12,195.16444
38,12,195.187445
-62,12,195.20945
36,14,195.236456
-63,13,195.261462
37,13,195.285467
32,18,195.318474
40,10,195.337478
37,13,195.361486
32,18,195.394493
-59,9,195.411497
34,16,195.441504
38,12,195.462509
-62,12,195.485514
-58,8,195.500517
-54,4,195.508519
35,15,195.536525
38,12,195.558534
31,19,195.595541
34,16,195.624547
38,12,195.647553
36,14,195.674559
34,16,195.703566
38,12,195.72657
42,8,195.741574
34,16,195.77058
40,10,195.789585
37,13,195.812589
36,14,195.838596
29,21,195.876604
32,18,195.908611
41,9,195.925615
36,14,195.951621
34,16,195.980627
34,16,196.010634
38,12,196.03364
40,10,196.051643
38,12,196.074648
39,11,196.093652
-54,4,196.101654
40,10,196.121659
27,23,196.163668
38,12,196.186673
34,16,196.215681
35,15,196.243686
34,16,196.273693
40,10,196.291697
34,16,196.322704
-56,6,196.333706
36,14,196.359712
37,13,196.383717
36,14,196.408723
42,8,196.423726
36,14,196.449732
35,15,196.47774
29,21,196.515747
27,23,196.559757
-59,9,196.576761
-52,2,196.580761
31,19,196.614769
35,15,196.642775
36,14,196.668781
37,13,196.691787
32,18,196.724794
39,11,196.746799
37,13,196.770804
16,34,196.831818
42,8,196.847821
40,10,196.865825
34,16,196.895832
34,16,196.92584
39,11,196.946844
34,16,196.97585
38,12,196.997855
42,8,197.013859
37,13,197.038864
35,15,197.065871
39,11,197.085875
36,14,197.11188
39,11,197.132885
39,11,197.153889
39,11,197.173894
35,15,197.202901
36,14,197.228907
33,17,197.259914
39,11,197.279918
35,15,197.308924
29,21,197.346933
31,19,197.381941
34,16,197.411077
38,12,197.435083
41,9,197.451086
31,19,197.487094
-52,2,197.491095
37,13,197.5151
-57,7,197.528104
39,11,197.548108
36,14,197.574113
34,16,197.60312
33,17,197.635128
39,11,197.656133
36,14,197.682138
33,17,197.714145
34,16,197.742151
33,17,197.774158
31,19,197.809167
39,11,197.829171
36,14,197.857177
42,8,197.872181
40,10,197.890185
38,12,197.912189
-55,5,197.922192
38,12,197.945196
33,17,197.976203
38,12,197.998209
36,14,198.024214
39,11,198.045219
30,20,198.081227
38,12,198.104232
28,22,198.145241
37,13,198.169247
26,24,198.211256
33,17,198.243263
42,8,198.258267
34,16,198.288274
32,18,198.322281
36,14,198.348287
30,20,198.386299
-56,6,198.397667
40,10,198.416671
40,10,198.434675
38,12,198.45768
40,10,198.475685
40,10,198.494689
-61,11,198.514693
35,15,198.541699
40,10,198.559704
38,12,198.582708
28,22,198.623718
-66,16,198.653724
36,14,198.67973
35,15,198.708737
28,22,198.747745
36,14,198.774751
34,16,198.803758
33,17,198.834765
38,12,198.85577
-52,2,198.860771
37,13,198.884776
33,17,198.916783
36,14,199.707049
32,18,199.739056
37,13,199.762062
-65,15,199.791068
34,16,199.820075
42,8,199.835078
35,15,199.863084
38,12,199.885089
37,13,199.909094
42,8,199.924098
37,13,199.948103
35,15,199.977109
40,10,199.995113
37,13,200.020119
35,15,200.048125
31,19,200.083133
40,10,200.101138
33,17,200.133144
-52,2,200.137145
40,10,200.156149
38,12,200.179155
30,20,200.216163
38,12,200.238168
30,20,200.276183
35,15,200.304185
39,11,200.324189
-53,3,200.33019
33,17,200.361197
31,19,200.397205
40,10,200.41521
39,11,200.435214
40,10,200.453218
36,14,200.479224
38,12,200.501229
32,18,200.534236
39,11,200.555241
40,10,200.574245
40,10,200.592249
35,15,200.619258
39,11,200.640262
30,20,200.678426
34,16,200.706432
39,11,200.727437
40,10,200.745441
22,28,200.796452
31,19,200.83046
38,12,200.853465
37,13,200.877471
38,12,200.899476
36,14,200.926482
36,14,200.951487
39,11,200.972492
40,10,200.990495
39,11,201.011501
26,24,201.05451
37,13,201.078516
39,11,201.09852
33,17,201.129527
37,13,201.153532
37,13,201.178537
40,10,201.198542
35,15,201.226548
36,14,201.251554
36,14,201.27856
37,13,201.303566
37,13,201.327571
35,15,201.35558
-53,3,201.361582
30,20,201.39759
34,16,201.427596
31,19,201.462604
39,11,201.482609
31,19,201.517617
33,17,201.550624
40,10,201.569628
38,12,201.591633
40,10,201.610637
39,11,201.630642
38,12,201.651647
38,12,201.674652
38,12,201.695656
38,12,201.718661
38,12,201.741667
38,12,201.763671
31,19,201.79868
38,12,201.820685
29,21,201.857692
40,10,201.876697
35,15,201.905703
39,11,201.925708
38,12,201.948713
37,13,201.971718
38,12,201.993723
-58,8,202.008726
26,24,202.053736
32,18,202.086744
39,11,202.106749
39,11,202.126753
34,16,202.15776
36,14,202.182766
34,16,202.211772
32,18,202.244779
36,14,202.270785
39,11,202.289789
30,20,202.326797
38,12,202.348802
37,13,202.373808
35,15,202.400932
34,16,202.430938
36,14,202.456944
42,8,202.471948
35,15,202.499954
38,12,202.521959
40,10,202.540963
38,12,202.562968
-52,2,202.566969
-52,2,202.57097
37,13,202.595976
38,12,202.618981
40,10,202.636985
37,13,202.66099
35,15,202.687996
31,19,202.722004
33,17,202.753011
30,20,202.789019
33,17,202.820026
38,12,202.843031
42,8,202.857034
37,13,202.88204
40,10,202.900044
34,16,202.92905
39,11,202.950057
41,9,202.967061
39,11,202.987065
36,14,203.013071
38,12,203.035076
40,10,203.05408
36,14,203.078085
35,15,203.105092
39,11,203.125096
37,13,203.149101
38,12,203.171106
32,18,203.204114
38,12,203.226118
40,10,203.244122
40,10,203.263127
37,13,203.287133
35,15,203.315139
32,18,203.347145
35,15,203.375152
40,10,203.395156
35,15,203.423162
38,12,203.446168
34,16,204.227345
36,14,204.254351
40,10,204.272355
30,20,204.310364
28,22,204.352373
35,15,204.381379
36,14,204.407385
36,14,204.432391
35,15,204.4614
41,9,204.478404
35,15,204.507412
30,20,204.54442
38,12,204.566425
32,18,204.600433
40,10,204.618437
37,13,204.641443
41,9,204.658446
35,15,204.687453
33,17,204.717459
30,20,204.753467
34,16,204.783474
37,13,204.80748
40,10,204.826484
39,11,204.847488
-57,7,204.861491
25,25,204.907502
39,11,204.928506
33,17,204.959513
34,16,204.98952
38,12,205.012526
37,13,205.03653
33,17,205.068538
39,11,205.089542
33,17,205.12155
-56,6,205.133552
37,13,205.157557
41,9,205.174561
32,18,205.207569
39,11,205.228574
40,10,205.246578
38,12,205.269583
37,13,205.292588
34,16,205.321594
34,16,205.351601
31,19,205.385609
38,12,205.407614
31,19,205.443621
37,13,205.467627
39,11,205.488632
26,24,205.532642
37,13,205.557647
32,18,205.589654
38,12,205.611659
35,15,205.638665
36,14,205.664671
40,10,205.682676
38,12,205.70568
40,10,205.723685
37,13,205.747689
36,14,205.773696
40,10,205.7927
34,16,205.821707
34,16,205.851713
-52,2,205.855714
40,10,205.874718
40,10,205.892722
32,18,205.92673
38,12,205.949735
36,14,205.974741
37,13,205.998746
39,11,206.01875
36,14,206.043756
37,13,206.067761
40,10,206.086766
-52,2,206.090767
35,15,206.118773
38,12,206.140778
37,13,206.165783
35,15,206.19279
-56,6,206.203792
40,10,206.222796
40,10,206.2428
37,13,206.265806
38,12,206.287813
40,10,206.306817
35,15,206.333825
37,13,206.35783
37,13,206.381836
34,16,206.411843
34,16,206.439849
37,13,206.462854
29,21,206.500863
31,19,206.53487
35,15,206.562877
35,15,206.590883
39,11,206.611887
38,12,206.634892
36,14,206.660898
39,11,206.680903
34,16,206.708909
30,20,206.745917
27,23,206.787926
37,13,206.810932
30,20,206.84794
39,11,206.867945
39,11,206.888949
33,17,206.920956
37,13,206.946962
39,11,206.966967
37,13,206.991972
31,19,207.02598
37,13,207.049985
38,12,207.071991
33,17,207.102998
34,16,207.132004
38,12,207.154009
37,13,207.177013
33,17,207.20802
34,16,207.238027
40,10,207.257031
39,11,207.277036
30,20,207.315045
35,15,207.343051
31,19,207.378059
38,12,207.401064
37,13,207.426209
39,11,207.446213
37,13,207.470219
38,12,207.491224
38,12,207.513229
35,15,207.542235
38,12,207.56424
34,16,207.593247
37,13,207.616252
39,11,207.636256
37,13,207.659261
35,15,207.686267
38,12,207.709273
38,12,207.731277
34,16,207.762284
36,14,207.78929
37,13,207.812295
-58,8,207.828299
40,10,207.846303
34,16,207.87531
36,14,207.901315
34,16,207.931322
31,19,207.96633
38,12,207.988335
39,11,208.00934
37,13,208.784515
40,10,208.803519
39,11,208.824524
39,11,208.846661
39,11,208.866666
37,13,208.891671
39,11,208.912678
40,10,208.931683
40,10,208.949687
39,11,208.970691
39,11,208.991697
39,11,209.012701
40,10,209.030704
36,14,209.058711
26,24,209.103721
27,23,209.14473
37,13,209.169736
31,19,209.204744
40,10,209.225749
-60,10,209.244753
33,17,209.277265
25,25,209.324283
33,17,209.356285
36,14,209.382291
38,12,209.404296
35,15,209.431301
33,17,209.463309
34,16,209.492316
35,15,209.521322
35,15,209.549328
28,22,209.590337
-58,8,209.605341
31,19,209.642349
38,12,209.665354
35,15,209.69436
40,10,209.713365
41,9,209.730368
36,14,209.757375
31,19,209.792383
-55,5,209.804385
40,10,209.823389
40,10,209.841393
36,14,209.868399
40,10,209.887404
-65,15,209.91541
31,19,209.951418
30,20,209.990201
-60,10,210.009203
39,11,210.031207
42,8,210.046211
40,10,210.064215
24,26,210.113226
35,15,210.140232
-55,5,210.150234
38,12,210.172239
35,15,210.200391
39,11,210.221396
35,15,210.249402
35,15,210.278409
38,12,210.300414
35,15,210.328422
36,14,210.355428
37,13,210.379433
33,17,210.41044
32,18,210.444448
40,10,210.463452
35,15,210.491458
35,15,210.519464
23,27,210.571476
34,16,210.601483
29,21,210.641492
38,12,210.663497
36,14,210.691503
40,10,210.710507
29,21,210.748516
38,12,210.772521
-56,6,210.783524
37,13,210.807529
38,12,210.831535
-68,18,210.865542
38,12,210.888547
38,12,210.910552
-60,10,210.930557
39,11,210.951561
29,21,210.99257
36,14,211.018576
35,15,211.045584
30,20,211.083594
36,14,211.1106
38,12,211.131605
35,15,211.160612
39,11,211.180616
33,17,211.213624
34,16,211.24263
34,16,211.272636
36,14,211.299643
34,16,211.329649
36,14,211.355655
38,12,211.37766
35,15,211.406667
37,13,211.430672
40,10,211.448676
38,12,211.472681
36,14,211.498687
40,10,211.516691
38,12,211.539696
37,13,211.562701
36,14,211.588707
35,15,211.617714
38,12,211.639719
42,8,211.655722
-52,2,211.660723
38,12,211.682728
30,20,211.719738
39,11,211.741746
38,12,211.76375
31,19,211.798758
37,13,211.822763
36,14,211.849769
38,12,211.872775
29,21,211.910783
38,12,211.933788
27,23,211.975798
37,13,211.999803
36,14,212.026809
31,19,212.061817
-52,2,212.065818
28,22,212.107827
34,16,212.136834
37,13,212.160839
40,10,212.178843
39,11,212.199848
34,16,212.228854
36,14,212.255861
36,14,212.281867
36,14,212.307872
35,15,212.336878
33,17,212.368886
34,16,212.398893
41,9,212.415896
40,10,212.4349
32,18,212.469034
39,11,212.490039
40,10,212.508043
23,27,212.558054
32,18,212.592062
36,14,212.619068
36,14,213.402246
36,14,213.429251
31,19,213.463259
39,11,213.484264
-59,9,213.502268
35,15,213.530274
35,15,213.55928
40,10,213.578042
37,13,213.603048
37,13,213.627053
-53,3,213.633054
38,12,213.65506
36,14,213.681065
-59,9,213.697069
34,16,213.728076
34,16,213.758082
39,11,213.779087
39,11,213.799091
38,12,213.820096
38,12,213.844102
38,12,213.866107
40,10,213.886111
35,15,213.914117
26,24,213.959127
34,16,213.990135
40,10,214.009139
36,14,214.035145
31,19,214.071152
-60,10,214.090157
33,17,214.122164
33,17,214.153171
38,12,214.176176
33,17,214.207183
23,27,214.257195
36,14,214.283202
36,14,214.309208
38,12,214.332215
37,13,214.358221
41,9,214.375225
40,10,214.394229
37,13,214.419234
40,10,214.437239
40,10,214.456243
37,13,214.481248
30,20,214.519257
39,11,214.540261
34,16,214.570268
40,10,214.589272
-52,2,214.595274
36,14,214.62128
30,20,214.658288
32,18,214.693295
31,19,214.728304
-61,11,214.749308
36,14,214.775315
39,11,214.795319
39,11,214.815323
39,11,214.835328
31,19,214.869335
36,14,214.895341
37,13,214.920346
32,18,214.954354
33,17,214.986361
37,13,215.011367
-52,2,215.015368
40,10,215.034372
38,12,215.056377
39,11,215.077382
31,19,215.11439
34,16,215.144397
38,12,215.166401
31,19,215.200409
23,27,215.25042
35,15,215.279427
-56,6,215.290429
39,11,215.311435
38,12,215.333439
-58,8,215.348442
39,11,215.369447
37,13,215.394453
36,14,215.420458
33,17,215.451465
37,13,215.476471
38,12,215.497476
36,14,215.524482
33,17,215.555489
39,11,215.577494
35,15,215.6055
39,11,215.625505
39,11,215.646509
40,10,215.665516
38,12,215.687521
36,14,215.714527
36,14,215.740533
38,12,215.762538
37,13,215.786543
37,13,215.811549
37,13,215.837555
-61,11,215.858559
36,14,215.884565
33,17,215.916572
36,14,215.942578
29,21,215.983587
36,14,216.008593
32,18,216.043601
38,12,216.065606
38,12,216.08761
40,10,216.106615
32,18,216.140622
34,16,216.170631
32,18,216.204639
34,16,216.233645
37,13,216.257651
37,13,216.280656
39,11,216.302661
35,15,216.330667
35,15,216.358673
39,11,216.378678
40,10,216.396682
37,13,216.419687
36,14,216.447694
38,12,216.469698
37,13,216.494704
37,13,216.518709
36,14,216.545715
-52,2,216.550716
39,11,216.569721
32,18,216.602728
35,15,216.629734
36,14,216.65674
37,13,216.680745
42,8,216.696749
42,8,216.711752
37,13,216.736758
22,28,216.78877
38,12,216.812775
23,27,216.865787
36,14,216.892793
36,14,216.918799
-55,5,216.929801
34,16,216.959808
-62,12,216.982813
28,22,217.024944
36,14,217.05095
40,10,217.069954
20,30,217.124966
40,10,217.142971
40,10,217.162975
38,12,217.18498
34,16,217.215987
-58,8,217.231991
38,12,218.010802
31,19,218.04581
36,14,218.071816
33,17,218.102823
36,14,218.128829
40,10,218.147833
37,13,218.171838
30,20,218.208846
38,12,218.231852
37,13,218.256857
-57,7,218.26986
36,14,218.296866
37,13,218.319872
35,15,218.34788
40,10,218.367885
37,13,218.39289
33,17,218.423698
37,13,218.447704
36,14,218.473709
37,13,218.498715
27,23,218.541725
37,13,218.56673
35,15,218.594736
35,15,218.622743
37,13,218.646748
39,11,218.667753
38,12,218.691758
35,15,218.718764
36,14,218.74577
35,15,218.773777
34,16,218.803783
40,10,218.822788
38,12,218.844792
34,16,218.874799
36,14,218.899805
36,14,218.92481
33,17,218.955817
33,17,218.988825
40,10,219.007829
34,16,219.035835
29,21,219.075844
37,13,219.098849
32,18,219.131857
35,15,219.159863
40,10,219.177867
-60,10,219.195871
35,15,219.224878
32,18,219.257885
40,10,219.276889
36,14,219.302895
36,14,219.328901
36,14,219.354906
36,14,219.381912
35,15,219.409073
31,19,219.44408
40,10,219.462084
36,14,219.48809
33,17,219.518097
39,11,219.538102
39,11,219.559106
40,10,219.57711
35,15,219.605117
28,22,219.645126
37,13,219.670131
40,10,219.688135
36,14,219.716141
24,26,219.764279
33,17,219.797286
-61,11,219.818291
31,19,219.853298
33,17,219.886306
31,19,219.923314
33,17,219.955322
37,13,219.979327
36,14,220.006333
39,11,220.027338
42,8,220.042341
38,12,220.065346
33,17,220.097353
37,13,220.124359
33,17,220.157367
41,9,220.174371
39,11,220.196376
35,15,220.224382
36,14,220.250388
38,12,220.273393
36,14,220.300399
40,10,220.319403
33,17,220.35241
-52,2,220.356411
37,13,220.380417
33,17,220.412424
38,12,220.435429
35,15,220.463435
31,19,220.499445
35,15,220.528453
38,12,220.550457
36,14,220.577463
36,14,220.60447
40,10,220.623473
31,19,220.659482
40,10,220.678486
35,15,220.707493
37,13,220.732498
39,11,220.753502
38,12,220.777508
39,11,220.797512
41,9,220.815516
35,15,220.844523
40,10,220.864527
37,13,220.889533
39,11,220.911538
39,11,220.932542
35,15,220.961549
42,8,220.976552
-62,12,220.998557
38,12,221.021563
38,12,221.044568
37,13,221.069573
38,12,221.092578
32,18,221.126586
38,12,221.149591
32,18,221.182598
35,15,221.211606
34,16,221.243612
37,13,221.268618
38,12,221.291623
40,10,221.311627
-61,11,221.332068
36,14,221.359075
27,23,221.401084
-56,6,221.413087
39,11,221.435092
42,8,221.450095
40,10,221.4701
30,20,221.508108
40,10,221.528113
37,13,221.552118
36,14,221.579124
36,14,221.60513
39,11,221.627134
29,21,221.666146
32,18,221.700153
32,18,221.733161
35,15,221.762167
38,12,221.785173
34,16,221.815179
42,8,221.830182
