#{"t_start": 1655763164.5829325, "env_id": "env.spec.id"}
r,l,t
-109,59,0.158035
-64,14,0.196043
-54,4,0.207047
-71,21,0.258058
-52,2,0.26206
-57,7,0.279063
-57,7,0.295066
-61,11,0.318071
-89,39,0.404091
-58,8,0.422095
-70,20,0.46324
-69,19,0.504249
-63,13,0.533256
-123,73,0.684289
-52,2,0.689291
-87,37,0.775483
-116,66,0.919514
-53,3,0.927517
-63,13,0.955522
-53,3,0.963523
-71,21,1.010535
-62,12,1.036541
-66,16,1.070547
-69,19,1.112556
-92,42,1.199576
-60,10,1.222582
-103,53,1.334606
-56,6,1.34861
-66,16,1.386618
26,24,1.43963
-64,14,1.472637
-67,17,1.511646
-63,13,1.541652
-53,3,1.549654
-73,23,1.601666
-107,57,1.725694
-63,13,1.7537
-52,2,1.758847
-59,9,1.77785
-52,2,1.782852
-62,12,1.809857
-85,35,1.882874
-90,40,1.964893
-74,24,2.015904
-71,21,2.060913
-55,5,2.070916
-84,34,2.145933
-53,3,2.152934
-55,5,2.163937
-107,57,2.287415
-62,12,2.315422
-57,7,2.330425
-52,2,2.335426
-57,7,2.35243
-75,25,2.407442
-55,5,2.420445
-67,17,2.459454
-59,9,2.479459
-65,15,2.512466
-59,9,2.53147
-71,21,2.577479
-73,23,2.627492
-54,4,2.638494
-85,35,2.713511
-55,5,2.725514
-56,6,2.739517
-61,11,2.766522
-72,22,2.813533
-74,24,2.866545
-73,23,2.917117
-53,3,2.92512
-90,40,3.013139
-57,7,3.029143
-65,15,3.064151
-61,11,3.089157
-54,4,3.098158
-57,7,3.113321
-52,2,3.118342
-63,13,3.147349
-64,14,3.180356
-109,59,3.310385
-60,10,3.334391
-52,2,3.340393
-64,14,3.3714
-55,5,3.383402
-76,26,3.440414
-52,2,3.446416
-56,6,3.45942
-58,8,3.477423
-69,19,3.518432
-59,9,3.539437
-84,34,3.611453
-72,22,3.661464
-53,3,3.668466
-63,13,3.697472
-55,5,3.709475
-85,35,3.785492
-60,10,3.807497
-59,9,3.828501
33,17,3.86651
-75,25,3.917521
-56,6,3.929525
-53,3,3.936699
-57,7,3.951703
-70,20,3.995712
-54,4,4.004714
-71,21,4.051724
-61,11,4.07473
-64,14,4.105736
-57,7,4.12074
-94,44,4.213761
-57,7,4.229764
-76,26,4.285777
-66,16,4.318784
-70,20,4.361794
-52,2,4.366795
-62,12,4.3918
-54,4,4.402803
-68,18,4.440811
-56,6,4.454815
-64,14,4.484822
-64,14,4.514828
-74,24,5.378021
-53,3,5.386023
-54,4,5.394025
-86,36,5.471042
-66,16,5.50605
21,29,5.575066
-56,6,5.589069
-130,80,5.760107
-84,34,5.830123
-95,45,5.926145
-96,46,6.024318
-96,46,6.120339
-69,19,6.161349
-62,12,6.186354
-76,26,6.241874
-53,3,6.248885
-59,9,6.267889
-120,70,6.412999
20,30,6.476692
-95,45,6.567713
-56,6,6.581716
-77,27,6.637728
-70,20,6.681739
-53,3,6.68874
-81,31,6.753754
-86,36,6.830772
-79,29,6.892785
-69,19,6.932794
-56,6,6.945797
-66,16,6.979805
-76,26,7.034817
-113,63,7.169847
-60,10,7.191852
-69,19,7.232862
-61,11,7.256868
-78,28,7.317881
-73,23,7.367145
-69,19,7.407154
-52,2,7.411155
-55,5,7.423157
-66,16,7.458165
-58,8,7.475169
-77,27,7.533182
-88,38,7.6132
-98,48,7.713223
-108,58,7.83625
-86,36,7.915216
-81,31,7.983231
-124,74,8.142434
-114,64,8.28135
-90,40,8.367369
-80,30,8.435384
-110,60,8.570244
-128,78,8.744283
-90,40,8.835303
-75,25,8.890315
-139,89,9.082359
-52,2,9.08836
31,19,9.130369
-57,7,9.146372
-71,21,9.194383
29,21,9.242394
-64,14,9.273401
-84,34,9.346417
-81,31,9.414701
-69,19,9.455709
-72,22,9.501705
-71,21,9.544714
-61,11,9.56672
-115,65,9.70375
-96,46,10.610765
27,23,10.658776
3,47,10.756798
-62,12,10.782804
-54,4,10.791806
-105,55,10.90283
-84,34,10.973847
-100,100,11.178023
-79,29,11.239037
-102,52,11.346188
-74,24,11.394199
-74,24,11.44421
2,48,11.544232
-95,45,11.638253
-58,8,11.654258
-54,4,11.664259
-78,28,11.723272
-65,15,11.756279
-97,47,11.856302
-74,24,11.906313
-59,9,11.924317
-138,88,12.107358
-83,33,12.176373
-67,17,12.212381
-60,10,12.233387
-77,27,12.290399
-107,57,12.406425
-60,10,12.42943
-95,45,12.523451
-69,19,12.56246
-78,28,12.621474
-72,22,12.668056
-65,15,12.698133
-52,2,12.702428
-87,37,12.779366
-100,100,12.986536
-102,52,13.092661
-81,31,13.156676
-118,68,13.295707
-91,41,13.378725
-52,2,13.384726
-73,23,13.433737
-52,2,13.438738
-100,100,13.643784
-57,7,13.657787
-138,88,13.838828
22,28,13.897841
-73,23,13.946852
-100,100,14.148897
-72,22,14.193907
-54,4,14.202909
-53,3,14.208911
34,16,14.241918
-89,39,14.321936
-71,21,14.364945
-78,28,14.422958
-8,58,14.542985
-72,22,14.587995
-78,28,14.646008
-53,3,14.65301
-2,52,14.762034
-116,66,15.779425
-100,100,16.046273
-92,42,16.162299
-61,11,16.191305
-99,49,16.325335
-56,6,16.341339
-53,3,16.349341
-65,15,16.386349
-139,89,16.620401
-67,17,16.666412
-116,66,16.847643
-67,17,16.895654
-100,100,17.172716
-87,37,17.273738
13,37,17.376761
-67,17,17.422771
-100,100,17.695832
-59,9,17.722839
-15,65,17.894876
3,47,18.015904
-76,26,18.085919
-83,33,18.174228
-93,43,18.292254
-83,33,18.382273
-96,46,18.505301
-114,64,18.684341
-76,26,18.757358
-109,59,18.922394
-69,19,18.977407
-83,33,19.070428
10,40,19.178452
-58,8,19.200456
-83,33,19.287476
-79,29,19.369494
-57,7,19.388499
-29,79,19.609549
-102,52,19.758582
-97,47,19.885611
1,49,20.020642
-52,2,20.025641
-66,16,20.069652
-119,69,20.258693
-53,3,20.267695
-77,27,20.341712
-88,38,20.445735
-65,15,20.487744
-100,100,20.764807
-29,79,20.978856
-134,84,21.204905
-55,5,21.218908
-59,9,21.244915
-78,28,22.211272
-85,35,22.293291
-71,21,22.341301
-126,76,22.518341
-97,47,22.624364
27,23,22.677376
-81,31,22.749393
-100,100,22.976443
-56,6,22.990447
-66,16,23.027455
-100,100,23.256506
-66,16,23.294515
22,28,23.358528
18,32,23.431545
-99,49,23.547571
-25,75,23.714608
-119,69,23.869643
4,46,23.976667
-112,62,24.118699
-108,58,24.250729
-77,27,24.315743
-111,61,24.453775
-75,25,24.513787
-99,49,24.625812
-70,20,24.671823
-68,18,24.714832
4,46,24.823857
-34,84,25.022901
21,29,25.091917
15,35,25.174936
-45,95,25.394985
-100,100,25.631038
-100,100,25.86609
-79,29,25.933105
-105,55,26.069136
12,38,26.162156
-45,95,26.389355
-61,11,26.420362
-44,94,26.655415
22,28,26.728431
-100,100,26.981488
-87,37,28.017857
-79,29,28.089873
-67,17,28.132882
15,35,28.222903
26,24,28.287917
-75,25,28.353932
29,21,28.408945
-93,43,28.515969
-6,56,28.653999
-68,18,28.697009
-63,13,28.729016
-116,66,28.890053
-123,73,29.063091
32,18,29.1051
-95,45,29.218126
-73,23,29.277139
17,33,29.356156
7,43,29.457179
-90,40,29.553201
1,49,29.674228
-89,39,29.765248
-77,27,29.830263
-76,26,29.890276
6,44,29.991299
-60,10,30.014304
-44,94,30.230352
-94,44,30.336376
29,21,30.385387
26,24,30.4444
-52,2,30.450402
-131,81,30.639445
-100,100,30.876496
-75,25,30.93751
-11,61,31.090545
-72,22,31.143556
-66,16,31.179565
32,18,31.222574
-54,4,31.232576
-71,21,31.284589
-91,41,31.38061
26,24,31.435622
19,31,31.502637
-28,78,31.679676
-58,8,31.698681
-63,13,31.729688
-124,74,31.900733
-109,59,32.035454
28,22,32.085464
-119,69,32.2465
-137,87,32.446545
10,40,32.540566
6,44,32.64659
10,40,32.739611
-61,11,32.765616
-46,96,33.895006
-68,18,33.936014
10,40,34.031036
38,12,34.059042
15,35,34.138916
-90,40,34.231938
8,42,34.33296
14,36,34.413416
-64,14,34.448424
-138,88,34.652469
-106,56,34.783672
19,31,34.857402
-88,38,34.94342
-77,27,35.003434
21,29,35.070449
36,14,35.102456
-23,73,35.267493
30,20,35.311503
1,49,35.420528
0,50,35.534553
0,50,35.646578
6,44,35.7466
5,45,35.848624
27,23,35.902635
-56,6,35.917638
-85,35,36.001657
8,42,36.097679
28,22,36.147691
2,48,36.258716
12,38,36.341734
38,12,36.36774
-4,54,36.486766
16,34,36.561783
39,11,36.583787
7,43,36.680809
-58,8,36.701813
-66,16,36.741823
13,37,36.831844
-124,74,37.014884
-67,17,37.050892
24,26,37.109906
0,50,37.235934
-20,70,37.398971
-80,30,37.465985
20,30,37.535001
-101,51,37.653026
-63,13,37.683033
10,40,37.778056
-52,2,37.784056
17,33,37.861073
7,43,37.962096
35,15,37.998105
-56,6,38.014108
-18,68,38.172143
26,24,38.227155
13,37,38.314175
22,28,38.377189
-92,42,39.313208
13,37,39.397227
15,35,39.479246
30,20,39.525256
-13,63,39.664286
27,23,39.715297
3,47,39.814319
-80,30,39.877218
18,32,39.944234
10,40,40.029253
33,17,40.063261
-75,25,40.116273
12,38,40.19429
29,21,40.2403
-14,64,40.372174
16,34,40.442189
26,24,40.4922
1,49,40.595223
16,34,40.66724
-69,19,40.707248
7,43,40.79727
9,41,40.880287
30,20,40.923298
-11,61,41.049263
1,49,41.150286
-12,62,41.279315
6,44,41.369335
-68,18,41.406343
0,50,41.507265
10,40,41.590284
-58,8,41.606287
22,28,41.6633
15,35,41.733243
-1,51,41.833266
-68,18,41.871274
-18,68,42.007253
22,28,42.065266
-79,29,42.12628
-59,9,42.145285
29,21,42.189294
25,25,42.240152
-100,100,42.448198
-70,20,42.489207
-52,2,42.495209
-73,23,42.541219
12,38,42.620237
-87,37,42.694386
-90,40,42.779389
-85,35,42.852395
12,38,42.933474
-100,100,43.150213
-7,57,43.267239
27,23,43.315249
-63,13,43.343256
-78,28,43.400269
25,25,43.45328
-70,20,43.49429
7,43,43.581241
19,31,44.45835
33,17,44.494359
24,26,44.549387
-58,8,44.566391
23,27,44.622204
35,15,44.653211
-120,70,44.798244
34,16,44.832251
-74,24,44.882262
11,39,44.961383
23,27,45.019304
30,20,45.061313
35,15,45.09232
-56,6,45.10538
-110,60,45.232241
37,13,45.261246
4,46,45.360066
15,35,45.433239
-61,11,45.457244
26,24,45.508255
21,29,45.568191
30,20,45.610199
2,48,45.714223
31,19,45.754231
29,21,45.800243
7,43,45.890263
22,28,45.947285
36,14,45.975291
19,31,46.038229
-90,40,46.117246
32,18,46.152255
9,41,46.232272
-62,12,46.257279
-86,36,46.332296
4,46,46.428327
36,14,46.458334
35,15,46.490341
-69,19,46.53035
6,44,46.622371
-84,34,46.694386
36,14,46.724636
-82,32,46.791651
28,22,46.839662
35,15,46.87067
-100,100,47.080717
-60,10,47.102721
-32,82,47.275764
34,16,47.307771
22,28,47.365784
32,18,47.403792
30,20,47.446802
-1,51,47.549873
20,30,47.611887
18,32,47.676902
-56,6,47.689905
-74,24,47.740714
-52,2,47.744715
-63,13,47.773721
5,45,47.865742
-72,22,47.911753
26,24,47.963377
20,30,48.028391
10,40,48.117257
-88,38,48.197286
16,34,48.274398
38,12,48.302266
35,15,48.335186
35,15,48.368193
30,20,48.412203
-77,27,48.472217
19,31,48.540231
18,32,48.614247
-102,52,49.587147
7,43,49.68917
29,21,49.739182
-53,3,49.747183
32,18,49.791193
-55,5,49.804196
13,37,49.895097
25,25,49.955112
20,30,50.025127
25,25,50.08114
-67,17,50.120148
17,33,50.197165
22,28,50.261179
14,36,50.345199
-3,53,50.469226
33,17,50.506234
18,32,50.582376
25,25,50.64292
31,19,50.687931
5,45,50.790774
24,26,50.851788
24,26,50.910805
36,14,50.941811
33,17,50.98182
31,19,51.02583
31,19,51.069118
21,29,51.135232
25,25,51.193245
29,21,51.240255
25,25,51.298268
19,31,51.368284
19,31,51.438299
-11,61,51.57633
35,15,51.611338
21,29,51.680354
19,31,51.754371
20,30,51.826386
25,25,51.886399
-5,55,52.018431
34,16,52.057438
-57,7,52.074442
33,17,52.115451
-63,13,52.147458
24,26,52.209472
34,16,52.245481
-57,7,52.261484
-94,44,52.362506
42,8,52.38151
-58,8,52.401515
29,21,52.449526
19,31,52.519542
-6,56,52.64657
-14,64,52.794603
-53,3,52.801605
-128,78,52.975644
30,20,53.021654
5,45,53.120676
9,41,53.209696
34,16,53.243703
8,42,53.335724
36,14,53.367732
30,20,53.410741
3,47,53.507762
20,30,53.569776
34,16,53.603785
30,20,53.645793
-76,26,53.701806
-52,2,53.705806
-58,8,53.723811
16,34,53.791992
24,26,53.847004
19,31,53.910019
32,18,53.949028
30,20,53.992038
33,17,54.028046
34,16,54.063053
22,28,54.121066
36,14,54.149072
33,17,54.18408
19,31,55.053433
38,12,55.079439
39,11,55.103444
25,25,55.162457
36,14,55.192465
37,13,55.22047
27,23,55.269481
31,19,55.30849
-7,57,55.428517
22,28,55.49153
37,13,55.519537
24,26,55.573548
15,35,55.648566
-55,5,55.659569
20,30,55.724583
31,19,55.766592
33,17,55.8036
-6,56,55.926628
22,28,55.984642
30,20,56.02665
32,18,56.066659
40,10,56.088664
31,19,56.130673
33,17,56.169682
33,17,56.20569
32,18,56.243699
28,22,56.293878
20,30,56.358893
20,30,56.421907
32,18,56.461916
37,13,56.488922
30,20,56.530931
16,34,56.601947
26,24,56.653959
26,24,56.706971
35,15,56.742979
-61,11,56.768985
31,19,56.812995
-60,10,56.835
35,15,56.868007
29,21,56.913017
26,24,56.963028
24,26,57.019041
38,12,57.046047
28,22,57.092057
35,15,57.124064
22,28,57.183077
33,17,57.221086
23,27,57.279099
-58,8,57.298105
12,38,57.378121
25,25,57.430132
16,34,57.501149
32,18,57.537156
26,24,57.586167
27,23,57.637179
35,15,57.670429
30,20,57.714439
-72,22,57.75945
25,25,57.811461
31,19,57.851469
31,19,57.890478
34,16,57.924486
33,17,57.964495
19,31,58.032511
23,27,58.092524
12,38,58.174542
31,19,58.215551
32,18,58.25456
-87,37,58.335578
30,20,58.378588
11,39,58.459605
28,22,58.504616
-66,16,58.537623
33,17,58.572631
31,19,58.61264
35,15,58.642647
27,23,58.690657
17,33,58.758672
-61,11,58.782679
23,27,58.840692
14,36,58.913707
-61,11,58.936713
-68,18,58.974721
-4,54,59.087893
36,14,59.1189
-7,57,59.240927
34,16,59.275935
27,23,59.323946
16,34,59.394961
40,10,59.414967
21,29,60.266156
-52,2,60.271158
32,18,60.310167
29,21,60.360179
26,24,60.413191
-83,33,60.482205
16,34,60.554221
-2,52,60.666247
34,16,60.700254
17,33,60.774271
23,27,60.833284
35,15,60.867291
33,17,60.9063
33,17,60.943308
15,35,61.019325
33,17,61.055333
-32,82,61.226505
33,17,61.261513
33,17,61.296521
34,16,61.328528
36,14,61.356534
23,27,61.410546
-66,16,61.444554
24,26,61.497566
27,23,61.544575
38,12,61.570582
40,10,61.591586
-54,4,61.600589
29,21,61.642598
39,11,61.665603
30,20,61.708613
18,32,61.776628
-66,16,61.810636
33,17,61.845644
16,34,61.916659
41,9,61.935664
33,17,61.971671
39,11,61.994677
35,15,62.025683
28,22,62.069693
28,22,62.113704
40,10,62.134708
31,19,62.173717
42,8,62.19072
22,28,62.248733
23,27,62.304746
37,13,62.331752
35,15,62.362759
21,29,62.422772
30,20,62.463782
24,26,62.516794
31,19,62.554803
38,12,62.580808
37,13,62.607813
30,20,62.650823
25,25,62.702835
32,18,62.738843
-60,10,62.758847
33,17,62.791855
19,31,62.854869
13,37,62.928885
29,21,62.969894
35,15,62.998901
-68,18,63.034909
30,20,63.074918
15,35,63.146934
39,11,63.168939
23,27,63.224953
30,20,63.265961
28,22,63.311971
21,29,63.369984
29,21,63.411993
38,12,63.433998
-62,12,63.459005
32,18,63.496012
31,19,63.535021
24,26,63.589033
-58,8,63.605037
27,23,63.654048
19,31,63.720064
-77,27,63.776075
24,26,63.829087
18,32,63.896102
26,24,63.946113
-73,23,63.996125
-66,16,64.028131
38,12,64.052137
-54,4,64.06214
31,19,64.101147
-76,26,64.15716
14,36,64.230177
32,18,64.266185
36,14,64.29419
27,23,64.340201
24,26,64.391212
33,17,64.42522
-70,20,65.251405
32,18,65.288414
30,20,65.333424
38,12,65.35843
27,23,65.40644
37,13,65.436447
-45,95,65.637492
34,16,65.6745
20,30,65.744516
22,28,65.80453
33,17,65.839537
30,20,65.889053
28,22,65.94057
30,20,65.987581
11,39,66.078601
25,25,66.132169
-52,2,66.138171
13,37,66.215355
32,18,66.255364
-63,13,66.28237
28,22,66.329381
-67,17,66.366389
24,26,66.422402
36,14,66.452408
35,15,66.486416
34,16,66.523424
20,30,66.585438
20,30,66.648453
-10,60,66.775481
40,10,66.798486
10,40,66.885506
28,22,66.933516
31,19,66.972525
36,14,67.001531
-59,9,67.021535
31,19,67.063545
36,14,67.093552
26,24,67.145563
31,19,67.185573
24,26,67.239586
35,15,67.272592
22,28,67.333605
28,22,67.379615
38,12,67.405622
32,18,67.443629
37,13,67.471636
25,25,67.527658
32,18,67.565658
40,10,67.587662
13,37,67.66468
21,29,67.727694
36,14,67.760701
-1,51,67.874726
35,15,67.909735
34,16,67.945742
-52,2,67.950744
30,20,67.994753
25,25,68.050766
-59,9,68.070771
-52,2,68.075772
29,21,68.120781
27,23,68.169792
34,16,68.2038
31,19,68.24681
39,11,68.270815
36,14,68.300822
21,29,68.360835
-81,31,68.425164
39,11,68.447169
3,47,68.545191
-24,74,68.699226
25,25,68.752238
16,34,68.825254
20,30,68.888268
28,22,68.936279
39,11,68.960284
-60,10,68.981289
21,29,69.042302
28,22,69.088313
31,19,69.126321
-54,4,69.134323
25,25,69.187335
29,21,69.230345
29,21,69.272354
27,23,69.320364
-60,10,69.34237
40,10,69.362373
30,20,69.404383
19,31,69.472399
25,25,69.52441
9,41,69.612561
39,11,69.636565
34,16,70.475753
34,16,70.509761
16,34,70.582778
35,15,70.614784
38,12,70.63879
16,34,70.716807
26,24,70.768819
39,11,70.791824
27,23,70.839834
23,27,70.895847
26,24,70.949859
33,17,70.984867
36,14,71.015874
32,18,71.055884
32,18,71.094892
18,32,71.167909
15,35,71.246344
26,24,71.297339
13,37,71.382342
24,26,71.43825
19,31,71.505212
32,18,71.543562
-53,3,71.551045
29,21,71.596055
-80,30,71.658069
29,21,71.704079
40,10,71.725084
34,16,71.760092
32,18,71.798101
32,18,71.837109
32,18,71.876118
36,14,71.906124
31,19,71.945767
13,37,72.026291
24,26,72.083303
29,21,72.129314
35,15,72.164322
34,16,72.19933
32,18,72.240339
36,14,72.271345
26,24,72.324358
26,24,72.376369
4,46,72.47239
38,12,72.498397
36,14,72.530404
-16,66,72.671436
24,26,72.726447
32,18,72.766456
22,28,72.827471
15,35,72.905487
24,26,72.965501
28,22,73.015512
32,18,73.055521
34,16,73.09453
26,24,73.149542
37,13,73.179549
15,35,73.261567
34,16,73.299576
-55,5,73.311578
38,12,73.339585
36,14,73.371592
33,17,73.4096
22,28,73.472615
27,23,73.525626
28,22,73.573636
34,16,73.611645
32,18,73.653655
27,23,73.705666
22,28,73.771681
20,30,73.841697
27,23,73.894708
31,19,73.941719
35,15,73.976727
27,23,74.03274
26,24,74.092753
22,28,74.161768
19,31,74.236785
38,12,74.264791
31,19,74.312802
26,24,74.371816
36,14,74.405823
32,18,74.449833
19,31,74.52185
26,24,74.576862
34,16,74.61487
26,24,74.673884
36,14,74.70689
32,18,74.7489
35,15,74.784908
21,29,74.853924
32,18,74.897933
24,26,74.961947
37,13,74.992954
28,22,75.045967
29,21,75.920335
30,20,75.965345
24,26,76.024359
35,15,76.060368
4,46,76.167391
34,16,76.205561
19,31,76.278578
37,13,76.309584
14,36,76.392603
25,25,76.461618
35,15,76.497627
-15,65,76.651661
34,16,76.690669
-58,8,76.710674
28,22,76.762686
32,18,76.803694
32,18,76.846705
24,26,76.907718
-63,13,76.937725
21,29,77.00474
17,33,77.077756
33,17,77.119766
17,33,77.197783
26,24,77.255797
29,21,77.307808
34,16,77.346816
-54,4,77.356819
36,14,77.391827
10,40,77.49185
38,12,77.521856
35,15,77.560865
32,18,77.602874
1,49,77.715899
40,10,77.739904
-8,58,77.874934
27,23,77.930947
19,31,78.003963
33,17,78.043972
29,21,78.093984
28,22,78.145995
14,36,78.231013
30,20,78.278024
29,21,78.327035
14,36,78.412055
-20,70,78.574091
27,23,78.627102
33,17,78.668112
37,13,78.699119
29,21,78.747129
28,22,78.801142
7,43,78.908165
19,31,78.985184
21,29,79.054199
29,21,79.10521
29,21,79.154221
36,14,79.188228
36,14,79.222236
34,16,79.261245
37,13,79.293252
25,25,79.353265
29,21,79.404276
31,19,79.449287
30,20,79.496298
16,34,79.577315
39,11,79.603321
40,10,79.626326
28,22,79.680338
-3,53,79.803366
20,30,79.872381
34,16,79.91039
38,12,79.938396
26,24,79.994408
31,19,80.039419
40,10,80.063424
19,31,80.13644
26,24,80.195453
35,15,80.232462
34,16,80.27147
32,18,80.31448
22,28,80.387496
25,25,80.452511
23,27,80.524527
36,14,80.561535
37,13,80.595543
30,20,80.648555
40,10,80.677562
33,17,80.721571
33,17,80.766581
24,26,80.837597
14,36,81.794006
32,18,81.837016
35,15,81.870023
35,15,81.906032
32,18,81.94704
29,21,81.997051
30,20,82.044062
32,18,82.086071
31,19,82.132082
21,29,82.202097
27,23,82.25911
32,18,82.30212
11,39,82.394141
38,12,82.422147
31,19,82.467157
-76,26,82.52617
-66,16,82.564179
35,15,82.598187
30,20,82.644196
35,15,82.675204
28,22,82.725214
28,22,82.774226
17,33,82.849242
29,21,82.898255
32,18,82.936262
31,19,82.976271
40,10,83.000276
33,17,83.036283
28,22,83.086296
40,10,83.109302
39,11,83.135307
2,48,83.245331
31,19,83.28734
22,28,83.351355
33,17,83.389363
-66,16,83.427372
11,39,83.516392
36,14,83.550077
37,13,83.578588
20,30,83.645603
38,12,83.671609
36,14,83.701615
35,15,83.736623
38,12,83.761629
-68,18,83.802638
28,22,83.852649
35,15,83.887657
36,14,83.921664
25,25,83.978677
25,25,84.037691
27,23,84.088702
38,12,84.116709
32,18,84.158717
35,15,84.193726
32,18,84.232734
38,12,84.25874
37,13,84.288746
34,16,84.325755
15,35,84.411774
37,13,84.444782
20,30,84.513797
23,27,84.575812
13,37,84.663136
31,19,84.710147
40,10,84.734151
35,15,84.76816
35,15,84.801168
36,14,84.834174
32,18,84.878185
13,37,84.963367
39,11,84.989374
23,27,85.051387
39,11,85.075392
23,27,85.136406
29,21,85.185418
35,15,85.221426
13,37,85.307445
38,12,85.33345
26,24,85.389463
28,22,85.439473
28,22,85.489485
29,21,85.537496
27,23,85.589507
14,36,85.673526
32,18,85.718536
-57,7,85.73554
32,18,85.77955
12,38,85.86957
-55,5,85.883573
10,40,85.984253
-61,11,86.011259
40,10,86.036265
17,33,86.115283
31,19,86.161293
36,14,86.196301
39,11,86.223306
31,19,86.268318
25,25,86.327502
-68,18,86.369512
26,24,86.425524
37,13,86.458531
21,29,87.335909
26,24,87.392922
12,38,87.484943
1,49,87.600968
30,20,87.647285
33,17,87.689294
32,18,87.733303
29,21,87.782315
22,28,87.848329
41,9,87.870334
32,18,87.913345
-55,5,87.927347
12,38,88.017045
3,47,88.12407
-66,16,88.161077
12,38,88.249021
31,19,88.294056
32,18,88.333185
28,22,88.380838
17,33,88.453854
41,9,88.473859
4,46,88.572881
33,17,88.609889
34,16,88.644897
33,17,88.681904
24,26,88.747919
35,15,88.779927
-3,53,88.894953
31,19,88.935961
38,12,88.962967
12,38,89.044164
34,16,89.078171
26,24,89.131183
0,50,89.239366
34,16,89.274374
32,18,89.313382
30,20,89.357392
27,23,89.406403
36,14,89.43841
36,14,89.470418
32,18,89.509426
38,12,89.536432
34,16,89.57244
26,24,89.625452
32,18,89.665462
28,22,89.714472
29,21,89.760482
37,13,89.790489
30,20,89.835499
-60,10,89.857504
32,18,89.899513
5,45,90.004537
27,23,90.057549
-3,53,90.182664
35,15,90.216672
36,14,90.249679
23,27,90.311694
9,41,90.401733
40,10,90.423738
3,47,90.52576
37,13,90.555767
34,16,90.589834
29,21,90.634698
38,12,90.660703
30,20,90.701712
40,10,90.721889
38,12,90.747895
29,21,90.792905
15,35,90.865921
32,18,90.90396
33,17,90.940063
38,12,90.965199
28,22,91.012071
36,14,91.042078
36,14,91.071924
25,25,91.124383
39,11,91.148227
30,20,91.190988
-58,8,91.207991
32,18,91.248179
36,14,91.279186
24,26,91.33921
6,44,91.438245
7,43,91.534411
27,23,91.586738
7,43,91.686958
37,13,91.716965
34,16,91.749972
26,24,91.802266
12,38,92.705467
32,18,92.745477
32,18,92.781485
39,11,92.805491
34,16,92.837694
34,16,92.873702
34,16,92.90771
30,20,92.949719
5,45,93.04474
27,23,93.09275
29,21,93.139924
17,33,93.21194
24,26,93.265952
-72,22,93.312962
28,22,93.357973
8,42,93.445992
27,23,93.493002
32,18,93.530011
5,45,93.61803
40,10,93.639035
17,33,93.707051
34,16,93.740058
31,19,93.778067
19,31,93.844081
39,11,93.867086
17,33,93.935102
34,16,93.972111
29,21,94.01612
32,18,94.053128
20,30,94.116143
29,21,94.160153
38,12,94.186158
32,18,94.226166
40,10,94.247172
36,14,94.276177
36,14,94.305184
-64,14,94.334191
34,16,94.366198
9,41,94.454218
27,23,94.501228
29,21,94.545238
35,15,94.574244
3,47,94.670266
23,27,94.727279
34,16,94.758436
29,21,94.800446
-52,2,94.805447
38,12,94.829452
10,40,94.91047
35,15,94.939477
31,19,94.977485
38,12,95.001491
30,20,95.0415
1,49,95.142522
34,16,95.17453
37,13,95.200535
22,28,95.257548
31,19,95.295557
-54,4,95.303558
25,25,95.35357
36,14,95.382576
-60,10,95.40358
33,17,95.437588
22,28,95.494601
38,12,95.518607
38,12,95.542612
29,21,95.583621
32,18,95.62063
23,27,95.674641
28,22,95.718651
34,16,95.750658
15,35,95.820851
37,13,95.846857
33,17,95.880865
36,14,95.909871
17,33,95.973886
1,49,96.072908
4,46,96.164928
28,22,96.208938
-57,7,96.223942
39,11,96.245946
36,14,96.274129
39,11,96.294134
36,14,96.32214
25,25,96.375152
7,43,96.460171
34,16,96.493179
23,27,96.54719
27,23,96.5912
35,15,96.622207
31,19,96.661216
-52,2,96.666217
37,13,96.692223
12,38,96.76824
40,10,96.788245
32,18,96.823252
36,14,96.851258
36,14,96.879264
31,19,97.703449
22,28,97.761462
32,18,97.79747
35,15,97.828477
37,13,97.855483
24,26,97.907495
32,18,97.944503
38,12,97.968508
28,22,98.01852
29,21,98.06253
34,16,98.096536
-76,26,98.15355
29,21,98.193558
38,12,98.218564
-72,22,98.261574
38,12,98.285579
36,14,98.312585
24,26,98.365597
20,30,98.425611
22,28,98.482623
32,18,98.519632
28,22,98.564642
31,19,98.60465
5,45,98.698672
20,30,98.760686
39,11,98.784691
36,14,98.813698
28,22,98.858707
-60,10,98.878712
21,29,98.938725
35,15,98.970732
18,32,99.034747
20,30,99.095761
36,14,99.123767
34,16,99.157774
33,17,99.193783
15,35,99.265798
37,13,99.292805
26,24,99.341815
35,15,99.372823
30,20,99.414832
13,37,99.48885
13,37,99.562865
31,19,99.602874
38,12,99.62788
40,10,99.647885
36,14,99.676891
39,11,99.698895
35,15,99.728902
31,19,99.76791
35,15,99.797918
33,17,99.829925
38,12,99.853931
28,22,99.898941
29,21,99.945951
38,12,99.972958
25,25,100.02797
36,14,100.055975
40,10,100.07598
36,14,100.102986
32,18,100.138994
38,12,100.161999
42,8,100.179003
40,10,100.199008
32,18,100.237016
37,13,100.266023
29,21,100.310032
32,18,100.34704
12,38,100.425058
8,42,100.510079
-57,7,100.525081
29,21,100.56609
20,30,100.629104
34,16,100.663111
34,16,100.696119
11,39,100.774136
29,21,100.817146
29,21,100.860155
33,17,100.896164
40,10,100.915168
21,29,100.973181
32,18,101.008188
-5,55,101.115212
32,18,101.153222
37,13,101.181227
31,19,101.220236
5,45,101.310422
28,22,101.353432
36,14,101.381439
34,16,101.412455
29,21,101.454454
18,32,101.518469
16,34,101.587484
28,22,101.632495
16,34,101.701511
30,20,101.741519
25,25,101.790529
23,27,101.844542
38,12,102.671057
36,14,102.701064
28,22,102.746074
34,16,102.779082
34,16,102.812089
38,12,102.838095
14,36,102.910111
30,20,102.95212
26,24,103.001131
-60,10,103.021136
35,15,103.052142
22,28,103.108155
36,14,103.136162
39,11,103.159167
32,18,103.196175
-66,16,103.230182
3,47,103.326204
31,19,103.366213
32,18,103.404222
1,49,103.509245
29,21,103.553255
32,18,103.590263
34,16,103.623271
39,11,103.646275
-60,10,103.671282
36,14,103.700287
36,14,103.730294
-7,57,103.848321
31,19,103.88833
29,21,103.932339
21,29,103.990736
32,18,104.024743
25,25,104.073832
42,8,104.090836
38,12,104.115842
24,26,104.167908
40,10,104.187912
32,18,104.22492
23,27,104.281933
25,25,104.333945
30,20,104.374955
40,10,104.396959
29,21,104.441969
23,27,104.495981
32,18,104.537002
34,16,104.572999
36,14,104.603006
38,12,104.629011
-54,4,104.638013
31,19,104.678023
34,16,104.712029
36,14,104.742036
33,17,104.777044
31,19,104.816195
30,20,104.859205
1,49,104.955226
22,28,105.014239
38,12,105.038244
33,17,105.073252
33,17,105.106259
35,15,105.137232
26,24,105.185243
23,27,105.240255
32,18,105.279265
24,26,105.331276
28,22,105.378489
40,10,105.399493
32,18,105.437502
30,20,105.47851
35,15,105.509518
28,22,105.553527
28,22,105.598538
34,16,105.630544
26,24,105.679381
33,17,105.712387
34,16,105.745395
38,12,105.769401
32,18,105.804408
27,23,105.850252
26,24,105.899263
30,20,105.940274
32,18,105.97628
35,15,106.007288
-64,14,106.036294
27,23,106.083304
40,10,106.102308
36,14,106.130315
-64,14,106.159321
38,12,106.183328
38,12,106.208332
27,23,106.256343
31,19,106.298352
-67,17,106.334617
-53,3,106.341619
26,24,106.393631
-8,58,106.514797
38,12,106.542044
33,17,106.577052
-76,26,106.632341
32,18,106.67435
27,23,106.722877
28,22,106.768887
30,20,106.808896
34,16,106.842903
39,11,106.866908
40,10,106.885914
34,16,107.754281
33,17,107.790289
28,22,107.835299
34,16,107.870306
-22,72,108.016339
38,12,108.041345
23,27,108.09553
10,40,108.174548
36,14,108.202555
34,16,108.236561
36,14,108.264568
24,26,108.31858
-54,4,108.327582
32,18,108.363591
33,17,108.398692
27,23,108.445236
17,33,108.512027
36,14,108.541008
35,15,108.571015
36,14,108.598021
19,31,108.658034
34,16,108.690281
22,28,108.746413
39,11,108.769352
35,15,108.799359
38,12,108.824183
30,20,108.865074
27,23,108.911275
5,45,109.001593
20,30,109.061607
32,18,109.097614
33,17,109.131622
38,12,109.155627
32,18,109.190645
33,17,109.224643
25,25,109.273654
40,10,109.292658
34,16,109.323665
38,12,109.349672
25,25,109.399682
29,21,109.440691
35,15,109.470698
18,32,109.533712
15,35,109.604728
36,14,109.632735
32,18,109.668742
20,30,109.728756
29,21,109.770765
-67,17,109.803772
7,43,109.892793
27,23,109.938803
42,8,109.956807
34,16,109.990815
36,14,110.019821
-18,68,110.155852
11,39,110.234869
40,10,110.255873
24,26,110.310887
39,11,110.334892
29,21,110.378901
32,18,110.41591
32,18,110.451917
37,13,110.478924
22,28,110.536937
26,24,110.584949
32,18,110.620956
14,36,110.695973
27,23,110.741982
39,11,110.764987
24,26,110.819
18,32,110.885014
9,41,110.969034
38,12,110.993039
38,12,111.019045
26,24,111.068056
40,10,111.090061
7,43,111.17608
38,12,111.200085
37,13,111.225091
31,19,111.2641
40,10,111.286105
42,8,111.302109
33,17,111.336115
14,36,111.408131
-60,10,111.431137
33,17,111.465145
17,33,111.53316
36,14,111.563167
37,13,111.591173
28,22,111.638184
38,12,111.66319
23,27,111.720201
27,23,111.766211
35,15,111.79922
21,29,111.864233
27,23,111.912245
23,27,112.784619
35,15,112.817627
26,24,112.865638
18,32,112.932652
34,16,112.963659
37,13,112.989665
33,17,113.025673
33,17,113.061683
34,16,113.094688
36,14,113.123695
29,21,113.165705
34,16,113.197712
30,20,113.238721
36,14,113.267727
37,13,113.294733
-52,2,113.299735
18,32,113.363749
35,15,113.394755
21,29,113.454769
40,10,113.473774
31,19,113.511782
14,36,113.583798
30,20,113.623807
27,23,113.671818
33,17,113.707826
35,15,113.736832
36,14,113.764972
34,16,113.796979
25,25,113.847005
36,14,113.874997
36,14,113.903003
38,12,113.927008
38,12,113.950013
33,17,113.983021
39,11,114.005025
30,20,114.046034
38,12,114.069039
34,16,114.102047
42,8,114.119051
37,13,114.148057
31,19,114.186065
38,12,114.211072
-57,7,114.226075
32,18,114.262083
8,42,114.345101
34,16,114.376108
31,19,114.415117
36,14,114.444124
17,33,114.512139
34,16,114.545146
26,24,114.595158
9,41,114.678176
30,20,114.720185
21,29,114.781199
26,24,114.833211
14,36,114.905226
23,27,114.960239
33,17,114.995789
34,16,115.027796
35,15,115.057802
27,23,115.105814
39,11,115.128819
36,14,115.157825
31,19,115.196833
32,18,115.233842
-32,82,115.40588
38,12,115.430886
9,41,115.513905
33,17,115.547912
38,12,115.573918
32,18,115.610926
30,20,115.651935
37,13,115.677942
40,10,115.697946
27,23,115.745956
32,18,115.781964
39,11,115.80497
38,12,115.828975
37,13,115.854981
34,16,115.887988
24,26,115.941
36,14,115.969006
40,10,115.990011
9,41,116.07403
30,20,116.116039
28,22,116.163049
25,25,116.21206
29,21,116.25407
18,32,116.318276
28,22,116.363286
-56,6,116.375289
28,22,116.421299
31,19,116.460308
36,14,116.489314
23,27,116.543326
41,9,116.56133
28,22,116.605341
35,15,116.636347
-62,12,116.660352
40,10,116.682358
36,14,116.711364
33,17,116.744372
32,18,116.78338
-60,10,116.804385
31,19,116.842394
22,28,116.897405
39,11,116.919411
35,15,117.77189
29,21,117.8169
38,12,117.840906
37,13,117.867912
33,17,117.901919
34,16,117.933927
37,13,117.958932
34,16,117.99194
22,28,118.048952
39,11,118.071958
31,19,118.111967
31,19,118.150975
28,22,118.195985
38,12,118.221992
28,22,118.266001
35,15,118.298008
34,16,118.331015
38,12,118.355021
34,16,118.387029
16,34,118.455043
33,17,118.48805
38,12,118.513056
38,12,118.536062
-68,18,118.571069
38,12,118.595075
28,22,118.638084
32,18,118.673092
30,20,118.714101
35,15,118.746108
15,35,118.819125
31,19,118.858133
6,44,118.944152
-72,22,118.987162
38,12,119.011168
15,35,119.079182
38,12,119.104188
22,28,119.160201
20,30,119.218214
28,22,119.263224
16,34,119.332239
32,18,119.369248
20,30,119.42826
31,19,119.46927
23,27,119.523281
24,26,119.574293
31,19,119.612302
27,23,119.657311
40,10,119.677316
24,26,119.730328
36,14,119.758334
37,13,119.785341
27,23,119.832351
34,16,119.864359
40,10,119.885363
36,14,119.913369
24,26,119.96338
37,13,119.991387
20,30,120.0514
32,18,120.089409
32,18,120.126417
31,19,120.165258
42,8,120.182262
26,24,120.232273
36,14,120.261279
39,11,120.283285
-13,63,120.408312
16,34,120.476327
39,11,120.499334
34,16,120.53234
32,18,120.569348
36,14,120.598356
41,9,120.616359
33,17,120.651368
33,17,120.687375
28,22,120.732386
38,12,120.755389
40,10,120.776395
39,11,120.799399
17,33,120.866415
38,12,120.89042
40,10,120.910424
16,34,120.978439
16,34,121.048456
26,24,121.096467
31,19,121.136475
13,37,121.213492
32,18,121.24965
33,17,121.284658
-52,2,121.28966
23,27,121.342671
31,19,121.37968
34,16,121.411687
25,25,121.461698
32,18,121.495705
27,23,121.541716
17,33,121.60573
39,11,121.627735
32,18,121.662743
38,12,121.686749
31,19,121.724757
22,28,121.779769
27,23,121.825779
32,18,121.859787
35,15,122.65728
38,12,122.683286
22,28,122.7413
26,24,122.79231
40,10,122.813315
31,19,122.852324
33,17,122.889333
32,18,122.927341
18,32,122.994355
24,26,123.050368
40,10,123.071373
30,20,123.113382
21,29,123.171395
38,12,123.1954
27,23,123.24041
38,12,123.264416
37,13,123.290421
41,9,123.309427
36,14,123.337432
42,8,123.353436
28,22,123.397446
38,12,123.421451
36,14,123.450457
33,17,123.484465
36,14,123.511471
30,20,123.55348
35,15,123.583487
19,31,123.643501
-61,11,123.666506
34,16,123.699513
29,21,123.742523
40,10,123.762527
36,14,123.789533
39,11,123.810537
8,42,123.894557
35,15,123.923564
35,15,123.95557
-91,41,124.03959
-52,2,124.044591
39,11,124.066595
38,12,124.091601
34,16,124.124608
36,14,124.152614
34,16,124.185622
30,20,124.225631
28,22,124.267641
42,8,124.284644
30,20,124.323653
40,10,124.344657
24,26,124.397671
33,17,124.432677
20,30,124.49388
40,10,124.514884
31,19,124.554893
32,18,124.591901
36,14,124.620907
40,10,124.640912
10,40,124.723932
31,19,124.76594
38,12,124.792946
17,33,124.865963
37,13,124.893969
40,10,124.915974
33,17,124.951982
21,29,125.012617
41,9,125.031621
17,33,125.100637
-3,53,125.211661
41,9,125.231666
38,12,125.256672
39,11,125.280678
42,8,125.29568
21,29,125.357694
36,14,125.389702
31,19,125.429711
22,28,125.490724
40,10,125.512729
30,20,125.555739
26,24,125.60775
38,12,125.634756
41,9,125.654761
40,10,125.676766
19,31,125.744781
20,30,125.808796
-100,100,126.019023
32,18,126.056032
32,18,126.095041
32,18,126.13305
10,40,126.218068
34,16,126.251076
32,18,126.289084
36,14,126.319091
42,8,126.337095
39,11,126.3611
22,28,126.420113
22,28,126.479127
38,12,126.504132
35,15,126.536449
37,13,126.56296
30,20,126.60397
28,22,126.650979
36,14,126.681986
27,23,126.731998
36,14,126.762005
5,45,126.859026
37,13,126.887033
31,19,127.726409
33,17,127.763418
20,30,127.824431
37,13,127.851437
33,17,127.885445
6,44,127.974464
35,15,128.005471
36,14,128.033482
23,27,128.090494
35,15,128.121546
42,8,128.13855
24,26,128.194251
42,8,128.210254
36,14,128.240262
40,10,128.260267
38,12,128.284285
29,21,128.32636
38,12,128.352382
36,14,128.38179
30,20,128.424618
-60,10,128.446374
-64,14,128.478382
26,24,128.529393
34,16,128.5634
29,21,128.610412
35,15,128.64242
33,17,128.677427
23,27,128.739441
26,24,128.78845
38,12,128.814457
29,21,128.857466
37,13,128.884473
41,9,128.904478
32,18,128.942487
37,13,128.970493
38,12,128.996499
35,15,129.029506
27,23,129.079517
28,22,129.127528
35,15,129.160535
32,18,129.200544
30,20,129.240552
6,44,129.331573
4,46,129.425595
31,19,129.469612
30,20,129.515614
24,26,129.571626
31,19,129.612635
24,26,129.668648
30,20,129.710658
41,9,129.730662
29,21,129.775671
32,18,129.814681
26,24,129.865692
40,10,129.888698
24,26,129.94471
25,25,129.998722
19,31,130.065737
28,22,130.111747
36,14,130.142754
25,25,130.197766
25,25,130.25578
24,26,130.314793
41,9,130.334797
-55,5,130.3478
40,10,130.367805
32,18,130.407813
38,12,130.43482
42,8,130.453824
40,10,130.47683
42,8,130.494832
31,19,130.539843
33,17,130.578852
31,19,130.626863
39,11,130.651867
37,13,130.681875
38,12,130.710881
34,16,130.74889
-63,13,130.779896
30,20,130.823107
17,33,130.900124
40,10,130.92413
40,10,130.947135
37,13,130.977142
30,20,131.021152
38,12,131.049158
-66,16,131.084167
32,18,131.124175
22,28,131.187188
23,27,131.249353
27,23,131.302387
35,15,131.336058
-56,6,131.350061
39,11,131.376067
40,10,131.398072
40,10,131.418076
20,30,131.483091
42,8,131.502095
38,12,131.529101
40,10,131.552107
26,24,131.605118
2,48,131.710142
30,20,131.756152
29,21,131.802162
23,27,131.861175
42,8,131.87918
25,25,131.936193
30,20,131.979202
33,17,132.016585
37,13,132.046345
38,12,132.072351
-67,17,132.110359
27,23,132.16037
35,15,132.192377
29,21,133.071575
41,9,133.092579
32,18,133.133588
18,32,133.205604
30,20,133.248715
36,14,133.278722
31,19,133.318731
26,24,133.37069
30,20,133.415701
32,18,133.455709
37,13,133.485715
36,14,133.517723
21,29,133.581632
32,18,133.621641
26,24,133.678654
30,20,133.723664
39,11,133.74867
8,42,133.844692
38,12,133.873698
40,10,133.896703
36,14,133.931711
22,28,133.997726
39,11,134.024732
33,17,134.065741
33,17,134.10475
38,12,134.132756
42,8,134.15076
42,8,134.169764
40,10,134.192769
26,24,134.244781
39,11,134.269787
31,19,134.312795
37,13,134.342803
30,20,134.391814
-55,5,134.403817
39,11,134.431823
33,17,134.474833
19,31,134.542848
38,12,134.568854
37,13,134.59786
32,18,134.63987
34,16,134.675877
34,16,134.710885
34,16,134.747894
35,15,134.7809
22,28,134.841915
30,20,134.886928
27,23,134.940941
38,12,134.968947
37,13,134.998953
36,14,135.030961
23,27,135.090974
31,19,135.131983
28,22,135.181205
31,19,135.223235
-59,9,135.244232
22,28,135.305235
26,24,135.358527
34,16,135.395536
27,23,135.445548
38,12,135.472554
22,28,135.537568
40,10,135.559572
36,14,135.58958
36,14,135.620586
36,14,135.650593
32,18,135.691602
37,13,135.72261
38,12,135.754616
-60,10,135.779622
38,12,135.806628
37,13,135.837635
32,18,135.881645
35,15,135.918653
22,28,135.985669
30,20,136.034679
28,22,136.08369
42,8,136.103695
26,24,136.160707
34,16,136.200716
30,20,136.246726
35,15,136.283735
28,22,136.334746
30,20,136.381757
35,15,136.417765
31,19,136.463775
38,12,136.490782
38,12,136.519787
29,21,136.570799
34,16,136.609808
24,26,136.66782
31,19,136.713831
36,14,136.748838
-59,9,136.769844
39,11,136.79685
40,10,136.820855
21,29,136.891871
34,16,136.93088
40,10,136.956886
28,22,137.010572
33,17,137.049581
35,15,137.08759
24,26,137.148603
30,20,137.195613
21,29,137.266629
32,18,137.308639
36,14,137.342647
37,13,137.372653
32,18,137.414662
34,16,137.454671
36,14,137.487678
41,9,137.509683
33,17,137.548693
27,23,137.603705
34,16,137.640713
37,13,137.67272
36,14,137.707728
39,11,137.734734
35,15,137.771742
26,24,138.686947
35,15,138.719955
40,10,138.740959
37,13,138.771967
35,15,138.805974
28,22,138.854985
34,16,138.890992
38,12,138.917999
34,16,138.952006
36,14,138.982013
34,16,139.020022
38,12,139.048028
35,15,139.084036
40,10,139.106041
41,9,139.127045
33,17,139.166054
18,32,139.240071
36,14,139.272078
34,16,139.309086
42,8,139.328091
37,13,139.356097
38,12,139.384102
27,23,139.438115
36,14,139.469122
38,12,139.497129
39,11,139.523134
38,12,139.549139
22,28,139.611154
25,25,139.664166
34,16,139.698174
24,26,139.755186
24,26,139.811198
40,10,139.833204
40,10,139.85621
36,14,139.887215
37,13,139.916221
35,15,139.949229
33,17,139.988238
34,16,140.024246
37,13,140.054412
-60,10,140.079418
34,16,140.120428
33,17,140.161436
37,13,140.190443
30,20,140.236453
39,11,140.263459
28,22,140.316471
34,16,140.353479
40,10,140.376484
37,13,140.406491
38,12,140.433497
28,22,140.484508
32,18,140.525517
31,19,140.567528
21,29,140.633541
38,12,140.661548
17,33,140.734563
33,17,140.773573
22,28,140.837718
34,16,140.873725
40,10,140.896731
32,18,140.938741
31,19,140.98375
38,12,141.010757
-8,58,141.145787
32,18,141.185796
-22,72,141.349832
34,16,141.38484
36,14,141.415847
27,23,141.464858
38,12,141.491865
37,13,141.52087
-6,56,141.648899
39,11,141.674906
34,16,141.711914
37,13,141.743921
35,15,141.777928
40,10,141.801934
37,13,141.833941
16,34,141.912959
38,12,141.942965
35,15,141.977973
40,10,142.001979
25,25,142.06215
34,16,142.100158
35,15,142.137167
40,10,142.162172
-63,13,142.191178
37,13,142.221185
34,16,142.256193
33,17,142.296202
26,24,142.351214
41,9,142.373219
24,26,142.435233
27,23,142.490246
40,10,142.51325
37,13,142.541257
35,15,142.579435
37,13,142.607442
31,19,142.648451
22,28,142.711465
22,28,142.772479
40,10,142.795484
38,12,142.82449
37,13,142.854497
42,8,142.874501
12,38,142.959521
40,10,142.983526
40,10,143.00553
37,13,143.033537
33,17,143.073545
42,8,143.092551
40,10,143.116555
34,16,143.153564
36,14,143.186571
34,16,143.223579
3,47,143.331604
37,13,144.215801
24,26,144.275815
26,24,144.331827
38,12,144.359834
33,17,144.400842
37,13,144.429849
-66,16,144.467858
-72,22,144.518869
25,25,144.578883
42,8,144.597887
11,39,144.686908
35,15,144.719914
38,12,144.74692
42,8,144.763924
31,19,144.808934
40,10,144.83194
37,13,144.861946
28,22,144.9121
18,32,144.984116
26,24,145.036128
-52,2,145.04113
6,44,145.138151
38,12,145.166157
35,15,145.200165
-56,6,145.213168
37,13,145.243175
35,15,145.275182
21,29,145.337195
39,11,145.361201
2,48,145.469225
37,13,145.498231
41,9,145.520236
40,10,145.542242
38,12,145.570247
34,16,145.605256
29,21,145.654267
38,12,145.682273
4,46,145.784295
35,15,145.820304
37,13,145.849311
29,21,145.898321
34,16,145.93433
36,14,145.966337
30,20,146.013532
33,17,146.05154
25,25,146.109554
36,14,146.14156
37,13,146.172568
-5,55,146.298596
40,10,146.3216
18,32,146.394617
36,14,146.425624
36,14,146.458631
35,15,146.493639
30,20,146.539649
34,16,146.577658
42,8,146.595662
34,16,146.63167
31,19,146.677681
22,28,146.744202
42,8,146.763206
-58,8,146.782211
42,8,146.800214
40,10,146.824219
40,10,146.846225
26,24,146.900236
14,36,146.986256
20,30,147.055271
31,19,147.098737
38,12,147.126743
-72,22,147.178512
39,11,147.206519
41,9,147.229525
39,11,147.25553
29,21,147.30054
16,34,147.380558
39,11,147.407565
38,12,147.43657
10,40,147.528591
34,16,147.566599
37,13,147.596606
32,18,147.637616
30,20,147.684626
26,24,147.740638
39,11,147.765644
-52,2,147.770646
33,17,147.810803
34,16,147.847811
36,14,147.880819
28,22,147.92983
41,9,147.951834
35,15,147.986861
33,17,148.025734
38,12,148.05274
31,19,148.09775
21,29,148.162765
42,8,148.180729
33,17,148.219738
38,12,148.246744
-59,9,148.268774
38,12,148.29578
35,15,148.330788
19,31,148.401803
29,21,148.448814
32,18,148.490824
-54,4,148.499826
34,16,148.536835
32,18,148.577843
38,12,148.603849
-59,9,148.624915
29,21,148.672859
23,27,148.735873
37,13,148.76588
26,24,148.820729
37,13,148.851736
37,13,148.880742
41,9,148.901747
36,14,149.77312
22,28,149.838135
33,17,149.880144
34,16,149.917153
-100,100,150.154206
36,14,150.189213
40,10,150.214219
40,10,150.238224
38,12,150.267231
-58,8,150.287236
34,16,150.326245
35,15,150.36243
8,42,150.460205
36,14,150.494213
39,11,150.519218
29,21,150.570229
-57,7,150.587233
40,10,150.609238
42,8,150.629244
-57,7,150.645247
30,20,150.694257
34,16,150.731266
39,11,150.757271
17,33,150.835289
28,22,150.888301
28,22,150.938312
26,24,150.998326
40,10,151.021332
30,20,151.069342
32,18,151.111351
37,13,151.139358
40,10,151.162363
41,9,151.184367
32,18,151.225377
36,14,151.257384
37,13,151.28839
41,9,151.311396
36,14,151.344403
9,41,151.438425
32,18,151.478433
24,26,151.539447
40,10,151.562452
40,10,151.586457
33,17,151.627466
33,17,151.668476
28,22,151.721487
23,27,151.787502
39,11,151.812508
30,20,151.860518
31,19,151.903528
40,10,151.926533
34,16,151.963542
36,14,151.994548
9,41,152.090739
40,10,152.115745
35,15,152.148752
28,22,152.199764
32,18,152.241773
38,12,152.270779
36,14,152.302787
32,18,152.345796
41,9,152.367802
38,12,152.395808
-58,8,152.413811
28,22,152.466824
36,14,152.502831
32,18,152.544841
35,15,152.580849
41,9,152.603855
39,11,152.63086
41,9,152.653866
37,13,152.684873
40,10,152.709878
-60,10,152.734884
34,16,152.773893
39,11,152.801899
16,34,152.882917
28,22,152.937929
37,13,152.971937
35,15,153.008945
20,30,153.083962
39,11,153.110969
22,28,153.175982
35,15,153.21199
38,12,153.241997
31,19,153.290008
37,13,153.321016
35,15,153.359023
32,18,153.402033
39,11,153.429039
35,15,153.463047
-57,7,153.480051
34,16,153.519059
32,18,153.564069
42,8,153.584074
25,25,153.645987
13,37,153.735007
36,14,153.771015
40,10,153.797021
36,14,153.831028
35,15,153.869037
16,34,153.952055
38,12,153.982062
36,14,154.013068
42,8,154.033075
40,10,154.059418
35,15,154.096426
25,25,154.159207
32,18,154.203218
34,16,154.243077
42,8,154.262082
29,21,154.316201
14,36,154.405202
37,13,154.435905
26,24,154.494785
40,10,154.51779
9,41,154.616095
-62,12,154.646102
36,14,155.545303
33,17,155.586312
34,16,155.625321
28,22,155.678334
27,23,155.731345
42,8,155.750349
18,32,155.824533
38,12,155.850539
30,20,155.89755
34,16,155.935558
40,10,155.960564
38,12,155.98757
36,14,156.019577
28,22,156.069588
28,22,156.1206
39,11,156.146605
28,22,156.197618
41,9,156.219622
35,15,156.25463
26,24,156.309642
24,26,156.368655
37,13,156.398662
42,8,156.418666
28,22,156.469678
28,22,156.520689
24,26,156.580702
26,24,156.634715
41,9,156.65572
27,23,156.711732
34,16,156.745739
38,12,156.775747
42,8,156.79475
11,39,156.88177
35,15,156.914777
38,12,156.940783
42,8,156.957787
41,9,156.976791
41,9,156.995795
38,12,157.023802
18,32,157.095818
42,8,157.112822
37,13,157.142829
34,16,157.178023
38,12,157.205028
-58,8,157.223032
39,11,157.248037
36,14,157.281045
26,24,157.334057
36,14,157.367065
42,8,157.384068
33,17,157.422077
34,16,157.459086
39,11,157.485091
29,21,157.533102
30,20,157.579113
30,20,157.627123
38,12,157.654129
41,9,157.676134
40,10,157.698139
17,33,157.774156
40,10,157.79716
30,20,157.844171
34,16,157.880179
34,16,157.915187
25,25,157.972201
32,18,158.013209
35,15,158.047217
41,9,158.068222
39,11,158.094227
39,11,158.122233
21,29,158.185247
4,46,158.291271
38,12,158.318277
28,22,158.369289
30,20,158.414299
33,17,158.453308
37,13,158.482314
40,10,158.505321
40,10,158.528324
32,18,158.569333
31,19,158.612343
27,23,158.664354
42,8,158.682359
17,33,158.756376
35,15,158.788383
36,14,158.820389
37,13,158.848396
23,27,158.907409
37,13,158.937416
41,9,158.95642
34,16,158.991428
38,12,159.018435
40,10,159.041439
28,22,159.089451
42,8,159.108454
40,10,159.13146
-10,60,159.26649
36,14,159.297496
36,14,159.330504
32,18,159.371513
38,12,159.399519
38,12,159.425525
36,14,159.457532
28,22,159.507544
33,17,159.546552
24,26,159.601565
42,8,159.619568
14,36,159.697587
42,8,159.71559
33,17,159.751598
-78,28,159.815612
34,16,159.853621
37,13,159.882627
-60,10,159.904632
40,10,159.929638
40,10,159.952643
25,25,160.007656
39,11,160.030661
36,14,160.061668
39,11,160.087673
35,15,160.11868
36,14,160.150687
30,20,160.991052
37,13,161.021059
36,14,161.050066
22,28,161.108079
31,19,161.148088
37,13,161.177094
15,35,161.251287
37,13,161.280294
39,11,161.304299
37,13,161.333306
31,19,161.372313
37,13,161.39932
38,12,161.425326
41,9,161.44633
40,10,161.467335
42,8,161.484339
30,20,161.528349
26,24,161.58036
35,15,161.612367
32,18,161.648375
38,12,161.675381
39,11,161.698387
36,14,161.728394
12,38,161.808411
-65,15,161.840419
38,12,161.865424
33,17,161.901432
36,14,161.933439
40,10,161.954444
39,11,161.976449
31,19,162.016458
41,9,162.034462
38,12,162.059467
36,14,162.088474
35,15,162.118481
31,19,162.159727
34,16,162.194734
37,13,162.222742
40,10,162.243745
42,8,162.260749
42,8,162.277753
33,17,162.313761
34,16,162.346769
22,28,162.40834
42,8,162.425343
38,12,162.451349
17,33,162.519364
42,8,162.536368
35,15,162.569376
39,11,162.595382
42,8,162.612386
37,13,162.642392
42,8,162.659396
33,17,162.696405
38,12,162.722411
36,14,162.753417
22,28,162.812431
20,30,162.879446
20,30,162.94546
29,21,162.99347
34,16,163.031479
41,9,163.051483
42,8,163.070487
24,26,163.130502
36,14,163.161508
42,8,163.178513
8,42,163.271533
28,22,163.319544
38,12,163.346552
35,15,163.378557
36,14,163.409564
38,12,163.43557
38,12,163.461576
36,14,163.490582
28,22,163.537593
35,15,163.569599
31,19,163.61061
34,16,163.645616
30,20,163.689627
30,20,163.731636
38,12,163.756641
38,12,163.782647
35,15,163.814655
41,9,163.833658
36,14,163.862665
41,9,163.88167
26,24,163.934463
29,21,163.977473
26,24,164.025483
38,12,164.05349
36,14,164.083497
29,21,164.127506
32,18,164.166515
33,17,164.202523
40,10,164.226528
38,12,164.252535
36,14,164.283541
37,13,164.311548
39,11,164.336553
39,11,164.359558
34,16,164.393566
22,28,164.450578
38,12,164.475584
41,9,164.493589
23,27,164.548601
38,12,164.573606
35,15,164.605614
30,20,164.649624
37,13,164.67763
34,16,164.711637
37,13,164.738643
38,12,164.76465
-60,10,164.786655
42,8,164.804658
37,13,164.831664
24,26,164.888899
34,16,164.923907
38,12,164.950913
39,11,164.974919
37,13,165.005926
29,21,165.051936
14,36,165.131663
36,14,165.16267
34,16,165.200678
34,16,165.237687
40,10,165.259691
41,9,165.278696
41,9,165.298701
36,14,165.328707
25,25,165.381916
36,14,166.212101
27,23,166.267114
33,17,166.307123
26,24,166.361135
26,24,166.414146
38,12,166.441153
42,8,166.460157
31,19,166.504167
34,16,166.540175
38,12,166.566983
38,12,166.59399
27,23,166.647964
41,9,166.669969
36,14,166.701174
38,12,166.72718
30,20,166.772189
41,9,166.793195
34,16,166.829203
37,13,166.857209
-53,3,166.86421
33,17,166.903219
41,9,166.923223
33,17,166.961232
20,30,167.028247
42,8,167.046251
40,10,167.069256
38,12,167.097263
42,8,167.114266
-62,12,167.14347
37,13,167.173477
22,28,167.234509
40,10,167.257515
-64,14,167.289522
32,18,167.330531
34,16,167.366539
40,10,167.388563
28,22,167.438574
42,8,167.458578
28,22,167.508589
35,15,167.543684
37,13,167.573691
28,22,167.621549
39,11,167.647556
36,14,167.680563
39,11,167.706569
38,12,167.734576
42,8,167.753475
-67,17,167.792484
31,19,167.834493
24,26,167.895507
42,8,167.914512
24,26,167.973544
33,17,168.010993
33,17,168.051058
38,12,168.080577
18,32,168.158172
-54,4,168.167174
36,14,168.201182
39,11,168.226187
38,12,168.253192
40,10,168.277198
40,10,168.300204
37,13,168.32921
38,12,168.356216
42,8,168.376221
39,11,168.403227
34,16,168.438234
26,24,168.495247
42,8,168.512251
32,18,168.557262
-58,8,168.576266
39,11,168.60127
42,8,168.622276
39,11,168.648281
41,9,168.670287
42,8,168.690291
28,22,168.738302
-57,7,168.755305
21,29,168.819319
36,14,168.852327
35,15,168.885334
25,25,168.939346
29,21,168.986357
36,14,169.016364
42,8,169.034368
34,16,169.070375
24,26,169.126388
34,16,169.162396
32,18,169.203405
39,11,169.228412
32,18,169.26842
25,25,169.322432
32,18,169.362441
24,26,169.417454
27,23,169.467465
42,8,169.485468
41,9,169.504472
40,10,169.528478
40,10,169.550483
42,8,169.567487
39,11,169.591492
16,34,169.66751
34,16,169.702517
42,8,169.719521
32,18,169.758529
42,8,169.776534
42,8,169.794538
28,22,169.841548
19,31,169.905562
30,20,169.949572
30,20,169.990581
39,11,170.015588
42,8,170.032591
28,22,170.078601
40,10,170.099606
30,20,170.140615
42,8,170.157619
-61,11,170.181624
35,15,170.21063
37,13,170.237637
38,12,170.261642
7,43,170.355663
32,18,170.395671
37,13,170.424678
32,18,170.462687
32,18,170.499696
25,25,170.553707
26,24,170.603719
-59,9,170.623723
31,19,170.662731
34,16,170.69574
37,13,170.721745
41,9,170.74175
36,14,170.769755
39,11,171.59494
39,11,171.618091
32,18,171.655099
-57,7,171.670103
33,17,171.705111
34,16,171.738118
2,48,171.839141
39,11,171.862146
42,8,171.87915
34,16,171.914158
30,20,171.956167
39,11,171.979172
29,21,172.024206
38,12,172.050211
42,8,172.067215
25,25,172.118227
40,10,172.140232
37,13,172.167405
29,21,172.213411
36,14,172.243174
13,37,172.319205
32,18,172.361215
34,16,172.395222
42,8,172.413227
38,12,172.439172
40,10,172.460176
42,8,172.478181
40,10,172.499185
40,10,172.521077
36,14,172.550085
40,10,172.571089
31,19,172.611218
42,8,172.627103
36,14,172.65711
26,24,172.70612
23,27,172.759131
33,17,172.79302
38,12,172.819026
33,17,172.854024
36,14,172.882033
42,8,172.897062
-61,11,172.918344
36,14,172.948367
39,11,172.971371
33,17,173.005379
42,8,173.021382
41,9,173.038386
30,20,173.078407
41,9,173.097411
35,15,173.127314
36,14,173.15732
37,13,173.184326
39,11,173.208332
41,9,173.228337
40,10,173.250341
40,10,173.271346
38,12,173.296352
7,43,173.384176
-7,57,173.503097
40,10,173.524169
31,19,173.563167
23,27,173.618926
38,12,173.642932
28,22,173.689168
29,21,173.733169
36,14,173.762171
36,14,173.791177
41,9,173.809181
38,12,173.834371
18,32,173.902386
42,8,173.918389
39,11,173.941394
21,29,174.001409
26,24,174.051419
28,22,174.10043
30,20,174.14344
42,8,174.160582
35,15,174.19259
19,31,174.254604
39,11,174.27861
36,14,174.308616
40,10,174.329621
30,20,174.37263
39,11,174.395656
37,13,174.423661
12,38,174.501679
32,18,174.539676
42,8,174.55668
28,22,174.600992
28,22,174.647002
36,14,174.676009
35,15,174.706016
-70,20,174.748025
32,18,174.786034
38,12,174.811039
38,12,174.836044
24,26,174.889295
33,17,174.924303
39,11,174.946307
42,8,174.963311
39,11,174.986316
36,14,175.014323
25,25,175.065335
33,17,175.099342
42,8,175.115345
40,10,175.13635
35,15,175.167357
36,14,175.197364
32,18,175.232371
39,11,175.255377
35,15,175.284383
41,9,175.304388
39,11,175.327393
35,15,175.3584
36,14,175.390408
32,18,175.426415
22,28,175.483428
42,8,175.499431
35,15,175.530438
40,10,175.551443
21,29,175.610456
29,21,175.652467
39,11,175.675471
40,10,175.695476
27,23,175.741486
29,21,175.783495
34,16,175.815503
38,12,175.840508
39,11,176.675914
25,25,176.727926
40,10,176.74893
37,13,176.774936
36,14,176.803942
33,17,176.83895
26,24,176.887962
27,23,176.935972
38,12,176.959977
38,12,176.984982
40,10,177.005988
24,26,177.058
38,12,177.083005
40,10,177.10301
40,10,177.124014
38,12,177.15002
26,24,177.198031
31,19,177.236039
32,18,177.273049
36,14,177.301054
39,11,177.325059
24,26,177.379071
15,35,177.452088
42,8,177.469092
39,11,177.492097
29,21,177.537107
42,8,177.555111
41,9,177.572114
38,12,177.59712
38,12,177.622125
21,29,177.683139
40,10,177.705145
40,10,177.72715
42,8,177.745153
35,15,177.776308
39,11,177.801313
36,14,177.830319
38,12,177.854325
42,8,177.871328
40,10,177.892332
40,10,177.915338
30,20,177.957347
39,11,177.980352
37,13,178.006358
34,16,178.039366
34,16,178.071373
27,23,178.118383
28,22,178.164393
31,19,178.203402
32,18,178.240411
24,26,178.293422
32,18,178.33043
32,18,178.368439
39,11,178.391444
42,8,178.408448
20,30,178.469461
42,8,178.486465
-3,53,178.59449
33,17,178.628497
39,11,178.650502
37,13,178.678509
30,20,178.719518
42,8,178.736521
-13,63,178.86455
30,20,178.906559
26,24,178.95557
42,8,178.972575
38,12,178.995579
42,8,179.012584
40,10,179.032588
30,20,179.074597
9,41,179.158616
-62,12,179.183621
37,13,179.210628
38,12,179.235633
38,12,179.259639
-52,2,179.26364
28,22,179.309649
32,18,179.345658
26,24,179.394669
39,11,179.418674
39,11,179.442679
41,9,179.461684
27,23,179.509695
38,12,179.536701
38,12,179.561707
-55,5,179.572709
37,13,179.601716
40,10,179.62172
40,10,179.644726
30,20,179.687735
34,16,179.718741
13,37,179.794758
38,12,179.818763
14,36,179.89178
40,10,179.911785
38,12,179.93579
36,14,179.963796
38,12,179.987802
38,12,180.012808
38,12,180.037813
23,27,180.094826
39,11,180.117831
37,13,180.145898
40,10,180.167903
41,9,180.186907
28,22,180.232917
42,8,180.248921
41,9,180.266924
10,40,180.346943
38,12,180.370949
-53,3,180.37695
36,14,180.405956
41,9,180.42396
-60,10,180.444965
38,12,180.470971
32,18,180.508979
30,20,180.550989
37,13,180.577994
40,10,180.597998
41,9,180.617003
39,11,180.641008
30,20,180.683018
14,36,180.760035
40,10,180.78104
42,8,180.798043
40,10,180.820048
16,34,180.891064
38,12,181.714249
38,12,181.740255
42,8,181.758259
37,13,181.786265
41,9,181.806269
33,17,181.845278
39,11,181.868283
36,14,181.900291
42,8,181.917295
29,21,181.959303
-55,5,181.970306
36,14,182.000313
30,20,182.043323
28,22,182.095334
42,8,182.118339
25,25,182.16935
-52,2,182.174351
35,15,182.205359
40,10,182.226363
28,22,182.277375
39,11,182.30238
39,11,182.326385
39,11,182.34839
-56,6,182.361393
39,11,182.383398
42,8,182.400402
42,8,182.417406
32,18,182.456415
39,11,182.479419
30,20,182.521429
41,9,182.540433
36,14,182.57044
40,10,182.591444
32,18,182.629453
39,11,182.652458
23,27,182.709471
37,13,182.737477
34,16,182.771485
38,12,182.79649
20,30,182.859248
34,16,182.893256
17,33,182.962271
40,10,182.983276
33,17,183.019284
41,9,183.038288
34,16,183.073472
36,14,183.103479
33,17,183.139487
33,17,183.174495
40,10,183.1955
40,10,183.217505
15,35,183.292522
41,9,183.310525
42,8,183.328529
37,13,183.356536
40,10,183.377541
25,25,183.428552
33,17,183.46356
40,10,183.484565
42,8,183.501568
36,14,183.531575
36,14,183.560582
40,10,183.581586
40,10,183.604591
36,14,183.634598
30,20,183.676608
41,9,183.695612
34,16,183.72962
39,11,183.752624
39,11,183.77563
-54,4,183.783632
19,31,183.848646
40,10,183.869651
40,10,183.891655
39,11,183.914662
33,17,183.951669
36,14,183.980675
42,8,183.99768
35,15,184.029686
39,11,184.052692
42,8,184.068695
38,12,184.0947
34,16,184.128709
32,18,184.164716
41,9,184.184721
37,13,184.212727
33,17,184.247735
-2,52,184.35676
31,19,184.396769
38,12,184.421774
37,13,184.44978
36,14,184.478787
38,12,184.503792
28,22,184.551803
29,21,184.595813
38,12,184.621819
32,18,184.658827
34,16,184.693835
38,12,184.719841
9,41,184.80486
-55,5,184.815862
37,13,184.843868
36,14,184.872875
34,16,184.908883
26,24,184.963895
40,10,184.9869
40,10,185.010906
40,10,185.033911
18,32,185.105927
41,9,185.125932
42,8,185.145937
37,13,185.174943
34,16,185.212951
40,10,185.237957
39,11,185.268965
36,14,185.302971
42,8,185.320976
42,8,185.338979
40,10,185.361985
-57,7,185.379989
35,15,185.413996
20,30,185.480011
38,12,185.508017
38,12,185.536024
38,12,185.56503
40,10,185.588035
16,34,185.666053
38,12,185.694059
26,24,185.749071
40,10,185.772076
39,11,185.798083
-59,9,185.819087
36,14,185.853094
40,10,185.875099
36,14,185.908107
38,12,185.936113
42,8,185.956118
34,16,185.993126
30,20,186.040136
42,8,186.05714
37,13,186.089147
34,16,186.125155
35,15,186.160163
31,19,187.093372
41,9,187.115377
38,12,187.142536
39,11,187.168541
41,9,187.189546
13,37,187.273565
35,15,187.305572
40,10,187.327577
37,13,187.355583
40,10,187.377588
-52,2,187.383589
40,10,187.405594
36,14,187.436601
-56,6,187.450605
32,18,187.488613
39,11,187.513619
35,15,187.545626
29,21,187.593776
39,11,187.619782
30,20,187.663791
36,14,187.694797
38,12,187.721804
36,14,187.753811
38,12,187.780818
40,10,187.802822
35,15,187.838963
42,8,187.856968
15,35,187.938986
-53,3,187.946988
42,8,187.963991
37,13,187.991998
37,13,188.021005
39,11,188.045009
39,11,188.070014
37,13,188.099022
8,42,188.193043
40,10,188.216048
36,14,188.247055
42,8,188.264058
33,17,188.301067
39,11,188.326072
36,14,188.358079
42,8,188.378084
42,8,188.395088
42,8,188.414092
38,12,188.442098
38,12,188.471104
21,29,188.539298
30,20,188.584308
41,9,188.604314
41,9,188.624317
39,11,188.650323
40,10,188.672328
42,8,188.691332
37,13,188.718338
-62,12,188.744344
34,16,188.780352
33,17,188.817361
30,20,188.863372
-10,60,188.9934
38,12,189.020406
39,11,189.043411
19,31,189.112427
38,12,189.139433
42,8,189.157437
38,12,189.184444
40,10,189.207448
39,11,189.231453
35,15,189.264461
40,10,189.285465
-59,9,189.30547
40,10,189.327474
29,21,189.373485
16,34,189.446511
40,10,189.467505
40,10,189.490511
42,8,189.507515
42,8,189.52552
41,9,189.545523
-2,52,189.654548
34,16,189.690557
30,20,189.735566
42,8,189.754571
30,20,189.800581
34,16,189.834589
42,8,189.853592
34,16,189.887793
40,10,189.909798
25,25,189.96381
39,11,189.986815
42,8,190.00682
35,15,190.041827
42,8,190.057831
34,16,190.092839
34,16,190.129847
37,13,190.159854
39,11,190.182859
39,11,190.206864
24,26,190.262878
35,15,190.295885
34,16,190.331892
38,12,190.356899
32,18,190.396908
42,8,190.41391
33,17,190.451919
30,20,190.493928
26,24,190.545941
33,17,190.580947
38,12,190.605954
33,17,190.641962
29,21,190.686972
41,9,190.707976
31,19,190.748986
37,13,190.776992
37,13,190.803998
42,8,190.821002
42,8,190.839006
38,12,190.865012
33,17,190.904021
42,8,190.922025
38,12,190.948031
38,12,190.976037
39,11,191.002042
31,19,191.045052
37,13,191.074058
32,18,191.111066
2,48,191.212089
-53,3,191.219091
37,13,191.245096
33,17,191.282105
36,14,191.311112
42,8,191.328115
39,11,191.351121
42,8,191.369124
35,15,191.401132
37,13,191.428138
38,12,191.454144
34,16,191.488151
37,13,191.518159
26,24,191.56917
42,8,191.587173
36,14,192.423361
40,10,192.445365
36,14,192.476372
36,14,192.507379
24,26,192.567392
34,16,192.602603
33,17,192.642613
35,15,192.675962
22,28,192.736976
42,8,192.75598
42,8,192.772984
37,13,192.802991
42,8,192.820995
36,14,192.852179
33,17,192.889187
37,13,192.919194
41,9,192.938198
29,21,192.984209
38,12,193.009215
30,20,193.054224
36,14,193.08323
33,17,193.12224
35,15,193.154246
41,9,193.174251
38,12,193.200257
41,9,193.220262
32,18,193.25927
41,9,193.278274
39,11,193.30428
38,12,193.331286
36,14,193.361293
35,15,193.3923
40,10,193.414305
39,11,193.43831
36,14,193.468316
42,8,193.486321
38,12,193.513327
26,24,193.565338
35,15,193.596345
24,26,193.653358
37,13,193.683366
29,21,193.729375
26,24,193.781387
36,14,193.812394
41,9,193.832399
34,16,193.867406
34,16,193.902414
40,10,193.925419
41,9,193.945424
36,14,193.977431
41,9,193.999436
32,18,194.040445
38,12,194.06545
32,18,194.103459
41,9,194.122463
42,8,194.140467
42,8,194.157471
35,15,194.190478
42,8,194.207482
38,12,194.232488
36,14,194.262494
31,19,194.304504
42,8,194.322508
40,10,194.344512
35,15,194.37852
38,12,194.405527
41,9,194.424531
38,12,194.451537
40,10,194.474542
42,8,194.492547
24,26,194.549558
29,21,194.596569
38,12,194.622575
-52,2,194.628576
40,10,194.650581
28,22,194.697592
34,16,194.7336
28,22,194.78161
36,14,194.812617
26,24,194.864629
38,12,194.891635
36,14,194.923643
38,12,194.948648
9,41,195.038593
34,16,195.074601
36,14,195.104608
41,9,195.125612
35,15,195.159823
33,17,195.195866
39,11,195.218775
41,9,195.23978
36,14,195.269787
34,16,195.305715
38,12,195.333181
40,10,195.355716
41,9,195.375906
37,13,195.404395
39,11,195.4294
40,10,195.454417
42,8,195.474422
37,13,195.503428
32,18,195.545438
39,11,195.571444
42,8,195.591448
38,12,195.619454
40,10,195.642463
35,15,195.678369
42,8,195.697365
37,13,195.727361
-62,12,195.754261
35,15,195.786991
40,10,195.808939
40,10,195.832883
25,25,195.889798
38,12,195.917804
40,10,195.94013
23,27,196.001144
38,12,196.028013
41,9,196.049018
38,12,196.076024
38,12,196.105132
39,11,196.129128
42,8,196.149133
41,9,196.170137
33,17,196.211147
20,30,196.283163
23,27,196.344176
25,25,196.402189
39,11,196.427195
38,12,196.455201
39,11,196.481207
28,22,196.535219
41,9,196.556032
41,9,196.577038
38,12,196.606044
-60,10,196.631049
37,13,196.659055
38,12,196.688062
38,12,196.718069
39,11,196.742074
41,9,196.763078
38,12,196.791086
42,8,196.81309
36,14,196.848952
42,8,196.869957
32,18,196.915968
41,9,196.938973
40,10,196.965876
42,8,196.98588
37,13,197.015888
40,10,197.914175
36,14,197.947182
41,9,197.968186
41,9,197.990192
42,8,198.009196
40,10,198.0322
36,14,198.065404
38,12,198.09241
35,15,198.128417
25,25,198.18727
25,25,198.246283
26,24,198.301558
38,12,198.329564
38,12,198.358571
38,12,198.387577
42,8,198.407582
37,13,198.437588
6,44,198.53561
27,23,198.589622
32,18,198.632632
42,8,198.650636
37,13,198.681643
39,11,198.706648
39,11,198.731654
37,13,198.763662
34,16,198.798669
35,15,198.831676
41,9,198.852681
42,8,198.869685
20,30,198.939701
35,15,198.973709
34,16,199.010716
42,8,199.028721
29,21,199.074732
40,10,199.098736
39,11,199.122743
41,9,199.142746
36,14,199.176754
42,8,199.196759
37,13,199.227766
36,14,199.260773
28,22,199.310785
40,10,199.334789
29,21,199.3828
30,20,199.42881
40,10,199.450815
40,10,199.475821
38,12,199.503827
34,16,199.540835
25,25,199.594847
42,8,199.614852
41,9,199.634856
34,16,199.672865
20,30,199.737879
40,10,199.759885
32,18,199.800894
42,8,199.819898
40,10,199.843903
39,11,199.868909
22,28,199.934923
39,11,199.958929
27,23,200.00894
37,13,200.037946
42,8,200.056951
39,11,200.081956
40,10,200.105962
37,13,200.136969
37,13,200.168976
39,11,200.192981
39,11,200.219987
40,10,200.241992
39,11,200.267998
34,16,200.304006
42,8,200.32201
37,13,200.354018
32,18,200.395026
30,20,200.441036
40,10,200.463042
28,22,200.510053
42,8,200.528056
39,11,200.555062
27,23,200.607074
33,17,200.648084
37,13,200.68009
39,11,200.705096
37,13,200.736103
29,21,200.782113
35,15,200.81612
40,10,200.840126
36,14,200.871133
42,8,200.889137
41,9,200.909141
38,12,200.938148
40,10,200.961153
36,14,200.99416
33,17,201.03217
15,35,201.112186
38,12,201.140193
42,8,201.161198
37,13,201.190204
39,11,201.21321
35,15,201.246217
39,11,201.271222
26,24,201.323234
31,19,201.366244
26,24,201.419256
37,13,201.447262
20,30,201.516277
31,19,201.558286
35,15,201.592294
-66,16,201.629302
42,8,201.647307
39,11,201.670312
38,12,201.696317
31,19,201.739327
34,16,201.775335
38,12,201.803342
23,27,201.864355
38,12,201.892361
40,10,201.915366
42,8,201.93337
31,19,201.97538
42,8,201.992383
39,11,202.017389
42,8,202.034393
18,32,202.107409
42,8,202.126414
38,12,202.152419
42,8,202.170424
38,12,202.19843
-7,57,202.324458
39,11,202.349464
36,14,202.383472
22,28,202.448486
40,10,202.470492
36,14,202.505499
41,9,202.526503
42,8,202.545508
37,13,202.576514
34,16,203.505887
42,8,203.522891
24,26,203.579903
38,12,203.605909
41,9,203.625914
42,8,203.644917
41,9,203.665936
39,11,203.689929
42,8,203.709933
41,9,203.730937
26,24,203.78695
38,12,203.814956
24,26,203.876971
42,8,203.896975
39,11,203.92298
37,13,203.953988
42,8,203.972991
40,10,203.996998
40,10,204.022002
38,12,204.050009
38,12,204.078015
41,9,204.09902
38,12,204.128026
38,12,204.156033
42,8,204.175036
36,14,204.206044
30,20,204.251054
40,10,204.27606
38,12,204.304065
35,15,204.341074
37,13,204.37108
35,15,204.406088
39,11,204.433095
39,11,204.4591
34,16,204.497109
38,12,204.526116
34,16,204.563124
42,8,204.582128
34,16,204.621136
39,11,204.647143
40,10,204.669147
42,8,204.690152
40,10,204.713157
42,8,204.733162
39,11,204.759168
35,15,204.794175
42,8,204.81218
34,16,204.851188
42,8,204.869192
36,14,204.899382
36,14,204.931389
37,13,204.959395
42,8,204.9764
33,17,205.012408
42,8,205.031412
38,12,205.059418
40,10,205.080423
40,10,205.102427
38,12,205.128433
42,8,205.147438
-5,55,205.268464
25,25,205.323477
38,12,205.349483
40,10,205.371488
41,9,205.391492
39,11,205.415498
33,17,205.452506
38,12,205.477511
42,8,205.495515
32,18,205.533524
42,8,205.550527
39,11,205.574533
40,10,205.595538
37,13,205.624544
35,15,205.656551
37,13,205.685558
40,10,205.708564
26,24,205.761575
42,8,205.77858
38,12,205.804585
38,12,205.83059
39,11,205.854596
28,22,205.901606
37,13,205.930613
42,8,205.949617
40,10,205.970621
38,12,205.998628
41,9,206.018632
28,22,206.069644
36,14,206.101651
42,8,206.119656
36,14,206.152663
42,8,206.171667
27,23,206.223679
38,12,206.252686
-31,81,206.43187
40,10,206.455875
35,15,206.487882
41,9,206.508887
30,20,206.554897
36,14,206.586905
40,10,206.609909
38,12,206.637916
42,8,206.65592
-63,13,206.685927
-61,11,206.711932
37,13,206.742939
36,14,206.773947
42,8,206.79195
-57,7,206.806953
27,23,206.860966
42,8,206.878969
41,9,206.898974
39,11,206.92498
39,11,206.950986
42,8,206.967989
40,10,206.991995
40,10,207.015
42,8,207.034004
39,11,207.057009
40,10,207.080015
42,8,207.099019
39,11,207.125025
42,8,207.143028
41,9,207.164034
36,14,207.19604
37,13,207.227047
42,8,207.245051
42,8,207.265057
42,8,207.28306
19,31,207.354076
40,10,207.377081
20,30,207.443096
39,11,207.467101
31,19,207.50911
39,11,207.536117
35,15,207.570125
40,10,207.594314
38,12,207.620319
40,10,207.643325
35,15,207.677332
42,8,207.695336
26,24,207.751349
23,27,207.813363
-63,13,207.844369
41,9,207.864374
41,9,207.884378
30,20,207.928388
40,10,207.950393
40,10,207.973919
41,9,207.994923
40,10,208.016927
40,10,208.037933
-55,5,208.050936
26,24,208.103948
38,12,208.131953
41,9,208.975142
37,13,209.004149
42,8,209.022152
39,11,209.047158
34,16,209.082166
37,13,209.112173
40,10,209.134177
38,12,209.161183
38,12,209.18919
27,23,209.238201
41,9,209.258206
42,8,209.27621
39,11,209.300215
41,9,209.321219
39,11,209.345225
31,19,209.386234
-56,6,209.401237
37,13,209.429437
41,9,209.449442
40,10,209.472447
41,9,209.492452
42,8,209.511456
40,10,209.533461
39,11,209.560467
38,12,209.588473
42,8,209.605477
18,32,209.681494
41,9,209.7035
32,18,209.744509
40,10,209.766513
38,12,209.793519
42,8,209.813524
37,13,209.84153
34,16,209.878538
42,8,209.897542
42,8,209.916548
36,14,209.948555
41,9,209.968558
29,21,210.01657
37,13,210.045576
37,13,210.075583
42,8,210.093586
39,11,210.118592
36,14,210.150599
41,9,210.170604
28,22,210.216614
40,10,210.237618
39,11,210.261624
40,10,210.284629
26,24,210.33564
39,11,210.358645
38,12,210.384652
39,11,210.408657
38,12,210.434815
41,9,210.453819
40,10,210.475832
39,11,210.499829
39,11,210.522834
42,8,210.539838
39,11,210.562843
36,14,210.59285
16,34,210.666867
42,8,210.684871
17,33,210.754886
38,12,210.781066
35,15,210.813074
30,20,210.856083
42,8,210.872087
-58,8,210.890091
36,14,210.919097
37,13,210.948104
42,8,210.964108
39,11,210.988113
29,21,211.032123
37,13,211.059129
2,48,211.159151
40,10,211.182157
42,8,211.200161
38,12,211.227167
40,10,211.249171
38,12,211.275177
37,13,211.302183
42,8,211.318187
40,10,211.339192
37,13,211.367504
41,9,211.387508
40,10,211.408513
40,10,211.429764
36,14,211.459771
41,9,211.478775
35,15,211.509782
39,11,211.532786
33,17,211.567795
35,15,211.601658
39,11,211.624663
34,16,211.659468
38,12,211.685474
40,10,211.706479
37,13,211.733485
36,14,211.763492
38,12,211.78872
37,13,211.816726
19,31,211.883741
38,12,211.908747
38,12,211.933752
41,9,211.953757
42,8,211.971761
42,8,211.989764
39,11,212.014771
41,9,212.034775
28,22,212.082786
38,12,212.108791
39,11,212.131796
20,30,212.196811
42,8,212.214815
41,9,212.23582
39,11,212.259825
39,11,212.28383
33,17,212.322839
40,10,212.344844
42,8,212.362848
33,17,212.400857
41,9,212.419861
26,24,212.470872
37,13,212.499879
37,13,212.528885
40,10,212.55289
-72,22,212.601901
40,10,212.624907
40,10,212.647912
35,15,212.68292
36,14,212.712926
38,12,212.740933
36,14,212.770939
42,8,212.788943
35,15,212.822951
41,9,212.841955
41,9,212.86196
38,12,212.888965
42,8,212.90597
40,10,212.927975
42,8,212.94614
15,35,213.025058
40,10,213.048064
28,22,213.099099
42,8,213.119104
38,12,213.148111
41,9,213.168115
40,10,213.192121
33,17,213.230129
39,11,213.255134
37,13,213.284141
30,20,213.329151
42,8,213.347175
29,21,213.395185
36,14,213.427193
38,12,213.4572
40,10,213.480205
39,11,214.358402
38,12,214.387408
40,10,214.411413
39,11,214.437419
38,12,214.466426
40,10,214.48943
42,8,214.508435
38,12,214.536745
42,8,214.555748
42,8,214.576754
42,8,214.596757
15,35,214.678776
33,17,214.72147
42,8,214.742475
-55,5,214.755477
42,8,214.775482
40,10,214.799487
41,9,214.821492
5,45,214.928516
40,10,214.953522
39,11,214.981528
38,12,215.010535
36,14,215.045542
40,10,215.071548
40,10,215.095554
39,11,215.12456
42,8,215.144564
36,14,215.179572
38,12,215.208578
36,14,215.243586
36,14,215.277594
36,14,215.312601
36,14,215.34861
38,12,215.379617
31,19,215.426628
40,10,215.452633
42,8,215.471638
37,13,215.502644
33,17,215.543654
41,9,215.566659
40,10,215.590664
30,20,215.640675
41,9,215.663681
28,22,215.720694
33,17,215.764704
35,15,215.803712
37,13,215.837719
40,10,215.863725
40,10,215.890733
29,21,215.945744
41,9,215.969749
38,12,216.000756
42,8,216.020761
38,12,216.052768
38,12,216.085775
42,8,216.10778
42,8,216.129785
41,9,216.15379
35,15,216.1958
37,13,216.232808
41,9,216.258813
39,11,216.286821
36,14,216.322828
27,23,216.382842
36,14,216.41885
34,16,216.46486
40,10,216.492866
18,32,216.580887
37,13,216.617894
39,11,216.6459
41,9,216.669906
40,10,216.698912
42,8,216.721917
19,31,216.804936
38,12,216.836943
33,17,216.880952
31,19,216.936966
-56,6,216.952969
38,12,216.984977
36,14,217.020984
36,14,217.059994
34,16,217.104003
-70,20,217.164223
36,14,217.203232
36,14,217.243242
41,9,217.268247
38,12,217.301255
42,8,217.32426
39,11,217.354266
41,9,217.376271
40,10,217.404277
19,31,217.488296
40,10,217.516303
37,13,217.55131
38,12,217.584317
41,9,217.610324
42,8,217.632328
14,36,217.732352
42,8,217.754356
40,10,217.782362
39,11,217.810368
-57,7,217.829372
38,12,217.86338
36,14,217.902389
37,13,217.940397
38,12,217.97577
37,13,218.013779
41,9,218.041786
41,9,218.069446
36,14,218.108454
39,11,218.140462
39,11,218.171468
41,9,218.197474
34,16,218.243484
38,12,218.276492
23,27,218.351508
33,17,218.396519
39,11,218.426525
32,18,218.473536
40,10,218.501542
39,11,218.53255
38,12,218.564557
38,12,218.599564
42,8,218.620569
38,12,218.656578
41,9,218.677582
35,15,218.721591
36,14,218.7626
42,8,218.786607
27,23,218.853622
33,17,218.900632
39,11,218.933639
42,8,218.956645
42,8,218.98065
38,12,219.015657
42,8,219.041663
42,8,219.06667
24,26,219.144686
41,9,219.172858
39,11,219.205866
34,16,219.251706
35,15,219.294715
42,8,219.321721
40,10,219.352729
42,8,219.376733
39,11,219.407741
42,8,219.429746
36,14,219.467754
42,8,219.491759
36,14,219.526767
41,9,219.550772
42,8,219.573778
42,8,219.596782
37,13,219.632791
36,14,219.670761
33,17,219.71077
27,23,219.769782
39,11,219.798788
38,12,219.827795
30,20,220.821118
34,16,220.859127
36,14,220.891135
40,10,220.91414
39,11,220.942146
42,8,220.962151
37,13,220.996086
39,11,221.026093
38,12,221.0541
38,12,221.084106
41,9,221.112112
38,12,221.140119
38,12,221.169125
41,9,221.19206
40,10,221.216066
38,12,221.245247
42,8,221.264252
26,24,221.322479
40,10,221.346483
41,9,221.369489
34,16,221.409497
6,44,221.515521
42,8,221.534525
40,10,221.559531
40,10,221.584537
-61,11,221.613543
39,11,221.64155
37,13,221.674557
37,13,221.706565
34,16,221.744573
36,14,221.77858
40,10,221.802753
41,9,221.824758
42,8,221.844762
32,18,221.888772
40,10,221.913778
-60,10,221.937783
41,9,221.961788
42,8,221.980792
41,9,222.003798
29,21,222.054809
42,8,222.076814
33,17,222.117824
39,11,222.14583
41,9,222.168835
42,8,222.185838
39,11,222.214845
40,10,222.23885
42,8,222.259855
42,8,222.279859
39,11,222.305866
38,12,222.334872
40,10,222.358878
42,8,222.379881
40,10,222.403887
41,9,222.424892
36,14,222.4579
39,11,222.482905
40,10,222.50791
36,14,222.540918
42,8,222.560922
37,13,222.591929
39,11,222.618085
-16,66,222.770119
37,13,222.799125
42,8,222.817129
37,13,222.848136
40,10,222.871142
42,8,222.891146
42,8,222.911151
39,11,222.940157
-68,18,222.982144
36,14,223.016152
41,9,223.037157
42,8,223.055161
41,9,223.076165
30,20,223.122175
39,11,223.14618
37,13,223.175188
42,8,223.195192
-58,8,223.212196
40,10,223.236201
11,39,223.322221
42,8,223.339224
36,14,223.370231
36,14,223.402238
28,22,223.451249
42,8,223.468253
36,14,223.499259
42,8,223.515264
36,14,223.54627
39,11,223.571276
38,12,223.599282
34,16,223.635291
40,10,223.657296
38,12,223.685302
40,10,223.707306
26,24,223.758318
18,32,223.829334
40,10,223.850338
37,13,223.878345
32,18,223.918353
37,13,223.94636
36,14,223.976367
39,11,223.999372
38,12,224.025378
14,36,224.101394
34,16,224.135402
40,10,224.159408
40,10,224.181412
39,11,224.206418
40,10,224.228423
35,15,224.26143
42,8,224.278434
40,10,224.299439
37,13,224.328446
36,14,224.357452
37,13,224.384458
38,12,224.410464
21,29,224.471478
39,11,224.494483
37,13,224.523489
37,13,224.553496
34,16,224.587503
38,12,224.613509
37,13,224.642515
40,10,224.663521
40,10,224.684526
34,16,224.722533
39,11,224.746539
37,13,224.774546
21,29,224.83556
42,8,224.853563
-59,9,224.873568
37,13,224.902574
42,8,224.918577
40,10,224.941582
40,10,224.963587
35,15,224.996595
39,11,225.0206
42,8,225.037604
42,8,225.054608
32,18,225.093616
41,9,225.11228
42,8,225.130285
42,8,225.148288
35,15,225.181296
36,14,225.210302
42,8,225.228307
36,14,225.260315
39,11,225.28632
33,17,225.321812
34,16,225.356821
-61,11,225.379825
29,21,225.425835
33,17,225.462843
40,10,225.483848
40,10,226.33604
40,10,226.359044
38,12,226.38805
41,9,226.409055
41,9,226.430059
40,10,226.453065
-67,17,226.493073
40,10,226.517079
42,8,226.534083
34,16,226.569091
39,11,226.593096
32,18,226.633105
36,14,226.665112
41,9,226.685116
40,10,226.707121
34,16,226.74613
39,11,226.770136
34,16,226.806144
40,10,226.82815
35,15,226.861156
37,13,226.889163
25,25,226.944174
39,11,226.97018
38,12,226.997186
40,10,227.020192
41,9,227.040196
40,10,227.062201
40,10,227.083205
33,17,227.120214
38,12,227.144219
35,15,227.177227
31,19,227.220236
38,12,227.245243
35,15,227.277249
38,12,227.305255
38,12,227.331261
-54,4,227.340262
41,9,227.360268
41,9,227.381273
40,10,227.404278
21,29,227.468293
37,13,227.498298
29,21,227.543308
42,8,227.562312
21,29,227.626327
42,8,227.64333
38,12,227.671337
20,30,227.737352
39,11,227.762357
39,11,227.787363
33,17,227.824372
39,11,227.851377
42,8,227.869382
40,10,227.891386
35,15,227.924393
41,9,227.943398
42,8,227.961402
31,19,228.001553
42,8,228.019558
42,8,228.038561
42,8,228.055565
38,12,228.08157
42,8,228.100575
40,10,228.12358
42,8,228.142584
37,13,228.171591
38,12,228.198597
37,13,228.228604
36,14,228.261611
42,8,228.280615
40,10,228.30362
40,10,228.327627
34,16,228.364634
41,9,228.384639
40,10,228.407644
-52,2,228.413645
40,10,228.43765
40,10,228.459655
40,10,228.48266
40,10,228.503665
37,13,228.533671
38,12,228.560678
41,9,228.581682
39,11,228.607689
42,8,228.626693
38,12,228.655699
36,14,228.686706
42,8,228.70471
38,12,228.730716
37,13,228.759722
40,10,228.782727
42,8,228.801732
34,16,228.83974
41,9,228.857744
42,8,228.876749
26,24,228.929761
42,8,228.946764
38,12,228.97377
42,8,228.992774
41,9,229.012779
33,17,229.050788
39,11,229.076794
37,13,229.1068
41,9,229.127805
38,12,229.155811
32,18,229.195819
30,20,229.24183
40,10,229.264836
37,13,229.294842
40,10,229.317847
-64,14,229.349855
37,13,229.378861
39,11,229.404034
38,12,229.430039
34,16,229.466047
42,8,229.486052
25,25,229.543064
41,9,229.563069
35,15,229.595076
38,12,229.621082
39,11,229.646087
40,10,229.669092
39,11,229.693099
40,10,229.717103
38,12,229.74411
36,14,229.774116
39,11,229.798121
37,13,229.827128
40,10,229.850133
40,10,229.872138
27,23,229.92415
42,8,229.943154
38,12,229.96916
37,13,229.997166
38,12,230.025172
40,10,230.048178
41,9,230.069182
42,8,230.088186
39,11,230.113193
37,13,230.143199
30,20,230.189209
36,14,230.221216
31,19,230.263226
36,14,230.294233
42,8,230.312237
35,15,230.345244
42,8,230.362248
37,13,230.392255
42,8,230.410259
40,10,230.432265
29,21,230.478274
42,8,230.495277
38,12,230.521283
42,8,230.537287
37,13,230.564293
41,9,230.583297
38,12,230.610303
27,23,230.658314
40,10,230.680319
35,15,230.714327
42,8,230.73133
13,37,230.810348
42,8,230.828352
33,17,230.86336
40,10,230.883365
39,11,230.90637
34,16,231.742556
42,8,231.760561
39,11,231.784566
41,9,231.80557
42,8,231.824574
40,10,231.84758
41,9,231.867585
42,8,231.88459
41,9,231.903593
42,8,231.920596
40,10,231.945602
37,13,231.974609
40,10,231.996614
38,12,232.02362
40,10,232.044624
35,15,232.078632
38,12,232.106638
39,11,232.130644
37,13,232.15865
28,22,232.20466
23,27,232.260673
34,16,232.29568
41,9,232.315685
39,11,232.33869
-61,11,232.362696
42,8,232.380699
39,11,232.405705
37,13,232.434711
35,15,232.468719
36,14,232.498725
40,10,232.52173
37,13,232.550737
39,11,232.573742
41,9,232.593747
40,10,232.615752
42,8,232.633756
37,13,232.663268
30,20,232.705385
41,9,232.725469
34,16,232.761469
40,10,232.783515
23,27,232.840286
32,18,232.879293
42,8,232.897298
42,8,232.915303
34,16,232.951309
42,8,232.969314
41,9,232.989318
40,10,233.010323
34,16,233.044447
39,11,233.069453
38,12,233.096459
30,20,233.142469
42,8,233.160473
35,15,233.195481
40,10,233.218486
38,12,233.246493
28,22,233.296504
-55,5,233.309507
25,25,233.36752
42,8,233.383523
38,12,233.409529
40,10,233.432534
40,10,233.454538
35,15,233.487547
39,11,233.511551
41,9,233.532556
42,8,233.549561
41,9,233.568564
42,8,233.587569
38,12,233.614575
-54,4,233.624577
34,16,233.659584
38,12,233.688592
41,9,233.709596
42,8,233.728601
41,9,233.748605
41,9,233.769609
38,12,233.795615
34,16,233.830623
34,16,233.865631
40,10,233.886636
41,9,233.906641
36,14,233.935646
36,14,233.967654
42,8,233.984658
41,9,234.005662
42,8,234.023666
40,10,234.045671
38,12,234.070677
33,17,234.107685
31,19,234.150695
40,10,234.171699
37,13,234.199706
38,12,234.226712
41,9,234.246716
40,10,234.270721
34,16,234.30873
33,17,234.346738
36,14,234.378745
41,9,234.39975
41,9,234.418755
36,14,234.449761
38,12,234.477768
42,8,234.495773
37,13,234.522778
41,9,234.543783
40,10,234.565805
42,8,234.583809
41,9,234.604814
40,10,234.626817
38,12,234.652823
40,10,234.675829
39,11,234.700834
39,11,234.726947
40,10,234.748952
32,18,234.789961
24,26,234.844973
40,10,234.866978
34,16,234.900986
40,10,234.923991
39,11,234.949997
37,13,234.979003
42,8,234.999007
42,8,235.017011
40,10,235.040163
39,11,235.06617
41,9,235.087174
37,13,235.117182
42,8,235.135185
41,9,235.15619
38,12,235.183196
37,13,235.214203
41,9,235.235207
29,21,235.281218
37,13,235.311225
40,10,235.33523
40,10,235.356235
21,29,235.423249
32,18,235.466259
37,13,235.496265
39,11,235.523272
30,20,235.569282
40,10,235.591287
41,9,235.612292
42,8,235.630296
28,22,235.681307
33,17,235.719316
39,11,235.746321
39,11,235.771327
40,10,235.793332
41,9,235.815337
42,8,235.834341
40,10,235.857346
42,8,235.876351
42,8,235.893355
39,11,235.91936
41,9,235.940365
42,8,235.959369
38,12,235.987376
33,17,236.026385
40,10,236.04839
37,13,236.078396
41,9,236.099401
40,10,236.121406
38,12,236.147412
42,8,236.165416
30,20,236.210425
-64,14,236.240432
35,15,236.272439
42,8,236.289443
38,12,236.316449
41,9,237.139378
-52,2,237.144379
41,9,237.166384
34,16,237.202393
32,18,237.242401
38,12,237.269407
26,24,237.324419
42,8,237.342423
40,10,237.366429
41,9,237.388434
42,8,237.406438
42,8,237.426443
35,15,237.46045
40,10,237.484456
33,17,237.523464
38,12,237.553471
40,10,237.579635
40,10,237.60264
32,18,237.64465
42,8,237.663654
31,19,237.706664
42,8,237.725667
38,12,237.752674
40,10,237.775679
40,10,237.798684
41,9,237.818688
41,9,237.839693
38,12,237.866699
39,11,237.893705
40,10,237.91671
40,10,237.938715
40,10,237.960721
39,11,237.985725
42,8,238.00473
38,12,238.032906
37,13,238.062913
41,9,238.083917
33,17,238.123926
42,8,238.142931
38,12,238.170938
-61,11,238.195943
39,11,238.221948
37,13,238.250954
36,14,238.284963
38,12,238.310968
29,21,238.35998
38,12,238.387985
42,8,238.405989
32,18,238.447999
34,16,238.482006
29,21,238.531017
38,12,238.558023
40,10,238.579028
38,12,238.607034
41,9,238.628039
29,21,238.67405
39,11,238.697054
33,17,238.736063
39,11,238.760068
42,8,238.778072
38,12,238.803078
38,12,238.830084
34,16,238.865092
42,8,238.883096
42,8,238.9001
38,12,238.927105
36,14,238.956967
32,18,238.995975
41,9,239.015979
38,12,239.042986
42,8,239.059989
37,13,239.088997
28,22,239.137006
39,11,239.162014
40,10,239.184017
40,10,239.206022
40,10,239.229027
38,12,239.254033
-6,56,239.373059
42,8,239.390063
42,8,239.407067
32,18,239.445076
42,8,239.46408
38,12,239.491086
34,16,239.526093
41,9,239.546098
38,12,239.572104
40,10,239.593109
18,32,239.660124
42,8,239.678128
37,13,239.706134
38,12,239.73314
16,34,239.810636
32,18,239.852026
39,11,239.878032
42,8,239.896036
12,38,239.984209
39,11,240.011216
42,8,240.02922
40,10,240.053225
40,10,240.07723
39,11,240.104237
42,8,240.123357
19,31,240.199374
42,8,240.217379
40,10,240.241384
40,10,240.26539
40,10,240.290395
32,18,240.335405
42,8,240.359411
38,12,240.388417
39,11,240.413423
37,13,240.44643
40,10,240.472436
38,12,240.502442
34,16,240.540451
38,12,240.568457
38,12,240.598464
37,13,240.629471
41,9,240.652476
35,15,240.688484
35,15,240.723492
41,9,240.744496
41,9,240.767502
42,8,240.786506
29,21,240.836517
41,9,240.856522
42,8,240.875526
37,13,240.906533
39,11,240.931538
37,13,240.961545
35,15,240.996553
42,8,241.015557
41,9,241.036562
40,10,241.059566
36,14,241.092574
39,11,241.11758
35,15,241.153589
34,16,241.190596
39,11,241.218602
40,10,241.243422
42,8,241.262426
37,13,241.295433
34,16,241.333442
35,15,241.368449
42,8,241.387454
33,17,241.429463
41,9,241.452469
40,10,241.477475
37,13,241.511482
41,9,241.534487
17,33,241.613504
41,9,241.634509
35,15,241.668517
34,16,241.706527
36,14,241.738532
28,22,241.789544
41,9,241.810549
38,12,241.838555
15,35,242.758902
18,32,242.826917
37,13,242.855923
42,8,242.872927
33,17,242.908936
26,24,242.958947
28,22,243.005957
35,15,243.037965
38,12,243.064159
33,17,243.101167
42,8,243.11717
39,11,243.141176
36,14,243.171183
36,14,243.200189
40,10,243.222194
40,10,243.244199
40,10,243.266204
41,9,243.286209
41,9,243.304213
35,15,243.339221
9,41,243.42824
38,12,243.454246
38,12,243.480251
39,11,243.504257
38,12,243.531263
42,8,243.549267
41,9,243.569273
40,10,243.591277
42,8,243.609282
42,8,243.628285
40,10,243.65029
40,10,243.672295
-11,61,243.803324
39,11,243.82833
40,10,243.851335
42,8,243.87034
40,10,243.893344
28,22,243.943355
42,8,243.96236
40,10,243.984365
35,15,244.017372
37,13,244.044378
42,8,244.062383
42,8,244.080386
41,9,244.10039
37,13,244.130398
37,13,244.159554
42,8,244.178558
39,11,244.203564
42,8,244.223568
39,11,244.247574
41,9,244.267578
41,9,244.287583
38,12,244.313588
41,9,244.333592
28,22,244.380603
42,8,244.398607
40,10,244.421612
42,8,244.438617
41,9,244.45762
38,12,244.484627
42,8,244.502631
30,20,244.54664
39,11,244.569645
36,14,244.598652
40,10,244.620657
22,28,244.68067
42,8,244.698675
23,27,244.757688
42,8,244.775692
42,8,244.793696
36,14,244.823703
-59,9,244.842706
34,16,244.876714
15,35,244.952731
36,14,244.983738
41,9,245.002743
37,13,245.029748
37,13,245.058755
40,10,245.08076
34,16,245.115767
40,10,245.137773
36,14,245.167779
37,13,245.196786
39,11,245.221791
16,34,245.294808
38,12,245.319813
37,13,245.34982
37,13,245.378827
39,11,245.401832
40,10,245.424837
36,14,245.455843
38,12,245.481849
33,17,245.519859
34,16,245.555866
33,17,245.592875
38,12,245.620882
42,8,245.639885
42,8,245.658889
36,14,245.689896
36,14,245.721903
41,9,245.740908
42,8,245.758912
36,14,245.78992
18,32,245.857934
40,10,245.879938
32,18,245.918948
42,8,245.937952
38,12,245.965958
19,31,246.033974
39,11,246.059979
39,11,246.084984
42,8,246.101988
27,23,246.151999
42,8,246.170003
36,14,246.202012
32,18,246.24402
24,26,246.300033
42,8,246.319037
37,13,246.348043
42,8,246.365047
40,10,246.386052
33,17,246.42406
41,9,246.445066
41,9,246.465079
42,8,246.482073
30,20,246.528084
38,12,246.557091
36,14,246.589098
27,23,246.642109
38,12,246.670116
38,12,246.698122
42,8,246.717126
39,11,246.741131
39,11,246.766137
41,9,246.788142
37,13,246.817149
38,12,246.843154
42,8,246.860158
39,11,246.885164
40,10,246.906169
42,8,246.925173
-54,4,246.934174
28,22,246.982437
42,8,247.001441
42,8,247.019445
39,11,247.045451
32,18,247.08546
40,10,247.107465
16,34,247.182482
40,10,247.205487
16,34,248.105876
42,8,248.12488
29,21,248.175891
42,8,248.194895
1,49,248.308921
40,10,248.332927
41,9,248.353932
31,19,248.395941
40,10,248.416945
32,18,248.455954
38,12,248.482959
42,8,248.500964
41,9,248.519969
40,10,248.540972
34,16,248.57498
42,8,248.594985
42,8,248.611988
40,10,248.634994
10,40,248.726044
40,10,248.749048
42,8,248.768053
38,12,248.794059
39,11,248.820065
18,32,248.89008
40,10,248.912086
41,9,248.932089
37,13,248.961097
34,16,248.997104
40,10,249.019109
40,10,249.042114
40,10,249.06512
36,14,249.096126
33,17,249.134135
37,13,249.163142
42,8,249.180145
6,44,249.277167
40,10,249.299172
34,16,249.334179
-74,24,249.385191
42,8,249.402195
39,11,249.427201
33,17,249.47221
38,12,249.501217
16,34,249.573233
37,13,249.60324
42,8,249.621244
41,9,249.642248
41,9,249.663253
40,10,249.686259
41,9,249.707263
26,24,249.759274
40,10,249.78128
38,12,249.808286
42,8,249.82729
40,10,249.849295
42,8,249.869299
36,14,249.908308
34,16,249.943316
42,8,249.96032
40,10,249.982324
34,16,250.017332
37,13,250.04634
36,14,250.075346
38,12,250.101351
42,8,250.119356
41,9,250.140374
40,10,250.167366
26,24,250.23038
40,10,250.253385
41,9,250.27339
42,8,250.290394
38,12,250.3174
35,15,250.350407
39,11,250.375413
36,14,250.40742
40,10,250.429425
36,14,250.462432
39,11,250.488438
33,17,250.525446
39,11,250.551452
38,12,250.579458
41,9,250.600463
-62,12,250.627469
38,12,250.656476
42,8,250.674479
26,24,250.729492
42,8,250.748496
38,12,250.776503
40,10,250.799508
36,14,250.831514
21,29,250.90053
40,10,250.923535
42,8,250.943539
36,14,250.977548
24,26,251.040561
42,8,251.060565
42,8,251.07957
39,11,251.105576
41,9,251.127581
39,11,251.155587
40,10,251.178592
28,22,251.229878
42,8,251.249883
42,8,251.268887
33,17,251.309896
41,9,251.331901
40,10,251.356907
34,16,251.392915
38,12,251.420921
41,9,251.441926
42,8,251.46093
41,9,251.481935
35,15,251.517942
32,18,251.562953
41,9,251.584958
35,15,251.623967
42,8,251.643971
20,30,251.714987
39,11,251.742993
41,9,251.764998
42,8,251.785002
37,13,251.814009
40,10,251.837014
32,18,251.879024
41,9,251.900028
41,9,251.921033
41,9,251.941038
40,10,251.966043
37,13,251.99605
40,10,252.020056
40,10,252.045061
-65,15,252.079068
41,9,252.099072
42,8,252.118076
34,16,252.156085
39,11,252.183092
42,8,252.202095
35,15,252.239104
38,12,252.267111
35,15,252.302118
42,8,252.323123
17,33,252.401141
37,13,252.433147
39,11,252.458154
32,18,252.500162
38,12,252.529169
42,8,252.550174
29,21,252.601185
40,10,252.625191
29,21,252.676202
38,12,252.706208
32,18,252.753219
41,9,252.774224
41,9,252.797229
23,27,253.705634
40,10,253.729639
42,8,253.748643
34,16,253.787651
41,9,253.809656
38,12,253.835662
42,8,253.855667
39,11,253.880672
42,8,253.898677
29,21,253.947868
42,8,253.966872
40,10,253.992653
40,10,254.021311
36,14,254.055319
36,14,254.090326
38,12,254.118332
36,14,254.15134
38,12,254.178345
38,12,254.205351
38,12,254.233358
23,27,254.295371
36,14,254.328379
42,8,254.348383
32,18,254.389393
33,17,254.429401
32,18,254.471411
23,27,254.536425
39,11,254.561431
40,10,254.585436
33,17,254.627446
40,10,254.650451
39,11,254.676457
42,8,254.695461
32,18,254.73647
-59,9,254.757475
38,12,254.786482
39,11,254.814487
31,19,254.859499
31,19,254.906508
41,9,254.927513
37,13,254.95652
38,12,254.986527
42,8,255.00653
22,28,255.073545
35,15,255.110554
41,9,255.132559
42,8,255.151563
42,8,255.171567
42,8,255.188571
41,9,255.210577
40,10,255.233581
40,10,255.255586
40,10,255.277591
40,10,255.302791
39,11,255.327797
41,9,255.349802
19,31,255.424022
36,14,255.457029
40,10,255.481035
40,10,255.504041
-57,7,255.521031
38,12,255.548037
38,12,255.576043
40,10,255.599048
32,18,255.641057
40,10,255.666064
39,11,255.691069
34,16,255.729078
37,13,255.760084
37,13,255.787902
42,8,255.806905
42,8,255.827018
39,11,255.851031
38,12,255.878987
36,14,255.912234
24,26,255.972037
42,8,255.991041
42,8,256.010046
39,11,256.036051
42,8,256.056056
40,10,256.079061
39,11,256.106066
41,9,256.128072
31,19,256.171082
38,12,256.199087
40,10,256.224093
25,25,256.286106
34,16,256.323115
42,8,256.34412
33,17,256.384129
40,10,256.406133
40,10,256.43014
37,13,256.461146
37,13,256.492153
39,11,256.518159
40,10,256.543165
21,29,256.610179
34,16,256.647188
42,8,256.66636
40,10,256.691366
39,11,256.717372
40,10,256.742378
-2,52,256.870406
37,13,256.903414
32,18,256.952425
41,9,256.972429
36,14,257.005436
37,13,257.037444
42,8,257.056447
37,13,257.086455
28,22,257.139467
41,9,257.160471
42,8,257.181476
42,8,257.20048
39,11,257.225485
40,10,257.248491
38,12,257.276497
42,8,257.295501
39,11,257.319506
39,11,257.345512
31,19,257.389522
42,8,257.408527
31,19,257.452537
42,8,257.47054
39,11,257.497546
40,10,257.519552
42,8,257.538555
41,9,257.55956
34,16,257.596569
41,9,257.616573
38,12,257.644579
40,10,257.669585
41,9,257.690589
42,8,257.708593
42,8,257.727598
40,10,257.751604
40,10,257.777609
32,18,257.818618
39,11,257.844624
38,12,257.872631
42,8,257.891635
42,8,257.909639
38,12,257.937646
40,10,257.963651
36,14,257.997659
25,25,258.055671
35,15,258.09268
41,9,258.114684
30,20,258.161696
42,8,258.179699
37,13,258.209706
34,16,258.247714
-57,7,258.263718
27,23,258.31773
42,8,258.334734
33,17,258.374742
42,8,258.393747
41,9,258.414752
41,9,258.435756
40,10,258.458762
-13,63,259.535232
42,8,259.55424
36,14,259.586248
42,8,259.605252
36,14,259.64026
40,10,259.663265
36,14,259.696273
39,11,259.723278
42,8,259.744283
41,9,259.766289
30,20,259.811298
36,14,259.842305
34,16,259.877547
40,10,259.901438
42,8,259.919441
40,10,259.943269
40,10,259.965277
36,14,259.998285
42,8,260.017308
38,12,260.045314
40,10,260.06932
42,8,260.087324
31,19,260.131063
37,13,260.162071
37,13,260.191077
40,10,260.215083
31,19,260.258092
40,10,260.282098
40,10,260.306103
38,12,260.33411
32,18,260.377119
40,10,260.400124
40,10,260.42313
42,8,260.441133
-12,62,260.580164
42,8,260.594167
42,8,260.608171
36,14,260.633176
41,9,260.649179
42,8,260.663183
32,18,260.69519
38,12,260.716195
34,16,260.744201
41,9,260.760205
36,14,260.788211
40,10,260.806216
30,20,260.842223
37,13,260.867229
-58,8,260.882233
40,10,260.901237
32,18,260.935244
36,14,260.96025
40,10,260.979254
39,11,261.000259
37,13,261.026265
38,12,261.049269
41,9,261.080276
34,16,261.111284
39,11,261.130288
33,17,261.160294
36,14,261.1853
20,30,261.240312
41,9,261.256316
38,12,261.27732
11,39,261.345335
-55,5,261.354337
34,16,261.383344
38,12,261.404349
40,10,261.421353
41,9,261.437356
35,15,261.464362
40,10,261.481366
40,10,261.498369
29,21,261.536378
41,9,261.551382
42,8,261.566385
40,10,261.585539
37,13,261.610544
41,9,261.627548
34,16,261.656554
41,9,261.674558
39,11,261.698563
36,14,261.72657
42,8,261.741574
37,13,261.766579
22,28,261.81959
33,17,261.854599
41,9,261.871603
22,28,261.926615
21,29,261.982627
41,9,261.999631
39,11,262.021636
37,13,262.045641
40,10,262.063646
42,8,262.077649
32,18,262.108655
42,8,262.123659
40,10,262.140805
22,28,262.194818
42,8,262.210822
40,10,262.229825
40,10,262.24883
39,11,262.270835
39,11,262.29284
42,8,262.308842
34,16,262.341851
33,17,262.386047
39,11,262.412052
31,19,262.453062
35,15,262.486069
42,8,262.502073
38,12,262.525078
42,8,262.540082
37,13,262.563086
42,8,262.57809
34,16,262.607246
39,11,262.628251
38,12,262.650255
41,9,262.66726
20,30,262.725273
38,12,262.749278
40,10,262.769283
32,18,262.809292
-86,36,262.876307
26,24,262.925317
41,9,262.942321
31,19,262.97933
35,15,263.009336
31,19,263.055346
30,20,263.095356
40,10,263.113359
27,23,263.158369
-60,10,263.178373
33,17,263.212382
42,8,263.227385
25,25,263.274395
38,12,263.2974
42,8,263.313654
36,14,263.340659
40,10,263.359607
42,8,263.374806
38,12,263.396811
36,14,263.422817
39,11,263.444822
36,14,263.470828
39,11,263.490832
40,10,263.509836
41,9,263.527841
33,17,263.560849
