#{"t_start": 1655819325.104448, "env_id": "env.spec.id"}
r,l,t
-70,20,0.055012
-55,5,0.071015
-93,43,0.17804
-65,15,0.217048
-87,37,0.308069
-55,5,0.321071
-67,17,0.365081
-61,11,0.389086
-58,8,0.409091
-52,2,0.416092
-87,37,0.512978
-52,2,0.517979
-59,9,0.539984
-52,2,0.547986
33,17,0.58913
-90,40,0.687152
-68,18,0.733162
-57,7,0.750166
-53,3,0.758168
-52,2,0.764169
-70,20,0.814181
-78,28,0.881196
-63,13,0.913202
-67,17,0.953211
-52,2,0.958213
-100,50,1.07824
8,42,1.180267
-79,29,1.253284
-58,8,1.273288
-53,3,1.28129
-66,16,1.319298
-78,28,1.379311
-96,46,1.477333
-68,18,1.515342
-100,50,1.621368
-54,4,1.63037
-64,14,1.660377
-60,10,1.683382
-56,6,1.696385
-68,18,1.734393
-69,19,1.775402
-58,8,1.793407
-61,11,1.817412
-60,10,1.839417
-144,94,2.039593
-61,11,2.063598
-54,4,2.0726
-54,4,2.081602
-72,22,2.127613
-68,18,2.166621
-78,28,2.227635
-56,6,2.240638
-88,38,2.320656
-84,34,2.391671
-89,39,2.47269
-80,30,2.536704
-64,14,2.56671
-52,2,2.571712
-60,10,2.594717
-57,7,2.60972
-56,6,2.622723
-65,15,2.655731
-62,12,2.680736
-53,3,2.687738
-77,27,2.745751
-57,7,2.760754
-53,3,2.767756
-57,7,2.782759
-58,8,2.800763
-55,5,2.811766
-85,35,2.886782
-98,48,2.987805
-57,7,3.003808
-90,40,3.086827
-78,28,3.14684
-57,7,3.161844
-56,6,3.174846
-56,6,3.18885
-70,20,3.230859
37,13,3.259865
-59,9,3.278869
-68,18,3.317004
-72,22,3.364015
-72,22,3.411025
-82,32,3.47904
-60,10,3.501045
-77,27,3.559059
-79,29,3.621072
-56,6,3.634075
-63,13,3.661081
-59,9,3.680085
-53,3,3.687087
-56,6,3.700089
-62,12,3.726204
-55,5,3.738206
-68,18,3.776214
-64,14,3.806221
-62,12,3.832227
-58,8,3.849231
-60,10,3.871236
-54,4,3.880238
-57,7,3.896241
-52,2,3.901242
-82,32,3.968257
-53,3,3.975259
-58,8,3.992263
-70,20,4.035272
-91,41,4.121291
-63,13,4.149298
-71,21,4.193307
-64,14,4.224314
-67,17,4.260323
-53,3,4.267324
-59,9,4.287328
-52,2,4.291329
-65,15,4.324337
-54,4,4.333338
-74,24,4.38335
-64,14,4.414357
-67,17,4.450365
-55,5,4.462368
-92,42,4.550387
-82,32,5.379706
-52,2,5.384707
-56,6,5.39771
-64,14,5.427717
-64,14,5.457723
-95,45,5.550744
-69,19,5.591753
-105,55,5.706779
-100,100,5.913825
-94,44,6.005845
-92,42,6.097988
-80,30,6.165003
-61,11,6.190008
-90,40,6.279029
-53,3,6.288031
-66,16,6.322038
-69,19,6.362048
-57,7,6.378051
-86,36,6.453068
-70,20,6.496077
-61,11,6.520082
-66,16,6.55409
-60,10,6.576095
-86,36,6.652112
-53,3,6.659114
-68,18,6.697122
-104,54,6.809147
-61,11,6.833152
-93,43,6.923172
-74,24,6.974184
-78,28,7.033199
-55,5,7.044202
-106,56,7.160228
24,26,7.21524
-56,6,7.229244
-61,11,7.252249
-82,32,7.320264
-84,34,7.392401
-65,15,7.424404
-68,18,7.462412
-125,75,7.619447
-109,59,7.743475
-69,19,7.783483
-81,31,7.847498
-52,2,7.852499
-52,2,7.8575
-63,13,7.885506
-72,22,7.931516
-122,72,8.08155
-52,2,8.086551
-80,30,8.149565
-65,15,8.181572
-53,3,8.188574
-90,40,8.271593
-74,24,8.322604
-70,20,8.364613
-56,6,8.378617
-78,28,8.437629
-65,15,8.469636
-84,34,8.540653
-83,33,8.609668
-75,25,8.66168
-55,5,8.672682
-72,22,8.719693
-95,45,8.812838
-55,5,8.82384
-71,21,8.86785
-69,19,8.907859
-56,6,8.920862
-73,23,8.968872
-80,30,9.030886
-66,16,9.064894
-79,29,9.125908
-56,6,9.138911
-82,32,9.205925
-52,2,9.210927
-125,75,9.367962
-64,14,9.396968
-96,46,9.49299
-67,17,9.528997
-102,52,9.637022
-110,60,10.523334
-83,33,10.593349
-52,2,10.598351
-96,46,10.694372
-57,7,10.709375
-68,18,10.747385
-69,19,10.788393
-70,20,10.830402
-59,9,10.850407
-69,19,10.890416
-89,39,10.973606
-89,39,11.053624
-59,9,11.073629
-79,29,11.133642
-76,26,11.187654
-63,13,11.215661
-105,55,11.329688
-55,5,11.341691
-77,27,11.397703
-85,35,11.470834
-125,75,11.62787
-66,16,11.661878
-114,64,11.794907
-125,75,11.950942
-66,16,11.983949
-55,5,11.995952
28,22,12.042088
-61,11,12.065093
-55,5,12.077096
-110,60,12.201124
25,25,12.254136
-64,14,12.284142
-70,20,12.327152
-82,32,12.394167
-100,100,12.605214
-57,7,12.621218
-93,43,12.711238
-58,8,12.729242
-56,6,12.742244
-78,28,12.800258
-52,2,12.805259
-77,27,12.862396
-81,31,12.92641
-59,9,12.946415
-100,100,13.151461
-107,57,13.271487
-74,24,13.322499
-62,12,13.348505
-86,36,13.422521
18,32,13.489537
-70,20,13.531546
-78,28,13.589559
-62,12,13.615564
-80,30,13.677578
-86,36,13.753595
-80,30,13.816609
-60,10,13.837614
-111,61,13.964642
-70,20,14.007652
-65,15,14.039659
-75,25,14.09067
-102,52,14.197697
-70,20,14.239707
-66,16,14.273714
-70,20,14.316723
-72,22,14.362734
-56,6,14.376737
-96,46,14.473758
-58,8,14.490762
-60,10,14.511767
-74,24,14.562778
-68,18,14.599787
-95,45,14.694809
-88,38,15.533995
-64,14,15.564002
-62,12,15.590128
-58,8,15.608132
24,26,15.664144
-66,16,15.697152
-57,7,15.712155
-106,56,15.829181
-55,5,15.840299
-100,100,16.047344
-67,17,16.083353
-56,6,16.096355
-61,11,16.120361
-78,28,16.179374
-75,25,16.232386
-72,22,16.278396
-80,30,16.342411
-141,91,16.530452
-55,5,16.541455
-131,81,16.709492
-74,24,16.760504
-78,28,16.818517
-91,41,16.902536
-86,36,16.978552
-65,15,17.009559
-97,47,17.107584
-126,76,17.264619
-137,87,17.444659
-30,80,17.610697
-98,48,17.711719
-52,2,17.71672
-100,100,17.922766
-100,100,18.130813
-105,55,18.244838
-70,20,18.286847
-100,50,18.38987
-72,22,18.43688
-76,26,18.490893
-63,13,18.517898
-76,26,18.571911
-77,27,18.628923
-77,27,18.684936
-70,20,18.726945
-53,3,18.733947
-70,20,18.775956
-110,60,18.899984
-99,49,19.002007
-117,67,19.141038
-55,5,19.15204
-104,54,19.265065
-84,34,19.336081
-65,15,19.368088
-78,28,19.426101
-58,8,19.443105
-87,37,19.521122
-129,79,19.684266
-79,29,19.74528
-119,69,20.647481
-56,6,20.660485
-142,92,20.853528
-64,14,20.884534
-58,8,20.901538
-70,20,20.944548
-100,50,21.049698
-55,5,21.061701
1,49,21.165724
-70,20,21.209733
-99,49,21.312756
-96,46,21.409778
-52,2,21.414779
-100,100,21.624829
-58,8,21.642833
-73,23,21.690844
-101,51,21.797868
-99,49,21.901891
-54,4,21.910893
-56,6,21.923896
-59,9,21.943901
-67,17,21.979908
-136,86,22.158948
11,39,22.240967
-100,100,22.450115
-100,100,22.659162
-100,100,22.869344
-96,46,22.966366
-85,35,23.039383
-62,12,23.065388
-89,39,23.147406
-100,100,23.357453
-143,93,23.554497
-62,12,23.580503
-97,47,23.682526
-56,6,23.695529
-99,49,23.802658
-67,17,23.840666
-83,33,23.912683
-103,53,24.029708
-77,27,24.089721
-100,50,24.199746
-100,100,24.417795
-100,100,24.637844
-100,100,24.855893
30,20,25.682193
-94,44,25.777214
-68,18,25.818223
-95,45,25.915245
-109,59,26.043274
-100,100,26.258321
-77,27,26.317334
-62,12,26.34434
-65,15,26.377348
-77,27,26.435361
-63,13,26.464367
-82,32,26.534383
-63,13,26.564389
-96,46,26.664516
-52,2,26.668517
-99,49,26.775541
-77,27,26.833554
-53,3,26.841555
-69,19,26.882564
-82,32,26.95158
-100,100,27.169149
-62,12,27.195155
-141,91,27.391198
-138,88,27.582241
-87,37,27.663259
-100,100,27.878406
-92,42,27.970427
-80,30,28.036442
-63,13,28.065448
-57,7,28.081451
-100,100,28.295499
-104,54,28.412525
-134,84,28.593566
-148,98,28.804613
-76,26,28.861625
-100,100,29.076674
-82,32,29.146689
-77,27,29.205817
-100,100,29.420866
-111,61,29.552895
-85,35,29.628912
-149,99,29.842959
-115,65,29.983991
-57,7,29.999994
-145,95,30.986335
-73,23,31.037347
-75,25,31.091358
-64,14,31.122365
-77,27,31.180378
-109,59,31.307406
-100,100,31.522454
-77,27,31.580467
-59,9,31.600472
15,35,31.677489
-82,32,31.747505
-62,12,31.774511
-145,95,31.979557
-100,100,32.195722
-67,17,32.23273
-74,24,32.284741
-90,40,32.37076
-80,30,32.436775
-86,36,32.515793
-87,37,32.595811
-96,46,32.695833
-137,87,32.881874
-100,100,33.097923
-91,41,33.185942
-100,100,33.400993
-100,100,33.617042
-74,24,33.669053
-96,46,33.769076
-60,10,33.792081
-71,21,33.837091
-100,50,33.946115
-100,100,34.161163
-84,34,34.235179
-52,2,34.241181
-60,10,34.263186
-100,100,34.479234
24,26,34.535247
-64,14,34.565253
-106,56,34.68628
-100,100,34.901328
-100,100,35.117377
-79,29,35.18039
-106,56,35.300417
-131,81,36.268633
-67,17,36.306642
-60,10,36.328647
-60,10,36.351652
-100,100,36.564699
-67,17,36.600707
-65,15,36.633714
-121,71,36.786749
-73,23,36.83776
-87,37,36.917778
-55,5,36.929781
-5,55,37.047807
-98,48,37.151833
-79,29,37.215847
-18,68,37.36088
7,43,37.4539
-100,100,37.669952
-102,52,37.782977
-70,20,37.826987
13,37,37.907005
-90,40,37.993024
-89,39,38.077043
-109,59,38.204071
-99,49,38.310095
-84,34,38.384111
-73,23,38.434122
-75,25,38.490135
-82,32,38.55915
-100,100,38.775198
-66,16,38.810206
-100,100,39.024254
-139,89,39.218297
-64,14,39.248304
-99,49,39.354327
-132,82,39.531367
-100,100,39.746415
-105,55,39.866442
-74,24,39.918453
-111,61,40.051483
-100,100,40.266661
-7,57,40.389688
-61,11,40.413693
-73,23,40.463705
-80,30,40.52972
-134,84,41.502937
-73,23,41.552948
-58,8,41.570952
-107,57,41.692979
-87,37,41.772997
-83,33,41.845013
-10,60,41.975042
-27,77,42.141082
-111,61,42.273111
-81,31,42.340127
16,34,42.415143
-86,36,42.493161
-78,28,42.554174
-54,4,42.563176
-62,12,42.590182
-139,89,42.781746
-64,14,42.812753
-69,19,42.854762
-73,23,42.904773
-54,4,42.913775
-89,39,42.998795
-116,66,43.141826
-93,43,43.234847
-80,30,43.299862
-58,8,43.317866
-94,44,43.413887
2,48,43.516911
-101,51,43.626935
-99,49,43.733958
-64,14,43.764965
-114,64,43.902996
-53,3,43.909998
-52,2,43.914999
-149,99,44.130047
-72,22,44.178058
-100,100,44.393106
-74,24,44.445118
-18,68,44.59115
-94,44,44.687171
-76,26,44.744184
-58,8,44.762188
-109,59,44.890216
-134,84,45.070256
-59,9,45.091261
-59,9,45.111266
-59,9,45.13227
-88,38,45.214288
-13,63,45.35232
-100,100,45.565367
-67,17,45.603376
6,44,45.697397
-81,31,45.764411
-60,10,46.580726
-64,14,46.611733
-100,50,46.719757
-63,13,46.748764
-58,8,46.765767
-118,68,46.913919
-78,28,46.973933
-65,15,47.00794
-68,18,47.046949
-59,9,47.065953
-64,14,47.096961
-74,24,47.150124
-59,9,47.169128
-77,27,47.229141
-110,60,47.35817
-98,48,47.462193
-57,7,47.478197
-69,19,47.519206
-99,49,47.62523
-83,33,47.696245
-100,100,47.912293
-100,100,48.128342
-116,66,48.271374
-85,35,48.347393
-58,8,48.365397
-67,17,48.402405
-59,9,48.42241
-62,12,48.448416
-58,8,48.466419
-84,34,48.540437
-59,9,48.561441
-61,11,48.585446
-118,68,48.732479
-56,6,48.745482
-148,98,48.957529
-68,18,48.997539
-77,27,49.055551
-90,40,49.141571
-63,13,49.170577
-80,30,49.234591
-87,37,49.314609
-142,92,49.512653
-74,24,49.563664
-60,10,49.58667
-56,6,49.599672
-59,9,49.619677
-60,10,49.6428
26,24,49.693812
-72,22,49.741822
-72,22,49.789833
-96,46,49.887855
-62,12,49.91486
-67,17,49.950869
-83,33,50.022885
-65,15,50.055892
-100,100,50.27094
-67,17,50.308949
-138,88,50.498991
10,40,50.58601
-82,32,50.656026
-67,17,50.694035
-61,11,50.71904
15,35,50.795057
-58,8,50.813061
-125,75,50.974097
-74,24,51.815285
-81,31,51.8833
-61,11,51.908305
-65,15,51.941313
-89,39,52.025332
-52,2,52.030333
-56,6,52.043336
-6,56,52.165363
-87,37,52.245381
-71,21,52.291391
-76,26,52.348404
-130,80,52.520445
-66,16,52.555452
-64,14,52.586459
-67,17,52.624468
-62,12,52.650474
-54,4,52.660476
-71,21,52.706486
-126,76,52.869523
-61,11,52.894528
-56,6,52.907531
-79,29,52.970545
-76,26,53.028558
17,33,53.099574
-65,15,53.132581
-137,87,53.320623
-73,23,53.370634
-57,7,53.386638
-91,41,53.476658
7,43,53.569679
-96,46,53.669701
-83,33,53.741717
-55,5,53.75372
-97,47,53.855743
-82,32,53.924758
-100,100,54.140811
-68,18,54.17982
-74,24,54.231832
-59,9,54.251836
-97,47,54.353859
-55,5,54.365861
-65,15,54.398868
-57,7,54.413872
-60,10,54.436877
-92,42,54.527897
-22,72,54.682932
-61,11,54.706937
-100,50,54.815962
-85,35,54.891979
-70,20,54.935988
-56,6,54.950992
-101,51,55.061016
-60,10,55.084022
-72,22,55.132032
-97,47,55.233055
-61,11,55.25706
-66,16,55.292068
-67,17,55.330076
-53,3,55.337078
-87,37,55.417096
-31,81,55.590134
-83,33,55.662151
-83,33,55.734166
-65,15,55.768174
-77,27,55.826187
-68,18,55.865196
-76,26,55.922209
-3,53,56.037234
-56,6,56.051237
-88,38,56.133255
-108,58,56.259284
-60,10,57.068574
24,26,57.125586
-63,13,57.154593
-71,21,57.200713
-65,15,57.234721
21,29,57.297735
-53,3,57.304736
-142,92,57.504781
-54,4,57.513783
-52,2,57.518784
-96,46,57.619807
-82,32,57.689823
-64,14,57.720829
-55,5,57.732832
-52,2,57.738833
-64,14,57.77084
-77,27,57.829973
-72,22,57.877984
-57,7,57.894988
-61,11,57.918993
-92,42,58.011013
-72,22,58.060025
9,41,58.149044
-54,4,58.159047
-53,3,58.166048
24,26,58.224061
-54,4,58.234063
-59,9,58.254068
-28,78,58.424106
-57,7,58.440109
-53,3,58.447111
-64,14,58.478118
-100,50,58.587142
-61,11,58.611147
25,25,58.66716
-56,6,58.680163
-59,9,58.700167
-52,2,58.705168
-52,2,58.711169
-76,26,58.768182
-64,14,58.800189
-70,20,58.844199
-56,6,58.858202
-56,6,58.872205
-57,7,58.888209
-70,20,58.933219
-70,20,58.977229
-64,14,59.007236
-55,5,59.019238
-62,12,59.045244
-94,44,59.141266
-100,50,59.249408
-52,2,59.254409
-52,2,59.25941
-78,28,59.321424
7,43,59.416445
-56,6,59.430448
-97,47,59.533471
-62,12,59.560477
35,15,59.594485
-55,5,59.605488
-59,9,59.626492
-76,26,59.683505
-55,5,59.696507
-63,13,59.725514
-81,31,59.79353
-54,4,59.801531
-52,2,59.807532
-72,22,59.855543
-55,5,59.866546
19,31,59.935561
32,18,59.97557
-57,7,59.991573
-58,8,60.009577
-58,8,60.027581
-63,13,60.055588
-80,30,60.122602
-9,59,60.252632
-64,14,60.283639
-76,26,60.341652
-105,55,60.463679
-83,33,60.536695
-52,2,60.541696
-54,4,60.551698
-56,6,60.565701
-78,28,60.626715
-61,11,60.65072
-69,19,60.69373
-58,8,60.712734
-53,3,60.719736
-64,14,60.751743
-56,6,60.765746
-86,36,60.844764
35,15,60.878772
-52,2,60.883773
-65,15,60.91678
-80,30,60.982795
-73,23,61.032805
-16,66,61.177838
-57,7,61.193842
-53,3,61.200843
-73,23,61.251854
-53,3,61.258856
-55,5,61.270859
-60,10,61.292864
-58,8,61.311868
-37,87,61.500911
-59,9,61.521914
-68,18,61.561924
-52,2,61.566925
-58,8,61.583929
27,23,62.421487
-104,54,62.538513
-94,44,62.634535
9,41,62.722554
-53,3,62.729556
21,29,62.792571
-56,6,62.806573
-55,5,62.818576
-80,30,62.88359
30,20,62.9276
-53,3,62.934602
-64,14,62.964608
-76,26,63.021621
-60,10,63.043626
-81,31,63.111641
-73,23,63.162652
-58,8,63.180657
-55,5,63.191659
-41,91,63.387703
-77,27,63.447717
-52,2,63.452717
-76,26,63.50973
-59,9,63.529734
-57,7,63.545738
-61,11,63.569744
-60,10,63.591748
-59,9,63.612753
-56,6,63.626756
-59,9,63.646761
-57,7,63.661764
-97,47,63.764787
38,12,63.790793
-64,14,63.8218
-89,39,63.908819
-89,39,63.992838
-54,4,64.00184
-54,4,64.012842
-61,11,64.036848
-86,36,64.115865
-53,3,64.122867
-121,71,64.276901
-65,15,64.309908
-108,58,64.435936
-59,9,64.455941
-81,31,64.523956
31,19,64.565966
-83,33,64.636981
-87,37,64.717
-56,6,64.730002
23,27,64.790015
-54,4,64.799017
-53,3,64.806019
-56,6,64.820022
-54,4,64.829024
16,34,64.903041
-55,5,64.914043
-83,33,64.98706
-82,32,65.056075
-61,11,65.08008
-57,7,65.096084
-61,11,65.121089
-59,9,65.141093
34,16,65.176102
-53,3,65.183103
-61,11,65.208109
-69,19,65.250118
-61,11,65.275125
-56,6,65.288127
-52,2,65.294128
-53,3,65.30113
-54,4,65.310132
-56,6,65.324135
-64,14,65.355142
-56,6,65.368144
-79,29,65.432159
-69,19,65.474168
-60,10,65.496173
-65,15,65.52918
-64,14,65.560187
-54,4,65.570189
-63,13,65.599196
-76,26,65.656209
-60,10,65.679214
-63,13,65.70722
-54,4,65.717223
-67,17,65.754231
-53,3,65.761232
-71,21,65.807243
-58,8,65.825247
-53,3,65.833248
-66,16,65.868256
-53,3,65.875258
-58,8,65.893262
-70,20,65.937272
-9,59,66.0653
-53,3,66.072302
-70,20,66.117312
-58,8,66.135316
15,35,66.211333
-58,8,66.229337
-72,22,66.277348
-76,26,66.33436
-55,5,66.345363
13,37,66.42638
-52,2,66.431382
-67,17,66.46839
-54,4,66.477392
-73,23,66.527403
-52,2,66.532404
-52,2,66.537406
-63,13,66.565412
-75,25,66.620424
-63,13,66.64843
-52,2,66.654431
-89,39,66.73845
-58,8,66.756454
-77,27,66.815468
18,32,66.884483
-54,4,67.679784
10,40,67.766804
-57,7,67.781807
-119,69,67.931841
-55,5,67.942843
-65,15,67.975851
-111,61,68.10788
-73,23,68.156891
-60,10,68.179896
-52,2,68.184897
-85,35,68.260914
-56,6,68.274917
-58,8,68.291921
-52,2,68.297923
-81,31,68.364937
-63,13,68.393944
-93,43,68.487965
-78,28,68.548978
-56,6,68.562982
-57,7,68.578985
-67,17,68.615993
-91,41,68.705013
-62,12,68.731019
-54,4,68.740021
-67,17,68.77803
-83,33,68.849045
-52,2,68.854046
39,11,68.880052
-59,9,68.899056
-62,12,68.926063
29,21,68.972073
-56,6,68.986076
-57,7,69.00208
-60,10,69.024084
-57,7,69.041088
-77,27,69.100101
-60,10,69.123106
-60,10,69.145111
-58,8,69.162116
-52,2,69.167116
-74,24,69.220128
-53,3,69.227129
-55,5,69.238132
-59,9,69.259137
-58,8,69.276141
-63,13,69.305147
-54,4,69.315149
-58,8,69.333153
-84,34,69.40717
-52,2,69.412171
-54,4,69.421173
-58,8,69.439177
-55,5,69.45118
-65,15,69.484187
-57,7,69.49919
-68,18,69.5402
-56,6,69.553202
33,17,69.591211
-59,9,69.611216
-77,27,69.670228
-88,38,69.753247
-52,2,69.758248
-52,2,69.763249
-61,11,69.787255
-105,55,69.906281
-81,31,69.973296
-52,2,69.978297
-112,62,70.113327
-53,3,70.120329
-61,11,70.144334
-68,18,70.184343
-52,2,70.189344
-98,48,70.293367
-56,6,70.307371
-58,8,70.325375
-61,11,70.34938
-63,13,70.378386
-52,2,70.383388
29,21,70.429398
-72,22,70.477408
-68,18,70.516418
-53,3,70.523419
-59,9,70.543423
-66,16,70.578431
-3,53,70.693457
-53,3,70.700459
-63,13,70.729465
-59,9,70.749469
-62,12,70.776476
-89,39,70.861494
-67,17,70.898503
26,24,70.950514
-68,18,70.990523
-135,85,71.173564
-52,2,71.178565
-63,13,71.208572
-73,23,71.258583
-52,2,71.263584
-100,50,71.371608
-80,30,71.436623
-63,13,71.465629
-70,20,71.509639
-74,24,71.56265
-52,2,71.567652
-59,9,71.587656
-54,4,71.596659
-94,44,71.69268
-55,5,71.704682
-67,17,71.741691
33,17,71.778699
-5,55,71.897726
-66,16,71.933733
-61,11,71.957739
-52,2,71.96274
-71,21,72.00975
-61,11,72.033756
-107,57,72.157784
-56,6,72.171786
-55,5,72.973189
-69,19,73.015198
-60,10,73.039203
-59,9,73.059208
-90,40,73.147228
-61,11,73.171233
-64,14,73.20224
-52,2,73.207241
-52,2,73.212242
-54,4,73.222244
-54,4,73.231246
-52,2,73.237248
-57,7,73.252251
-92,42,73.344271
-53,3,73.352273
-75,25,73.405285
-59,9,73.42529
-55,5,73.436292
30,20,73.480302
-56,6,73.494305
6,44,73.589326
-83,33,73.660342
-69,19,73.701351
-63,13,73.730358
-64,14,73.761364
-59,9,73.781369
-52,2,73.78637
-87,37,73.866388
32,18,73.905397
-70,20,73.949407
-54,4,73.959409
-52,2,73.96441
-52,2,73.970411
-67,17,74.00742
-85,35,74.084436
-64,14,74.115443
-76,26,74.171456
33,17,74.208464
-56,6,74.222467
39,11,74.246473
-76,26,74.304486
-63,13,74.332492
-71,21,74.379503
-60,10,74.401507
-95,45,74.498529
-85,35,74.574546
-57,7,74.59155
-86,36,74.670567
-59,9,74.689572
-53,3,74.696573
-54,4,74.706575
-64,14,74.737582
-62,12,74.763588
-63,13,74.792595
-56,6,74.806597
-55,5,74.8186
-73,23,74.868611
-63,13,74.897618
-54,4,74.90662
-52,2,74.911621
-63,13,74.940628
-74,24,74.99364
-68,18,75.034649
-61,11,75.059654
27,23,75.110665
-61,11,75.135671
-68,18,75.17568
-53,3,75.182682
-73,23,75.233693
-81,31,75.300708
-52,2,75.306709
-52,2,75.31071
-86,36,75.390831
-52,2,75.395833
-61,11,75.419838
33,17,75.457846
-60,10,75.482852
-64,14,75.512859
-56,6,75.527862
-60,10,75.550867
-72,22,75.598878
-79,29,75.662892
-67,17,75.699901
-54,4,75.708903
-66,16,75.74491
-60,10,75.766915
-89,39,75.851935
-82,32,75.92195
-81,31,75.989965
22,28,76.049979
-62,12,76.076984
-86,36,76.155002
-52,2,76.160003
20,30,76.225018
-69,19,76.268027
-77,27,76.32704
-54,4,76.336042
-71,21,76.382052
-75,25,76.436065
-55,5,76.448067
-85,35,76.524084
-55,5,76.535086
-58,8,76.553091
-53,3,76.560093
-62,12,76.587098
-56,6,76.601102
-69,19,76.642111
-57,7,76.658114
-64,14,76.689121
-76,26,76.745133
-54,4,76.754136
-52,2,76.759137
-53,3,76.766138
-66,16,76.801147
-56,6,76.814149
-52,2,76.820151
-64,14,76.851157
-52,2,76.856158
-64,14,76.887165
-53,3,76.895167
-84,34,76.969285
-114,64,77.106315
-62,12,77.133321
-52,2,77.138323
-58,8,77.156326
-52,2,77.160328
-59,9,77.180332
-53,3,77.187333
-86,36,77.265463
-66,16,77.301471
-52,2,77.306472
-58,8,77.323476
-53,3,77.331478
-55,5,77.34248
-73,23,77.392492
-122,72,78.336702
-60,10,78.358707
-62,12,78.385713
-60,10,78.409718
-54,4,78.41872
-52,2,78.423721
-59,9,78.444726
-53,3,78.451728
-67,17,78.488736
-55,5,78.500739
-57,7,78.516742
25,25,78.570755
-57,7,78.586758
-52,2,78.591759
-53,3,78.598761
-52,2,78.603762
-61,11,78.628767
-65,15,78.661774
-52,2,78.666776
-52,2,78.671777
-74,24,78.724789
-55,5,78.736791
-53,3,78.743793
-87,37,78.825811
-52,2,78.830812
-56,6,78.844815
-55,5,78.856818
-63,13,78.885825
-82,32,78.95584
-52,2,78.961841
-53,3,78.968843
-74,24,79.021855
-65,15,79.054862
-52,2,79.059863
-87,37,79.140882
-53,3,79.147883
-63,13,79.176889
-52,2,79.181891
-62,12,79.208897
-55,5,79.2209
27,23,79.271911
-52,2,79.276912
-52,2,79.281913
-53,3,79.289915
-52,2,79.294916
-52,2,79.298917
6,44,79.395938
-56,6,79.409941
-53,3,79.416943
-52,2,79.421944
-70,20,79.465954
-58,8,79.484958
-52,2,79.489959
-52,2,79.49496
-57,7,79.509964
-55,5,79.521966
-69,19,79.563976
-65,15,79.597983
-77,27,79.656996
-61,11,79.682002
-63,13,79.711009
39,11,79.735014
-52,2,79.740015
-52,2,79.745016
-61,11,79.770135
-88,38,79.853153
-59,9,79.873158
-55,5,79.884161
18,32,79.954176
-54,4,79.964178
-55,5,79.975181
-56,6,79.989184
-52,2,79.995185
-52,2,80.000186
-71,21,80.047197
-59,9,80.067201
-69,19,80.10921
-59,9,80.129215
-68,18,80.169224
34,16,80.205233
41,9,80.226237
-54,4,80.235239
-64,14,80.266245
-64,14,80.297252
-55,5,80.309256
-52,2,80.314256
-52,2,80.319258
-67,17,80.356265
-53,3,80.363267
-5,55,80.483294
-62,12,80.5103
-68,18,80.55131
-63,13,80.580316
-65,15,80.613323
-53,3,80.621325
-62,12,80.648331
-62,12,80.675337
-54,4,80.685339
-57,7,80.701343
-64,14,80.73235
-53,3,80.739351
-63,13,80.769358
-52,2,80.774359
-52,2,80.77936
-75,25,80.834373
-60,10,80.856377
-58,8,80.874381
-54,4,80.883383
-54,4,80.893385
-56,6,80.907389
-54,4,80.916391
-71,21,80.962401
-75,25,81.017413
-59,9,81.036418
-66,16,81.072425
-54,4,81.081428
-62,12,81.107433
-54,4,81.116436
-53,3,81.124437
-67,17,81.161445
-62,12,81.188451
-55,5,81.199454
-75,25,81.253465
30,20,81.296475
-52,2,81.301476
-52,2,81.306478
19,31,81.373492
-61,11,81.398498
-58,8,81.416502
-53,3,81.422504
-54,4,81.432506
-54,4,81.441508
-53,3,81.448509
-53,3,81.455511
-54,4,81.464513
-62,12,81.491641
-72,22,81.539651
-53,3,81.546653
-58,8,81.564657
-53,3,81.571658
-57,7,81.587662
-53,3,81.595664
-54,4,81.604666
-72,22,81.653677
-106,56,81.774704
-56,6,81.788707
-81,31,81.855722
-56,6,81.869725
-54,4,81.879727
-53,3,81.886729
-60,10,81.909734
-54,4,81.918736
-55,5,81.930739
35,15,81.962746
20,30,82.02776
-61,11,82.052766
-62,12,82.079772
-81,31,82.147787
-52,2,82.152789
-60,10,82.174793
-52,2,82.179794
4,46,82.278816
-54,4,82.287818
-59,9,82.307932
-60,10,82.329937
-55,5,82.34094
-54,4,82.350942
-61,11,82.374947
20,30,82.439962
-61,11,82.464967
-55,5,82.47597
-64,14,82.506976
-70,20,82.550987
-52,2,82.556988
-77,27,82.615
-62,12,82.642007
-67,17,82.679015
-53,3,82.686016
-55,5,82.698019
-57,7,82.714023
-54,4,82.723025
-55,5,82.735028
-52,2,82.740029
-59,9,82.760033
-68,18,82.800042
-52,2,82.804043
-56,6,82.818046
-108,58,83.734252
-53,3,83.741254
-54,4,83.750256
-73,23,83.802268
-62,12,83.829274
-69,19,83.870283
-54,4,83.880285
-80,30,83.9453
-53,3,83.952301
-105,55,84.071327
-58,8,84.089332
-52,2,84.094333
-52,2,84.098333
-59,9,84.119339
-55,5,84.130341
12,38,84.213359
-93,43,84.308381
32,18,84.347389
-61,11,84.371394
-59,9,84.391399
-60,10,84.414404
-53,3,84.421406
-81,31,84.490422
-59,9,84.510426
-58,8,84.52943
-60,10,84.551435
-52,2,84.556436
21,29,84.61945
-78,28,84.680464
-74,24,84.733593
-52,2,84.738593
-71,21,84.784604
-67,17,84.822613
-60,10,84.844617
-66,16,84.879625
-52,2,84.884626
-59,9,84.904631
-55,5,84.915633
-61,11,84.939638
-87,37,85.020657
-63,13,85.049663
-56,6,85.062666
-54,4,85.072668
-94,44,85.168689
39,11,85.192695
-52,2,85.197696
26,24,85.250708
-60,10,85.273713
-52,2,85.278714
-56,6,85.291717
-53,3,85.299719
-66,16,85.333727
-67,17,85.370735
-56,6,85.384738
31,19,85.425747
-52,2,85.430748
-53,3,85.437749
27,23,85.487761
-62,12,85.514766
22,28,85.57578
-63,13,85.604787
20,30,85.669801
-53,3,85.677803
-52,2,85.682804
-59,9,85.703809
-53,3,85.710811
-53,3,85.717812
-54,4,85.726814
-52,2,85.732816
-76,26,85.788828
-52,2,85.793829
-52,2,85.79883
-54,4,85.807832
-59,9,85.828837
-52,2,85.832838
-55,5,85.84484
-68,18,85.884849
-73,23,85.93486
37,13,85.963867
-52,2,85.968868
34,16,86.003876
22,28,86.064889
-52,2,86.06989
-69,19,86.1119
-53,3,86.118901
-54,4,86.128904
-74,24,86.180916
-56,6,86.194919
-57,7,86.210922
-60,10,86.232927
-52,2,86.237928
-53,3,86.24493
27,23,86.295941
-43,93,86.497093
-58,8,86.516097
-56,6,86.5291
21,29,86.593115
-54,4,86.602117
-54,4,86.611119
-85,35,86.687135
-64,14,86.718142
-74,24,86.770154
-59,9,86.791159
-54,4,86.800161
21,29,86.864175
-78,28,86.925189
-53,3,86.932191
-63,13,86.961197
-75,25,87.016209
-54,4,87.025211
-53,3,87.032212
-58,8,87.049216
-70,20,87.093233
-74,24,87.14724
-70,20,87.19125
-59,9,87.211254
-63,13,87.240261
-53,3,87.247262
-63,13,87.276269
-55,5,87.287271
-64,14,87.318408
-69,19,87.360417
-62,12,87.387423
-55,5,87.398426
-59,9,87.41943
-73,23,87.470442
-52,2,87.475443
-53,3,87.482444
-57,7,87.498447
-63,13,87.526454
-75,25,87.580466
-67,17,87.618474
33,17,87.655483
-57,7,87.671487
-52,2,87.676487
5,45,87.773509
16,34,87.846526
-57,7,87.862529
-76,26,87.919544
23,27,87.977557
-64,14,88.008564
-52,2,88.013566
-69,19,88.054574
-57,7,88.070578
-68,18,88.109587
-57,7,88.125591
-59,9,88.145595
-79,29,89.001786
-60,10,89.023791
-57,7,89.039794
14,36,89.117812
-54,4,89.126814
32,18,89.166949
-62,12,89.193955
-54,4,89.203957
-57,7,89.21896
-65,15,89.251968
-57,7,89.267971
-54,4,89.276973
-68,18,89.317983
-61,11,89.341988
-64,14,89.373995
-52,2,89.377996
-57,7,89.394
-54,4,89.403002
-52,2,89.409003
-65,15,89.442011
-67,17,89.479019
-65,15,89.512026
-77,27,89.570039
-56,6,89.584042
-112,62,89.718072
-52,2,89.723073
8,42,89.815094
-57,7,89.831097
-55,5,89.8431
-66,16,89.878108
-72,22,89.926118
-56,6,89.940121
40,10,89.962126
-64,14,89.994134
-52,2,89.999134
-53,3,90.006136
-52,2,90.011137
-54,4,90.020139
-59,9,90.040143
-54,4,90.050146
-67,17,90.087154
-57,7,90.103158
-54,4,90.11216
-54,4,90.122162
-56,6,90.135165
-53,3,90.142167
25,25,90.197179
-53,3,90.205181
-58,8,90.223185
-59,9,90.244189
-59,9,90.264194
-57,7,90.280197
28,22,90.329208
13,37,90.410226
-80,30,90.475241
-52,2,90.480242
-68,18,90.51925
-66,16,90.555373
-76,26,90.612386
28,22,90.660396
-52,2,90.665397
-53,3,90.672399
-55,5,90.684402
-57,7,90.700405
-59,9,90.719409
-73,23,90.769421
-56,6,90.783424
-52,2,90.788425
40,10,90.81143
-60,10,90.833435
-55,5,90.844438
-53,3,90.851439
-56,6,90.866442
-53,3,90.873444
-63,13,90.90145
-61,11,90.926455
-54,4,90.935458
-73,23,90.985469
-57,7,91.001472
-58,8,91.019476
-52,2,91.024478
-59,9,91.044482
-96,46,91.144505
-54,4,91.154507
-57,7,91.17051
-52,2,91.174511
-54,4,91.184514
-54,4,91.193515
-52,2,91.199517
-58,8,91.21752
20,30,91.282535
-60,10,91.304541
-63,13,91.332546
21,29,91.39556
-70,20,91.43857
-77,27,91.497584
-53,3,91.504585
-66,16,91.539592
-56,6,91.552596
-58,8,91.571599
-65,15,91.604607
-63,13,91.633613
-65,15,91.667621
2,48,91.771644
-53,3,91.778646
-61,11,91.802651
-60,10,91.824656
-58,8,91.84266
-61,11,91.866665
-87,37,91.946683
-60,10,91.969688
-65,15,92.002696
-59,9,92.0227
-52,2,92.027701
-52,2,92.032703
-55,5,92.043705
-55,5,92.055707
-53,3,92.062709
-57,7,92.077713
-60,10,92.100718
-59,9,92.120722
-52,2,92.125723
-66,16,92.160731
-63,13,92.189737
-63,13,92.218744
-57,7,92.234748
-54,4,92.24375
-52,2,92.248751
-63,13,92.276757
-53,3,92.284759
-52,2,92.289759
-68,18,92.328888
-5,55,92.448915
-60,10,92.470919
-56,6,92.484923
-53,3,92.491924
-63,13,92.51993
-62,12,92.545936
-56,6,92.56094
-52,2,92.565941
36,14,92.596947
-57,7,92.611951
-56,6,92.625954
-60,10,92.647959
-57,7,92.663963
-52,2,92.668963
-53,3,92.675965
-52,2,92.680966
-79,29,92.74398
-52,2,92.748982
6,44,92.844002
-52,2,92.850004
-65,15,92.883012
-76,26,92.940024
-57,7,92.955028
-68,18,92.995037
-52,2,93.000038
-60,10,93.022042
-66,16,93.05705
-84,34,93.131067
-64,14,93.162074
-57,7,93.178077
-60,10,93.200082
36,14,93.231089
-68,18,93.271098
-53,3,93.2781
-53,3,93.285102
-91,41,93.374121
-59,9,93.395125
38,12,93.421131
21,29,93.484145
33,17,94.309329
-8,58,94.433358
15,35,94.509374
32,18,94.549383
-54,4,94.558386
-56,6,94.571388
-63,13,94.600394
-55,5,94.611397
-56,6,94.6254
26,24,94.677412
-52,2,94.682413
37,13,94.711419
-67,17,94.750428
-52,2,94.755429
-60,10,94.777434
-52,2,94.782435
-52,2,94.787436
-80,30,94.852451
31,19,94.89346
-76,26,94.950472
-58,8,94.968476
19,31,95.036492
-53,3,95.042493
34,16,95.078501
-52,2,95.083503
-76,26,95.139515
-67,17,95.176523
-55,5,95.188526
-62,12,95.214531
-99,49,95.322556
-52,2,95.327557
-3,53,95.442582
-53,3,95.449584
26,24,95.502596
-53,3,95.509597
-5,55,95.628624
-52,2,95.633625
-58,8,95.651629
23,27,95.710642
-63,13,95.739648
-52,2,95.74465
-52,2,95.749651
-53,3,95.757654
-53,3,95.764654
-61,11,95.78966
27,23,95.839671
-69,19,95.88268
-52,2,95.887681
-53,3,95.894683
-54,4,95.904685
-52,2,95.909686
-68,18,95.948695
-54,4,95.957697
-54,4,95.966699
-80,30,96.032848
-87,37,96.113867
-54,4,96.123869
-58,8,96.140873
-52,2,96.145874
-52,2,96.150875
35,15,96.183882
-70,20,96.227892
-58,8,96.244896
-68,18,96.284905
-59,9,96.304909
-67,17,96.342918
-52,2,96.347919
-52,2,96.35192
-71,21,96.39893
32,18,96.437939
-57,7,96.453943
38,12,96.479948
2,48,96.582971
-52,2,96.588973
-52,2,96.593974
-54,4,96.602976
-52,2,96.607977
-52,2,96.612978
-54,4,96.62198
-58,8,96.639984
-69,19,96.681993
15,35,96.759011
-59,9,96.780015
21,29,96.84403
19,31,96.912045
-54,4,96.921047
-54,4,96.931049
-52,2,96.93605
-53,3,96.943051
-58,8,96.961056
-52,2,96.966057
-55,5,96.97806
-52,2,96.98306
-52,2,96.988062
-63,13,97.017068
38,12,97.044074
-54,4,97.054077
-58,8,97.07208
-53,3,97.079082
-54,4,97.089084
-52,2,97.095085
-61,11,97.119091
-53,3,97.126093
-56,6,97.140096
-54,4,97.150098
-61,11,97.175103
-53,3,97.182105
-64,14,97.213112
-58,8,97.232116
-52,2,97.237117
-59,9,97.257122
-52,2,97.262123
-53,3,97.269125
-65,15,97.303132
-116,66,97.448263
-56,6,97.462266
-77,27,97.521279
18,32,97.592295
-67,17,97.629303
-61,11,97.654309
-62,12,97.681315
-62,12,97.708434
-53,3,97.715435
-52,2,97.720436
-60,10,97.743441
-54,4,97.753444
-55,5,97.765446
-55,5,97.777449
-53,3,97.784451
-94,44,97.880472
-54,4,97.889474
-53,3,97.897476
-59,9,97.91748
-55,5,97.928483
-58,8,97.947487
-52,2,97.952488
-52,2,97.957489
-63,13,97.986496
33,17,98.023504
33,17,98.061512
-58,8,98.079516
-53,3,98.087518
-52,2,98.092519
19,31,98.159534
-52,2,98.164535
-57,7,98.180539
-60,10,98.203544
-53,3,98.210546
-54,4,98.220548
-52,2,98.225549
-52,2,98.23055
-52,2,98.235551
-54,4,98.245553
-63,13,98.27456
-52,2,98.279561
-74,24,98.332573
-52,2,98.337574
-52,2,98.342575
-54,4,98.351577
-54,4,98.361579
35,15,98.394587
-52,2,98.399587
-62,12,98.426594
-57,7,98.442597
35,15,98.474605
-58,8,98.493609
-61,11,98.517614
-58,8,98.535619
-53,3,98.543619
24,26,98.600632
-59,9,98.621637
36,14,98.652644
-53,3,98.659646
-54,4,98.669648
-58,8,98.687652
-52,2,98.692653
-63,13,98.721659
-52,2,98.727661
-52,2,98.732662
-56,6,98.746665
-58,8,98.764669
-59,9,98.784674
-66,16,98.820682
-55,5,98.832684
-53,3,98.840686
-67,17,99.669322
19,31,99.735337
15,35,99.812354
-86,36,99.891372
-52,2,99.896373
-74,24,99.948384
-87,37,100.028402
30,20,100.072526
-54,4,100.082529
-52,2,100.08753
-55,5,100.098532
-64,14,100.129539
-66,16,100.165548
33,17,100.202556
-58,8,100.22056
-54,4,100.230562
-76,26,100.287575
-57,7,100.303578
-53,3,100.31058
-54,4,100.320582
-55,5,100.331584
-53,3,100.338586
-53,3,100.346588
-52,2,100.351589
40,10,100.372594
-57,7,100.389598
-64,14,100.420604
30,20,100.464614
-53,3,100.471615
-54,4,100.481618
-67,17,100.519626
30,20,100.563636
-53,3,100.570638
-52,2,100.576639
34,16,100.611647
-55,5,100.622649
-53,3,100.629652
29,21,100.675662
-56,6,100.689664
12,38,100.771683
-55,5,100.783685
-52,2,100.788686
25,25,100.842698
-52,2,100.8477
-59,9,100.868705
-53,3,100.875706
-72,22,100.924717
-74,24,100.976728
-52,2,100.981729
-68,18,101.020738
-53,3,101.02774
-55,5,101.038742
-53,3,101.045744
-58,8,101.063747
-56,6,101.077751
-54,4,101.086753
-54,4,101.096755
-56,6,101.109758
-52,2,101.114759
-58,8,101.132763
10,40,101.220783
-56,6,101.234786
-54,4,101.243788
-53,3,101.250789
-58,8,101.268794
-52,2,101.273795
-55,5,101.285798
-56,6,101.2988
-54,4,101.308802
-58,8,101.327807
-52,2,101.332808
26,24,101.38582
-68,18,101.425829
-62,12,101.452834
10,40,101.538854
-68,18,101.578862
-104,54,101.695889
-68,18,101.735898
-56,6,101.748901
-57,7,101.764904
-70,20,101.807914
-57,7,101.824918
-64,14,101.855925
-62,12,101.88293
-55,5,101.893933
13,37,101.973951
-53,3,101.981952
-52,2,101.986954
-59,9,102.006958
-74,24,102.05997
-53,3,102.066972
29,21,102.112982
24,26,102.169994
-78,28,102.231008
-52,2,102.23601
-58,8,102.254013
-68,18,102.293022
-67,17,102.33103
-52,2,102.337032
-66,16,102.37204
-52,2,102.377041
-52,2,102.382042
-53,3,102.38917
-68,18,102.428179
24,26,102.485191
-58,8,102.503196
-67,17,102.539203
-54,4,102.549206
-59,9,102.56921
-52,2,102.573211
-67,17,102.610219
-53,3,102.619221
-62,12,102.647228
-54,4,102.65623
-26,76,102.821267
-52,2,102.825267
-56,6,102.83927
-52,2,102.844271
40,10,102.868277
-76,26,102.92529
-54,4,102.934292
27,23,102.983303
36,14,103.014309
-69,19,103.056319
-65,15,103.089326
-58,8,103.10733
23,27,103.165343
-121,71,103.319378
-60,10,103.341383
-56,6,103.354385
-52,2,103.359386
-53,3,103.367388
-69,19,103.409398
-81,31,103.476413
-58,8,103.495417
-52,2,103.500418
-56,6,103.513421
-67,17,103.550429
-66,16,103.586437
-52,2,103.591438
-52,2,103.596439
22,28,103.657453
-55,5,103.668456
-58,8,103.68646
-56,6,103.700463
11,39,103.785482
-69,19,103.827491
-55,5,103.838493
4,46,103.937515
-52,2,103.943517
-67,17,103.979525
-57,7,103.995528
-67,17,104.033537
-57,7,104.049541
-60,10,104.070545
36,14,104.101552
-54,4,104.110554
-66,16,104.146562
-53,3,104.153564
-53,3,104.160568
-61,11,104.185573
-54,4,104.980751
-58,8,104.999755
23,27,105.057768
16,34,105.130784
-70,20,105.174794
-52,2,105.179795
-54,4,105.188797
-83,33,105.259813
-56,6,105.273816
40,10,105.296821
-57,7,105.311825
34,16,105.346833
-55,5,105.358835
-71,21,105.404845
-58,8,105.422849
-60,10,105.443855
-61,11,105.46886
18,32,105.537993
9,41,105.626013
-56,6,105.640016
-55,5,105.652019
-65,15,105.685026
11,39,105.770045
31,19,105.812054
32,18,105.851063
35,15,105.885071
-59,9,105.905075
-52,2,105.910076
-54,4,105.919079
-52,2,105.924079
26,24,105.976091
-56,6,105.990094
-54,4,105.999096
35,15,106.033104
-69,19,106.075113
-71,21,106.120126
37,13,106.149133
40,10,106.171138
-64,14,106.202144
-52,2,106.206145
-82,32,106.277161
40,10,106.299167
-57,7,106.31517
-68,18,106.354178
25,25,106.409191
-83,33,106.481207
-53,3,106.488208
-69,19,106.530218
-60,10,106.552222
-75,25,106.606235
-97,47,106.708258
-54,4,106.71826
-53,3,106.725261
-68,18,106.76427
-84,34,106.837286
-53,3,106.844288
9,41,106.933414
-65,15,106.966421
-53,3,106.974423
22,28,107.034437
-53,3,107.041439
33,17,107.079447
-52,2,107.084448
-54,4,107.09345
41,9,107.113455
-67,17,107.151463
-52,2,107.155464
34,16,107.191472
-53,3,107.198473
-53,3,107.205475
-52,2,107.210476
-89,39,107.294495
-52,2,107.300496
-56,6,107.314499
-100,50,107.423625
30,20,107.468636
-75,25,107.523647
-58,8,107.541652
-64,14,107.572659
-55,5,107.584661
-69,19,107.627671
-71,21,107.674681
-64,14,107.705688
-52,2,107.710689
-53,3,107.717691
-110,60,107.84972
-56,6,107.863724
-100,100,108.079772
-110,60,108.210801
-75,25,108.264942
18,32,108.334958
-52,2,108.339959
-59,9,108.359964
-66,16,108.393971
-63,13,108.422977
-1,51,108.533002
-66,16,108.56901
30,20,108.61202
-52,2,108.617021
-60,10,108.639026
-55,5,108.651028
23,27,108.710042
-58,8,108.728046
31,19,108.770055
-65,15,108.803062
-73,23,108.853073
32,18,108.892082
-60,10,108.914087
-77,27,108.9721
-65,15,109.005107
7,43,109.099128
-60,10,109.121133
39,11,109.146138
33,17,109.183147
-54,4,109.192149
-74,24,109.24416
-53,3,109.252162
31,19,109.293172
-74,24,109.346184
-54,4,109.355185
-55,5,109.367188
-67,17,109.405196
-57,7,109.4202
33,17,109.459209
-68,18,110.286518
-56,6,110.300521
-59,9,110.321526
-76,26,110.379539
19,31,110.446554
21,29,110.510568
-77,27,110.568581
-52,2,110.573582
20,30,110.639597
-68,18,110.678606
-68,18,110.718615
-59,9,110.738619
23,27,110.797632
-66,16,110.83364
-61,11,110.857646
42,8,110.875649
-61,11,110.899655
30,20,110.943665
18,32,111.01368
32,18,111.052689
21,29,111.116703
-69,19,111.157712
30,20,111.200722
-64,14,111.231729
-53,3,111.238731
14,36,111.316748
40,10,111.339753
-52,2,111.344754
-52,2,111.349755
-60,10,111.37276
-58,8,111.390765
-56,6,111.403767
-56,6,111.41777
28,22,111.465781
-61,11,111.489787
35,15,111.523794
28,22,111.570805
-52,2,111.575806
-67,17,111.613814
-81,31,111.681829
-52,2,111.686831
-69,19,111.72884
-90,40,111.81586
-69,19,111.856868
-58,8,111.874872
-65,15,111.90788
-62,12,111.934886
-53,3,111.941887
31,19,111.982897
-71,21,112.028907
-52,2,112.034908
-59,9,112.053912
30,20,112.097922
23,27,112.156936
-61,11,112.180941
33,17,112.217949
-69,19,112.258959
-56,6,112.272961
33,17,112.309969
-55,5,112.320972
25,25,112.374984
-75,25,112.430115
32,18,112.469124
12,38,112.552142
-65,15,112.585149
-9,59,112.713178
-64,14,112.744185
-72,22,112.792196
-60,10,112.8142
14,36,112.891218
-57,7,112.907221
-86,36,112.984238
-70,20,113.028248
-52,2,113.033249
11,39,113.118375
-62,12,113.14438
-55,5,113.156383
27,23,113.205394
-84,34,113.279411
-79,29,113.341424
-52,2,113.346425
-56,6,113.360429
-91,41,113.450449
-61,11,113.474454
-64,14,113.505461
-66,16,113.540469
21,29,113.603483
-53,3,113.611485
-56,6,113.625488
-54,4,113.63449
-58,8,113.652494
-82,32,113.721509
19,31,113.788524
-57,7,113.804528
-74,24,113.856539
-3,53,113.971565
-13,63,114.107595
-79,29,114.17161
-59,9,114.191614
-60,10,114.213619
-64,14,114.244626
-59,9,114.26463
5,45,114.363652
33,17,114.400661
-83,33,114.471677
-65,15,114.504684
-53,3,114.511686
-52,2,114.515686
-74,24,114.568698
-61,11,114.593704
-62,12,114.62071
-53,3,114.627711
-77,27,114.685724
-54,4,114.695726
-68,18,114.734735
-65,15,115.556918
34,16,115.592927
-69,19,115.635936
35,15,115.668944
-54,4,115.677946
-58,8,115.69695
20,30,115.761964
-53,3,115.768966
-57,7,115.785969
14,36,115.864987
25,25,115.921
7,43,116.01402
29,21,116.060031
-57,7,116.076034
16,34,116.151051
34,16,116.186059
33,17,116.224067
9,41,116.314087
-78,28,116.376101
37,13,116.405108
-60,10,116.428113
19,31,116.497128
25,25,116.552141
-62,12,116.580147
-1,51,116.693172
-52,2,116.698173
39,11,116.723179
42,8,116.741183
-74,24,116.795195
-60,10,116.8172
28,22,116.865211
28,22,116.914221
-61,11,116.939227
-96,46,117.04025
26,24,117.093261
-75,25,117.148273
-83,33,117.221292
-61,11,117.246298
39,11,117.271303
26,24,117.323315
-55,5,117.335317
40,10,117.357322
16,34,117.430439
-55,5,117.442442
-55,5,117.453444
-57,7,117.469448
-60,10,117.492453
-54,4,117.501455
23,27,117.561468
-78,28,117.623482
-65,15,117.65749
38,12,117.683496
-66,16,117.719504
-72,22,117.768514
-60,10,117.791519
-52,2,117.796521
-72,22,117.845531
-52,2,117.850533
-52,2,117.854533
-59,9,117.875538
-63,13,117.904545
28,22,117.953556
30,20,117.996566
-56,6,118.010569
-52,2,118.015569
-52,2,118.021571
-73,23,118.071582
34,16,118.10659
-53,3,118.114592
12,38,118.19761
5,45,118.296632
-58,8,118.314636
28,22,118.363647
28,22,118.411658
21,29,118.475672
-60,10,118.497677
15,35,118.573694
6,44,118.672716
-54,4,118.681718
-104,54,118.800745
-62,12,118.826751
31,19,118.86876
-58,8,118.886764
34,16,118.922772
-88,38,119.00579
24,26,119.062804
-58,8,119.080807
-118,68,119.230954
42,8,119.248958
-53,3,119.255959
22,28,119.318973
19,31,119.385988
18,32,119.457004
-66,16,119.492012
-58,8,119.510016
-59,9,119.531021
-52,2,119.536021
29,21,119.582032
-68,18,119.622041
36,14,119.653048
-52,2,119.659049
-52,2,119.66405
-60,10,119.686055
42,8,119.705059
-60,10,119.728065
-62,12,119.755071
-76,26,119.813084
-107,57,119.937111
27,23,119.988122
38,12,120.015129
32,18,120.054137
-68,18,120.095146
-33,83,121.055484
-89,39,121.139502
-60,10,121.161508
-84,34,121.235524
-56,6,121.248527
3,47,121.349549
-96,46,121.449571
-53,3,121.457574
-57,7,121.472577
21,29,121.536591
-61,11,121.561597
-85,35,121.638614
-62,12,121.664619
-52,2,121.669621
-2,52,121.782646
-94,44,121.878797
-66,16,121.913805
-63,13,121.942811
-56,6,121.956815
-61,11,121.98182
-71,21,122.02783
-76,26,122.084843
38,12,122.110849
33,17,122.147857
38,12,122.174863
38,12,122.200869
1,49,122.306893
36,14,122.337899
-58,8,122.355903
21,29,122.419918
-55,5,122.42992
-57,7,122.445924
-76,26,122.502939
-56,6,122.515942
16,34,122.590959
-71,21,122.635969
15,35,122.712986
-57,7,122.72899
-68,18,122.767998
15,35,122.843015
-84,34,122.918031
-53,3,122.926033
-62,12,122.952039
-78,28,123.013053
-55,5,123.025056
-58,8,123.04306
-60,10,123.065064
-60,10,123.087069
40,10,123.109074
25,25,123.164087
-53,3,123.171088
-3,53,123.287114
-54,4,123.296116
-68,18,123.336125
-55,5,123.347127
-63,13,123.376134
24,26,123.432147
-57,7,123.44815
32,18,123.488159
-59,9,123.508163
-63,13,123.53717
-66,16,123.573179
29,21,123.619188
-72,22,123.667199
-57,7,123.682203
6,44,123.778224
-76,26,123.835236
-62,12,123.862243
-69,19,123.903252
-90,40,123.989271
-59,9,124.010276
2,48,124.114299
-68,18,124.154308
-69,19,124.196317
-72,22,124.244328
-59,9,124.264332
-60,10,124.286337
-57,7,124.301341
-61,11,124.326346
-67,17,124.363354
7,43,124.456375
-56,6,124.470378
-114,64,124.608408
-131,81,124.784448
-73,23,124.83446
-52,2,124.83946
-52,2,124.844462
-53,3,124.851463
-77,27,124.910476
-55,5,124.921479
-67,17,124.959487
22,28,125.021501
28,22,125.068511
36,14,125.099518
18,32,125.168534
-52,2,125.173535
34,16,125.208543
12,38,125.290561
-65,15,125.324569
-74,24,126.156866
-52,2,126.161867
-59,9,126.181872
18,32,126.251887
27,23,126.301898
-83,33,126.373915
-72,22,126.422926
-67,17,126.459933
-75,25,126.513946
-60,10,126.53595
-66,16,126.570958
-54,4,126.57996
-66,16,126.614969
-56,6,126.628971
-64,14,126.660978
-79,29,126.723992
-5,55,126.844019
-53,3,126.851021
35,15,126.884028
-71,21,126.930038
20,30,126.996053
-71,21,127.042063
40,10,127.064069
-79,29,127.127082
41,9,127.148087
-73,23,127.198098
-78,28,127.258111
39,11,127.283117
-1,51,127.392141
-54,4,127.401144
-55,5,127.413146
-82,32,127.483166
-61,11,127.508171
-54,4,127.517173
-54,4,127.527175
26,24,127.579187
-54,4,127.589189
-57,7,127.605193
-65,15,127.6392
-57,7,127.655204
6,44,127.750225
21,29,127.814239
33,17,127.851247
-32,82,128.027287
-1,51,128.137311
-55,5,128.149314
-56,6,128.162317
-62,12,128.189323
-67,17,128.227331
33,17,128.26434
-57,7,128.279343
16,34,128.35336
32,18,128.393368
34,16,128.428376
28,22,128.476387
-95,45,128.574409
36,14,128.604415
-61,11,128.628421
13,37,128.709439
-59,9,128.729443
19,31,128.798459
-58,8,128.816463
34,16,128.85147
2,48,128.957494
20,30,129.022509
-68,18,129.063518
-103,53,129.177543
36,14,129.20855
32,18,129.247559
-52,2,129.25256
-67,17,129.290569
-69,19,129.332578
16,34,129.405595
31,19,129.447604
-62,12,129.47461
38,12,129.500615
-55,5,129.511618
17,33,129.583634
-69,19,129.625643
-68,18,129.664652
38,12,129.691658
26,24,129.74367
7,43,129.837691
32,18,129.875699
-59,9,129.896704
26,24,129.948715
-53,3,129.955717
-78,28,130.016731
-61,11,130.041736
-54,4,130.051738
28,22,130.098865
-66,16,130.134873
34,16,130.169881
-65,15,130.202888
-55,5,130.214891
11,39,130.30091
-64,14,130.331917
17,33,130.403933
15,35,130.48095
-67,17,130.518959
-53,3,130.52596
-82,32,130.596976
-71,21,130.642986
31,19,131.462291
35,15,131.495298
-78,28,131.557312
-54,4,131.566314
34,16,131.602322
40,10,131.624327
33,17,131.662335
30,20,131.707346
-126,76,131.874383
-2,52,131.988408
30,20,132.032418
24,26,132.090431
32,18,132.13044
-54,4,132.139443
-9,59,132.268472
-64,14,132.299479
-74,24,132.352491
26,24,132.405503
1,49,132.51253
13,37,132.593548
-73,23,132.644559
12,38,132.727577
29,21,132.773588
-66,16,132.809596
-73,23,132.861608
7,43,132.955752
39,11,132.979757
-75,25,133.034769
-58,8,133.053773
30,20,133.097784
32,18,133.137792
26,24,133.191804
-90,40,133.279824
4,46,133.380846
-66,16,133.415854
-56,6,133.429857
26,24,133.482869
8,42,133.573889
-61,11,133.597894
25,25,133.653907
27,23,133.704919
17,33,133.777935
25,25,133.832947
34,16,133.869955
32,18,133.909964
7,43,134.003985
-65,15,134.037993
-52,2,134.042994
-56,6,134.056997
30,20,134.100007
-59,9,134.121012
-54,4,134.130013
24,26,134.187026
24,26,134.245039
-58,8,134.263043
-81,31,134.330058
-58,8,134.349062
-72,22,134.398073
-52,2,134.403074
-124,74,134.56611
26,24,134.619122
27,23,134.669133
7,43,134.763154
-75,25,134.818167
-54,4,134.827169
-90,40,134.916188
-75,25,134.971201
-68,18,135.01121
-56,6,135.024213
9,41,135.114233
-68,18,135.153242
28,22,135.203252
10,40,135.291272
-57,7,135.307276
-76,26,135.365289
-80,30,135.432304
31,19,135.477314
30,20,135.522324
-53,3,135.528325
-59,9,135.54933
-82,32,135.619345
30,20,135.664356
-61,11,135.688481
-64,14,135.719489
26,24,135.7715
24,26,135.828512
33,17,135.866521
33,17,135.903529
34,16,135.940537
-74,24,136.784861
32,18,136.82387
-86,36,136.902888
-58,8,136.920892
15,35,136.997909
17,33,137.068925
-66,16,137.103932
4,46,137.203955
-54,4,137.212957
23,27,137.27197
27,23,137.321981
-70,20,137.365991
35,15,137.398998
29,21,137.444008
-79,29,137.507026
27,23,137.557037
-15,65,137.698068
35,15,137.730075
-62,12,137.757081
23,27,137.815094
36,14,137.846102
-77,27,137.904114
32,18,137.944123
-53,3,137.952125
-59,9,137.971129
-75,25,138.027142
-67,17,138.06415
-56,6,138.077153
34,16,138.113161
-105,55,138.233187
20,30,138.298205
-76,26,138.354217
25,25,138.40823
-52,2,138.41323
-90,40,138.50025
10,40,138.587269
-63,13,138.615275
11,39,138.700294
3,47,138.803317
-77,27,138.86233
-52,2,138.868332
-60,10,138.891337
-82,32,138.960352
33,17,138.99736
-100,100,139.213409
-5,55,139.332435
-52,2,139.338437
-76,26,139.394449
-64,14,139.425457
14,36,139.504474
-63,13,139.53248
-55,5,139.544483
-55,5,139.555485
15,35,139.631502
27,23,139.682513
-64,14,139.713521
1,49,139.820544
-52,2,139.825546
36,14,139.856553
29,21,139.901562
20,30,139.967577
28,22,140.015588
-63,13,140.044594
4,46,140.143616
-77,27,140.20263
-56,6,140.216633
30,20,140.260643
-62,12,140.287648
21,29,140.351663
-52,2,140.356664
-73,23,140.407675
-52,2,140.411676
-80,30,140.477691
-52,2,140.482692
-55,5,140.493695
39,11,140.5177
5,45,140.614722
30,20,140.658732
37,13,140.687738
-59,9,140.707743
-78,28,140.768756
38,12,140.795762
-60,10,140.817767
-71,21,140.863777
29,21,140.909787
-63,13,140.937794
37,13,140.967319
-75,25,141.022332
41,9,141.043336
-78,28,141.103349
-79,29,141.166364
27,23,141.217375
15,35,142.080567
-67,17,142.118576
-70,20,142.161585
21,29,142.224709
38,12,142.250715
-67,17,142.288724
-62,12,142.31573
24,26,142.371742
22,28,142.431756
22,28,142.493769
27,23,142.542904
-73,23,142.592916
-70,20,142.637926
32,18,142.677935
-62,12,142.704941
-71,21,142.750951
29,21,142.796961
13,37,142.87798
-63,13,142.906986
-75,25,142.960998
-75,25,143.01601
28,22,143.063021
19,31,143.131036
5,45,143.228058
35,15,143.261065
34,16,143.297073
28,22,143.345084
28,22,143.392094
-68,18,143.431103
-93,43,143.524123
38,12,143.550129
27,23,143.59914
-1,51,143.710165
36,14,143.741172
32,18,143.780181
11,39,143.8662
-87,37,143.946218
30,20,143.989228
-56,6,144.003231
-55,5,144.015233
33,17,144.052241
-87,37,144.131259
-58,8,144.149263
-52,2,144.154264
17,33,144.22628
-71,21,144.27229
-55,5,144.283293
31,19,144.325302
27,23,144.375313
-55,5,144.387316
27,23,144.437328
-66,16,144.473335
-62,12,144.499341
9,41,144.588361
-52,2,144.593362
30,20,144.638372
-67,17,144.67438
28,22,144.722391
28,22,144.770402
25,25,144.824414
-35,85,145.008455
-58,8,145.026459
-74,24,145.078581
-72,22,145.126591
25,25,145.180603
-62,12,145.207609
-93,43,145.30063
19,31,145.367645
25,25,145.422657
-69,19,145.463666
29,21,145.509677
-78,28,145.57069
12,38,145.652709
-55,5,145.664711
26,24,145.716723
-71,21,145.763733
30,20,145.806743
33,17,145.843751
24,26,145.900764
12,38,145.982782
-56,6,145.996785
30,20,146.040795
-74,24,146.092807
38,12,146.118813
-63,13,146.14782
-55,5,146.158822
39,11,146.182827
37,13,146.210833
26,24,146.263844
22,28,146.324858
-69,19,146.366868
-56,6,146.379871
-79,29,146.442884
-84,34,147.315079
30,20,147.36009
29,21,147.4061
-72,22,147.45511
36,14,147.489119
-65,15,147.535129
-58,8,147.554311
-16,66,147.697343
15,35,147.77336
-59,9,147.793492
-6,56,147.917521
-25,75,148.078556
-73,23,148.128567
-77,27,148.18758
-52,2,148.192582
29,21,148.239592
5,45,148.337614
-52,2,148.342615
-70,20,148.386625
-74,24,148.437636
-65,15,148.471644
-61,11,148.49665
-52,2,148.501651
12,38,148.583669
-57,7,148.598672
22,28,148.659808
-56,6,148.672812
-126,76,148.837848
-77,27,148.896861
-89,39,148.98188
-70,20,149.025889
30,20,149.0699
37,13,149.098906
-67,17,149.135914
-80,30,149.201079
31,19,149.243089
-64,14,149.273096
-66,16,149.308103
-58,8,149.326107
-90,40,149.413127
24,26,149.469139
28,22,149.51715
25,25,149.572162
40,10,149.594167
23,27,149.65318
7,43,149.747201
36,14,149.777208
12,38,149.859226
25,25,149.913239
31,19,149.955248
-56,6,149.968251
26,24,150.020262
-72,22,150.068273
35,15,150.10228
-57,7,150.118284
-53,3,150.126286
29,21,150.173297
-1,51,150.283321
8,42,150.375341
-54,4,150.385343
-52,2,150.390345
30,20,150.434355
-53,3,150.441356
-61,11,150.465362
32,18,150.505371
-105,55,150.623514
-83,33,150.69553
18,32,150.765546
-75,25,150.822559
-80,30,150.887573
-77,27,150.946586
-8,58,151.072738
37,13,151.100744
-54,4,151.109746
23,27,151.168759
32,18,151.206768
-55,5,151.21977
-79,29,151.282785
27,23,151.332796
-52,2,151.337797
27,23,151.387808
40,10,151.410813
22,28,151.470826
-52,2,151.475828
-94,44,151.571849
-61,11,151.595855
35,15,151.628862
20,30,151.692877
-59,9,151.712881
-55,5,151.724883
36,14,151.75489
-65,15,152.601217
35,15,152.635224
-57,7,152.651228
22,28,152.713242
34,16,152.74925
-72,22,152.797261
-57,7,152.813264
30,20,152.858274
-100,100,153.077323
-60,10,153.099328
39,11,153.124333
-101,51,153.236362
-6,56,153.358389
39,11,153.384394
30,20,153.429404
31,19,153.471414
30,20,153.515423
14,36,153.594441
-67,17,153.63145
34,16,153.667458
-59,9,153.688462
5,45,153.787484
-67,17,153.825493
-67,17,153.862501
20,30,153.928516
-61,11,153.952521
-20,70,154.105555
-84,34,154.180572
36,14,154.211579
40,10,154.234584
-1,51,154.345609
32,18,154.385617
-100,100,154.605667
35,15,154.638674
-67,17,154.675685
-56,6,154.689688
23,27,154.748702
2,48,154.854725
37,13,154.883732
-95,45,154.982754
21,29,155.045768
-83,33,155.118784
-55,5,155.129786
10,40,155.217806
26,24,155.270818
29,21,155.316828
-2,52,155.429854
-77,27,155.489867
-53,3,155.496869
-100,100,155.713917
16,34,155.788934
25,25,155.842945
-60,10,155.865951
30,20,155.90996
-82,32,155.981083
-85,35,156.0591
-62,12,156.085106
-70,20,156.130116
7,43,156.225137
-52,2,156.230139
-13,63,156.369169
-76,26,156.426182
37,13,156.454189
21,29,156.518203
37,13,156.548209
-3,53,156.663235
29,21,156.710246
38,12,156.737252
-118,68,156.886285
-96,46,156.986417
29,21,157.033428
17,33,157.105444
-3,53,157.999768
2,48,158.102908
5,45,158.19993
6,44,158.294951
23,27,158.353964
-57,7,158.369967
-88,38,158.452986
-60,10,158.474991
-1,51,158.587016
7,43,158.681037
-52,2,158.686038
39,11,158.710043
-79,29,158.773058
34,16,158.808065
-23,73,158.9661
-55,5,158.977103
34,16,159.013111
-57,7,159.029114
-56,6,159.043118
28,22,159.091129
-65,15,159.124136
-67,17,159.162144
32,18,159.201153
-53,3,159.208155
19,31,159.27517
22,28,159.336184
22,28,159.397197
25,25,159.452209
42,8,159.470213
-3,53,159.584239
-57,7,159.600242
-62,12,159.627248
13,37,159.707266
-4,54,159.824292
-31,81,159.998331
-8,58,160.124362
-54,4,160.134364
16,34,160.208381
36,14,160.238388
-58,8,160.256392
18,32,160.326407
-74,24,160.379419
-97,47,160.480442
-58,8,160.498446
-52,2,160.504447
-60,10,160.526452
23,27,160.585465
-75,25,160.639477
40,10,160.661482
-87,37,160.7415
-55,5,160.753503
-58,8,160.771507
34,16,160.806514
-64,14,160.836521
1,49,160.942544
33,17,160.979553
-85,35,161.05457
8,42,161.144589
-64,14,161.175597
23,27,161.23461
36,14,161.265617
28,22,161.313627
-61,11,161.337633
27,23,161.386644
42,8,161.404648
-58,8,161.422652
-98,48,161.525676
-53,3,161.533677
26,24,161.585688
20,30,161.650703
0,50,161.760727
-56,6,161.77373
24,26,161.830743
-53,3,161.837744
-71,21,161.882754
32,18,161.922764
27,23,161.972775
-77,27,162.030787
35,15,162.064795
22,28,162.126809
-52,2,162.13181
-53,3,162.138812
34,16,162.17382
24,26,162.230832
8,42,162.322853
20,30,163.172572
40,10,163.194576
-113,63,163.334608
-12,62,163.468637
-1,51,163.579662
34,16,163.61467
42,8,163.631674
-71,21,163.678684
-86,36,163.756702
21,29,163.820716
40,10,163.842721
23,27,163.901734
28,22,163.949747
39,11,163.973753
18,32,164.042768
-66,16,164.078776
24,26,164.134789
16,34,164.207805
25,25,164.263818
26,24,164.315829
22,28,164.376843
25,25,164.430855
-115,65,164.572886
40,10,164.594892
-72,22,164.642902
27,23,164.692913
17,33,164.765032
-114,64,164.904063
25,25,164.960076
7,43,165.053096
-52,2,165.059098
7,43,165.152118
-63,13,165.181125
-63,13,165.209131
39,11,165.235137
-52,2,165.239138
41,9,165.259143
25,25,165.314155
7,43,165.407176
35,15,165.440183
13,37,165.520201
33,17,165.556209
33,17,165.593217
-68,18,165.633226
-57,7,165.65023
-1,51,165.760254
-65,15,165.793262
-66,16,165.828269
-90,40,165.915289
32,18,165.954297
25,25,166.00931
11,39,166.094328
-70,20,166.138339
-28,78,166.307377
21,29,166.36939
-93,43,166.462411
27,23,166.513422
-59,9,166.533427
-78,28,166.595441
-52,2,166.600441
-60,10,166.622447
-78,28,166.68346
8,42,166.77248
36,14,166.802486
-81,31,166.870502
-26,76,167.034539
33,17,167.071547
29,21,167.117557
40,10,167.139562
-75,25,167.193574
38,12,167.22058
31,19,167.261594
-64,14,167.292601
3,47,167.394624
3,47,167.496646
26,24,167.548658
34,16,167.583665
14,36,168.450087
-106,56,168.574115
-60,10,168.59712
-55,5,168.609123
-96,46,168.710145
34,16,168.746154
-55,5,168.757156
-102,52,168.871182
-68,18,168.91119
30,20,168.955201
-120,70,169.108234
-53,3,169.115236
-87,37,169.196254
29,21,169.242264
-66,16,169.278272
30,20,169.322282
29,21,169.369292
26,24,169.424305
-52,2,169.429307
36,14,169.460313
-78,28,169.522327
36,14,169.553334
-100,50,169.662475
7,43,169.757496
-57,7,169.773499
-59,9,169.794504
-56,6,169.808508
34,16,169.843515
-61,11,169.868521
24,26,169.925534
-67,17,169.962542
28,22,170.011552
-52,2,170.016554
28,22,170.064564
-92,42,170.156585
-54,4,170.165587
-86,36,170.245605
17,33,170.317621
37,13,170.346628
-29,79,170.519666
20,30,170.585681
-53,3,170.592682
-65,15,170.62569
27,23,170.676702
-13,63,170.812731
-64,14,170.843739
-56,6,170.857742
33,17,170.89475
-130,80,171.069792
31,19,171.110801
-66,16,171.146809
7,43,171.24183
21,29,171.305845
37,13,171.334851
-61,11,171.358857
-68,18,171.398866
32,18,171.439874
25,25,171.494887
37,13,171.524893
20,30,171.590908
40,10,171.612913
-79,29,171.675927
-97,47,171.77795
-55,5,171.789953
-57,7,171.805956
29,21,171.851966
-63,13,171.880973
-52,2,171.885974
36,14,171.916982
-87,37,171.996999
3,47,172.099022
32,18,172.140031
-57,7,172.155034
15,35,172.231051
23,27,172.290064
42,8,172.308068
35,15,172.341078
-54,4,172.35108
41,9,172.371085
39,11,172.39609
-65,15,172.428097
16,34,172.502114
-6,56,172.623141
5,45,172.721165
17,33,172.793181
-75,25,172.848193
28,22,172.895204
26,24,173.735512
0,50,173.842535
38,12,173.869542
28,22,173.916552
-52,2,173.921553
3,47,174.024576
19,31,174.091591
-86,36,174.169609
18,32,174.239625
-83,33,174.31164
-58,8,174.329644
-54,4,174.339647
42,8,174.35665
-65,15,174.389657
25,25,174.443669
19,31,174.511684
-59,9,174.531689
38,12,174.557695
19,31,174.62471
-72,22,174.673721
36,14,174.703728
25,25,174.75774
-68,18,174.797749
-3,53,174.912774
20,30,174.978789
35,15,175.011796
21,29,175.075813
-55,5,175.086815
23,27,175.145828
30,20,175.188838
39,11,175.212843
-52,2,175.217845
-56,6,175.231847
23,27,175.290861
15,35,175.366878
37,13,175.395885
40,10,175.41789
22,28,175.477902
-69,19,175.519912
-52,2,175.525913
30,20,175.568923
34,16,175.60393
-78,28,175.665944
39,11,175.69095
-66,16,175.725958
23,27,175.784971
-54,4,175.793973
-89,39,175.878992
21,29,175.943006
-83,33,176.015022
12,38,176.097041
-64,14,176.129048
-75,25,176.18406
37,13,176.213066
14,36,176.292084
-19,69,176.441259
-100,100,176.656307
18,32,176.725322
31,19,176.768332
32,18,176.807341
30,20,176.851351
-103,53,176.966376
27,23,177.016387
-64,14,177.047394
-16,66,177.189426
28,22,177.237436
-70,20,177.280446
-83,33,177.352462
-104,54,177.469491
31,19,177.5105
32,18,177.549509
41,9,177.569513
17,33,177.64153
-54,4,177.650532
-60,10,177.673537
-65,15,177.706544
-54,4,177.715546
-66,16,177.751554
-60,10,177.773559
18,32,177.843576
32,18,177.882586
-56,6,177.896589
39,11,177.920594
-54,4,177.930596
-53,3,177.937598
39,11,177.961603
-90,40,178.048623
35,15,178.08163
-4,54,178.985955
0,50,179.093979
-72,22,179.142107
9,41,179.231127
-67,17,179.268135
-72,22,179.317146
42,8,179.33515
32,18,179.374159
35,15,179.407166
28,22,179.455177
-11,61,179.587206
-62,12,179.614213
2,48,179.718235
-60,10,179.741241
-45,95,179.945287
-60,10,179.967291
18,32,180.037307
41,9,180.056311
-52,2,180.061312
-67,17,180.099321
37,13,180.127327
30,20,180.171337
-52,2,180.175337
31,19,180.218348
-75,25,180.272359
10,40,180.359379
-108,58,180.484407
36,14,180.516536
39,11,180.540542
-89,39,180.625561
18,32,180.695576
39,11,180.719582
28,22,180.768593
-52,2,180.773594
4,46,180.872616
13,37,180.952634
33,17,180.989642
34,16,181.02565
35,15,181.057657
27,23,181.107791
-59,9,181.127796
27,23,181.177807
30,20,181.221817
-73,23,181.272828
34,16,181.308836
18,32,181.377851
-56,6,181.390854
23,27,181.449868
29,21,181.495878
-70,20,181.539888
-68,18,181.579897
-52,2,181.584898
30,20,181.629908
34,16,181.664916
-64,14,181.695923
-102,52,181.809948
1,49,181.916972
33,17,181.95398
35,15,181.985987
22,28,182.047001
27,23,182.097012
13,37,182.17703
18,32,182.247046
4,46,182.346068
36,14,182.377074
36,14,182.408082
34,16,182.443089
36,14,182.474096
24,26,182.531109
14,36,182.609126
-73,23,182.660138
17,33,182.732263
-100,100,182.950312
-73,23,183.000324
-59,9,183.020328
28,22,183.068338
-64,14,183.100346
28,22,183.147356
35,15,183.180363
33,17,183.218371
-63,13,183.247381
-68,18,183.28739
-56,6,183.301393
34,16,183.336401
20,30,183.402416
-67,17,184.226925
25,25,184.282938
27,23,184.333949
26,24,184.386961
38,12,184.412967
25,25,184.468979
19,31,184.535994
16,34,184.610125
-82,32,184.680141
-60,10,184.703146
4,46,184.802168
-13,63,184.939198
16,34,185.012215
15,35,185.089232
34,16,185.12424
-59,9,185.144244
14,36,185.222261
34,16,185.257269
31,19,185.298278
-62,12,185.325284
35,15,185.359292
36,14,185.389299
36,14,185.420305
-84,34,185.495322
0,50,185.603347
-52,2,185.608348
33,17,185.646356
-54,4,185.655358
-45,95,185.858535
30,20,185.902545
-74,24,185.954075
18,32,186.025091
-96,46,186.125113
-18,68,186.272146
7,43,186.367167
33,17,186.405176
-62,12,186.432182
-56,6,186.446185
39,11,186.47019
35,15,186.503198
29,21,186.550208
33,17,186.587216
-55,5,186.599219
25,25,186.654232
22,28,186.715245
30,20,186.758255
-70,20,186.803264
-52,2,186.808266
5,45,186.905287
37,13,186.934294
2,48,187.038317
35,15,187.071325
21,29,187.134339
16,34,187.207355
-62,12,187.234361
-68,18,187.27437
37,13,187.302376
21,29,187.365497
14,36,187.443514
21,29,187.506528
28,22,187.554539
24,26,187.611552
24,26,187.668565
23,27,187.727682
30,20,187.771692
5,45,187.869714
-102,52,187.980739
-74,24,188.033751
32,18,188.07276
-53,3,188.079761
40,10,188.101766
-134,84,188.283807
-61,11,188.307812
34,16,188.34282
-73,23,188.392831
38,12,188.419837
-67,17,188.456845
-37,87,188.645887
37,13,188.674894
21,29,189.513083
34,16,189.549091
22,28,189.610105
33,17,189.647113
19,31,189.715129
34,16,189.751137
18,32,189.822152
-94,44,189.918174
32,18,189.959183
37,13,189.987189
28,22,190.0362
-53,3,190.043324
24,26,190.100336
31,19,190.142346
28,22,190.191357
16,34,190.266373
1,49,190.373398
-15,65,190.515429
38,12,190.542435
-66,16,190.577443
17,33,190.650459
-56,6,190.664462
18,32,190.735478
24,26,190.792491
35,15,190.825498
-84,34,190.900515
17,33,190.973531
-1,51,191.084556
32,18,191.124565
-68,18,191.165574
-54,4,191.175576
-13,63,191.312607
36,14,191.343614
28,22,191.391624
-65,15,191.425632
37,13,191.454638
28,22,191.50365
-56,6,191.517653
-67,17,191.554661
20,30,191.621676
18,32,191.691691
18,32,191.761707
-110,60,191.892737
29,21,191.939747
3,47,192.040769
22,28,192.100783
-63,13,192.129789
32,18,192.168798
18,32,192.237813
-91,41,192.326833
28,22,192.374844
28,22,192.423855
-68,18,192.462863
-59,9,192.483869
33,17,192.520876
-52,2,192.525878
29,21,192.571888
33,17,192.608896
19,31,192.676911
-56,6,192.690914
-53,3,192.697916
28,22,192.746028
-20,70,192.898062
-58,8,192.916066
-2,52,193.028091
-54,4,193.038093
30,20,193.082103
22,28,193.142117
28,22,193.190128
31,19,193.232137
23,27,193.290149
35,15,193.323157
30,20,193.366167
24,26,193.42318
-52,2,193.42818
36,14,193.460188
28,22,193.507198
32,18,193.546207
-64,14,193.578214
-56,6,193.591217
-59,9,193.612222
42,8,193.629225
-64,14,193.660232
30,20,193.704242
28,22,193.752253
-56,6,193.766256
28,22,193.814266
-73,23,193.865278
-55,5,193.878281
26,24,193.930292
25,25,194.760269
21,29,194.823283
-82,32,194.893299
-17,67,195.038332
40,10,195.060336
-66,16,195.095344
29,21,195.141354
-115,65,195.283386
-53,3,195.290388
19,31,195.357403
-59,9,195.378407
32,18,195.417416
6,44,195.515574
34,16,195.550582
28,22,195.599593
-58,8,195.616597
26,24,195.669609
39,11,195.693614
9,41,195.783634
40,10,195.805639
-54,4,195.815641
36,14,195.846648
24,26,195.902661
30,20,195.947671
-37,87,196.134713
-18,68,196.281745
33,17,196.318754
-64,14,196.349761
38,12,196.375767
22,28,196.43678
8,42,196.527801
9,41,196.61582
28,22,196.663831
-80,30,196.729846
-5,55,196.848872
-76,26,196.905017
17,33,196.976033
22,28,197.037047
-21,71,197.190081
16,34,197.263097
-72,22,197.311107
-103,53,197.425133
-79,29,197.489147
23,27,197.54716
-58,8,197.565165
27,23,197.615176
31,19,197.657186
30,20,197.699194
34,16,197.734202
-60,10,197.75631
30,20,197.80132
23,27,197.860333
35,15,197.894341
-59,9,197.914345
-75,25,197.968357
36,14,197.998364
28,22,198.046483
11,39,198.131501
12,38,198.21352
27,23,198.264534
34,16,198.300542
-25,75,198.462578
11,39,198.546597
-54,4,198.556599
36,14,198.587606
37,13,198.616613
19,31,198.684627
10,40,198.771647
29,21,198.817657
-8,58,198.942685
-74,24,198.995697
-58,8,199.012701
-66,16,199.048708
-72,22,199.096719
29,21,199.14373
28,22,199.19074
-59,9,199.210745
28,22,200.036059
28,22,200.08507
32,18,200.124079
36,14,200.155086
8,42,200.245106
-65,15,200.278113
14,36,200.356131
-62,12,200.383137
-58,8,200.40114
34,16,200.436149
-63,13,200.466155
-56,6,200.480158
38,12,200.507164
21,29,200.570178
-71,21,200.615188
28,22,200.664199
22,28,200.725216
-52,2,200.730217
22,28,200.791231
-70,20,200.836241
22,28,200.897254
26,24,200.949268
-100,100,201.164316
40,10,201.186321
-53,3,201.193323
-67,17,201.231332
24,26,201.288344
-74,24,201.340355
34,16,201.375364
38,12,201.401369
-65,15,201.434377
-64,14,201.465383
20,30,201.529398
38,12,201.557404
-69,19,201.599413
14,36,201.678432
31,19,201.720441
-54,4,201.730443
23,27,201.790456
-63,13,201.819463
32,18,201.859472
-56,6,201.872474
18,32,201.943491
24,26,202.001503
-53,3,202.008505
35,15,202.041512
38,12,202.068519
27,23,202.11853
35,15,202.151536
38,12,202.177543
-55,5,202.188545
23,27,202.248558
34,16,202.283566
37,13,202.311572
32,18,202.3507
23,27,202.409714
-89,39,202.494732
9,41,202.582752
-1,51,202.693777
0,50,202.801803
30,20,202.845814
26,24,202.897825
30,20,202.940835
30,20,202.985844
-59,9,203.005849
3,47,203.108872
18,32,203.177887
24,26,203.2349
-55,5,203.245903
-81,31,203.313918
37,13,203.341924
22,28,203.402937
-72,22,203.450948
-68,18,203.489957
-109,59,203.617985
42,8,203.634989
-61,11,203.659995
12,38,203.742127
12,38,203.824146
-7,57,203.947174
-66,16,203.982181
38,12,204.009188
-70,20,204.053197
40,10,204.075202
-56,6,204.089206
-56,6,204.103208
32,18,204.142217
34,16,204.177225
26,24,204.230237
26,24,204.281248
25,25,204.33526
-57,7,204.351264
-78,28,204.412277
27,23,204.462288
37,13,205.267468
11,39,205.353606
-108,58,205.480633
37,13,205.508639
12,38,205.592658
34,16,205.628666
-91,41,205.718686
34,16,205.753694
20,30,205.819709
38,12,205.845715
-69,19,205.887724
-55,5,205.899727
34,16,205.934734
21,29,205.998749
14,36,206.078767
6,44,206.175788
-91,41,206.264808
-69,19,206.306818
-47,97,206.519866
-88,38,206.602887
42,8,206.620891
-4,54,206.738917
-61,11,206.763923
-64,14,206.794932
-71,21,206.841943
29,21,206.887953
-37,87,207.077995
35,15,207.111002
7,43,207.205023
-56,6,207.219027
12,38,207.302045
10,40,207.390065
14,36,207.468082
32,18,207.509092
12,38,207.592112
23,27,207.652125
-58,8,207.66913
39,11,207.693135
15,35,207.770152
27,23,207.820167
28,22,207.869177
24,26,207.926189
9,41,208.015209
-53,3,208.023211
25,25,208.078223
-100,100,208.297272
28,22,208.346283
-60,10,208.368289
36,14,208.399295
14,36,208.479313
30,20,208.522323
-73,23,208.573334
17,33,208.64635
-20,70,208.800385
13,37,208.881403
34,16,208.91741
4,46,209.017433
-85,35,209.09445
-55,5,209.106453
-116,66,209.249592
-82,32,209.320607
16,34,209.395624
21,29,209.459638
-70,20,209.503649
-90,40,209.590667
42,8,209.609672
40,10,209.631677
31,19,209.673686
29,21,209.719696
25,25,210.546996
17,33,210.619012
-57,7,210.636016
-139,89,210.828058
36,14,210.859066
40,10,210.881071
18,32,210.950086
-52,2,210.956087
28,22,211.004098
11,39,211.088121
34,16,211.123128
26,24,211.176141
36,14,211.207147
-10,60,211.337177
30,20,211.380186
28,22,211.428196
31,19,211.469206
-71,21,211.515216
-63,13,211.545223
21,29,211.607237
36,14,211.637244
-76,26,211.693256
27,23,211.742267
-22,72,211.897413
36,14,211.928419
36,14,211.959427
35,15,211.991434
12,38,212.073452
-72,22,212.122463
31,19,212.163472
-70,20,212.207482
38,12,212.232487
2,48,212.336511
28,22,212.385522
-62,12,212.412528
19,31,212.479543
37,13,212.508549
-44,94,212.711594
35,15,212.744601
31,19,212.786611
32,18,212.824622
-56,6,212.838625
-26,76,213.003663
-54,4,213.012665
41,9,213.032669
-53,3,213.04067
26,24,213.092682
30,20,213.136692
18,32,213.206708
-58,8,213.225826
30,20,213.269837
-56,6,213.282839
29,21,213.32985
8,42,213.41987
36,14,213.450876
41,9,213.470881
29,21,213.516891
17,33,213.587907
34,16,213.623915
-58,8,213.642919
32,18,213.681928
-124,74,213.842964
26,24,213.894976
36,14,213.925982
34,16,213.96099
31,19,214.003
-57,7,214.019003
-58,8,214.037008
38,12,214.063013
33,17,214.100022
-55,5,214.111023
31,19,214.153034
-52,2,214.158034
36,14,214.189042
0,50,214.297065
-54,4,214.306067
37,13,214.334074
36,14,214.36508
-67,17,214.402089
-68,18,214.442098
-72,22,214.491108
-56,6,214.504112
-74,24,214.556123
-18,68,214.703156
16,34,214.777172
-56,6,214.792176
-94,44,214.887197
36,14,214.918204
16,34,214.99322
30,20,215.814404
23,27,215.872417
-57,7,215.88842
30,20,215.93243
27,23,215.981441
-80,30,216.046455
23,27,216.104469
22,28,216.165482
-92,42,216.257502
-76,26,216.314515
-76,26,216.371528
40,10,216.392533
6,44,216.488554
40,10,216.509559
27,23,216.56057
28,22,216.609581
39,11,216.634587
-78,28,216.695601
26,24,216.747612
-58,8,216.765616
27,23,216.816627
-73,23,216.866638
-69,19,216.908648
27,23,216.959659
19,31,217.026674
30,20,217.070684
36,14,217.100691
24,26,217.157703
-4,54,217.274729
-1,51,217.384754
30,20,217.429764
37,13,217.45877
-77,27,217.517783
-56,6,217.531787
32,18,217.570796
28,22,217.617806
-57,7,217.63381
-54,4,217.643812
14,36,217.721829
-104,54,217.838963
24,26,217.895975
-109,59,218.025004
-10,60,218.154033
-52,2,218.160034
-77,27,218.219047
-61,11,218.244053
-58,8,218.262057
29,21,218.308067
23,27,218.36608
28,22,218.414091
-56,6,218.427094
-53,3,218.434095
-1,51,218.54612
25,25,218.600132
-73,23,218.650143
-61,11,218.675149
29,21,218.72116
24,26,218.777172
41,9,218.797176
33,17,218.835185
-68,18,218.875194
30,20,218.918203
17,33,218.989219
8,42,219.080239
16,34,219.154256
31,19,219.196265
32,18,219.235274
15,35,219.311291
32,18,219.3513
-78,28,219.412313
-66,16,219.447321
32,18,219.48733
33,17,219.524338
-63,13,219.553345
33,17,219.590353
-60,10,219.613358
-95,45,219.71238
-72,22,219.7595
-106,56,219.879523
-79,29,219.943537
-58,8,219.961541
30,20,220.00455
29,21,220.050665
-65,15,220.083673
11,39,220.166691
-86,36,220.245709
0,50,221.116903
-100,100,221.332951
24,26,221.389964
22,28,221.450977
-58,8,221.468982
14,36,221.546999
-56,6,221.560001
36,14,221.591009
-71,21,221.637019
9,41,221.727039
35,15,221.760046
25,25,221.814059
36,14,221.845065
-53,3,221.853068
36,14,221.883074
-35,85,222.066114
28,22,222.114126
29,21,222.160136
-1,51,222.271161
-53,3,222.278162
24,26,222.334175
-52,2,222.339175
28,22,222.387186
28,22,222.435197
-70,20,222.478207
15,35,222.553225
31,19,222.594234
25,25,222.649247
33,17,222.686255
-56,6,222.700258
15,35,222.776275
26,24,222.828286
40,10,222.851292
-62,12,222.878538
27,23,222.92955
7,43,223.02157
31,19,223.06458
29,21,223.10959
-53,3,223.117592
17,33,223.188607
-71,21,223.235618
22,28,223.296632
15,35,223.372649
23,27,223.430661
14,36,223.508679
25,25,223.562691
2,48,223.666714
-72,22,223.715725
28,22,223.764736
-97,47,223.864759
35,15,223.897766
-61,11,223.921771
30,20,223.966781
25,25,224.020793
10,40,224.107813
30,20,224.151822
22,28,224.212836
20,30,224.277851
31,19,224.31986
13,37,224.399878
-52,2,224.404879
-56,6,224.418882
27,23,224.468893
26,24,224.520905
-83,33,224.592921
18,32,224.662936
24,26,224.718949
8,42,224.809969
36,14,224.839976
-52,2,224.844977
23,27,224.90399
-62,12,224.929996
-88,38,225.013015
30,20,225.057025
28,22,225.105035
-34,84,225.286076
30,20,225.330085
25,25,225.383097
31,19,225.425107
-7,57,226.316305
21,29,226.379319
-86,36,226.458337
14,36,226.537354
32,18,226.577363
-4,54,226.69539
-68,18,226.735399
40,10,226.757404
40,10,226.780408
-57,7,226.796412
31,19,226.838422
-3,53,226.953448
11,39,227.039466
27,23,227.089478
22,28,227.151491
-55,5,227.163494
20,30,227.229509
-86,36,227.308527
13,37,227.391545
35,15,227.424552
-65,15,227.45756
31,19,227.499569
-62,12,227.526575
-69,19,227.568584
29,21,227.614595
-53,3,227.622597
-19,69,227.773631
25,25,227.828643
39,11,227.852648
33,17,227.890772
-71,21,227.937783
36,14,227.96979
-76,26,228.026803
1,49,228.134827
-68,18,228.173836
6,44,228.270861
37,13,228.299869
-53,3,228.30687
35,15,228.340877
-52,2,228.345878
-142,92,228.546923
-55,5,228.558926
-55,5,228.569929
-56,6,228.583932
1,49,228.690955
36,14,228.721962
8,42,228.813983
14,36,228.894001
33,17,228.931009
28,22,228.98002
-3,53,229.096046
-36,86,229.283087
-9,59,229.413116
35,15,229.447124
-74,24,229.500136
-55,5,229.512138
41,9,229.532143
-57,7,229.548146
31,19,229.590274
-54,4,229.600276
32,18,229.639285
16,34,229.714302
-105,55,229.835329
-1,51,229.947354
28,22,229.996365
33,17,230.034373
-58,8,230.052377
33,17,230.090386
27,23,230.140397
-90,40,230.227416
30,20,230.271426
-18,68,230.41946
23,27,230.479472
39,11,230.504479
-53,3,230.511479
34,16,230.546488
36,14,230.577494
-59,9,230.597499
31,19,230.639508
27,23,230.690519
32,18,230.729528
-76,26,231.55484
20,30,231.619854
13,37,231.701872
-71,21,231.746883
35,15,231.77989
11,39,231.864909
33,17,231.901917
-70,20,231.945927
33,17,231.983935
-61,11,232.008941
10,40,232.09396
30,20,232.137969
21,29,232.200984
37,13,232.22899
7,43,232.322125
-71,21,232.368135
-63,13,232.397142
-2,52,232.509167
30,20,232.553177
40,10,232.575182
37,13,232.604188
26,24,232.6562
-56,6,232.669203
19,31,232.737218
-52,2,232.742219
27,23,232.79223
-64,14,232.822237
29,21,232.868248
-62,12,232.895253
-10,60,233.024407
-66,16,233.059415
-59,9,233.079419
-53,3,233.086421
14,36,233.164438
25,25,233.21845
-67,17,233.256459
-58,8,233.274463
21,29,233.335477
-66,16,233.370484
33,17,233.408493
23,27,233.468506
20,30,233.53252
37,13,233.561527
29,21,233.607537
28,22,233.655548
28,22,233.703558
36,14,233.734565
32,18,233.773574
38,12,233.79958
-53,3,233.807582
-55,5,233.818584
22,28,233.878597
10,40,233.966617
-53,3,233.973619
-74,24,234.025631
-65,15,234.059638
15,35,234.135656
-66,16,234.170663
-59,9,234.190667
16,34,234.264684
19,31,234.332699
31,19,234.373708
36,14,234.404715
35,15,234.437722
40,10,234.459727
-59,9,234.479732
-57,7,234.495736
-56,6,234.508738
13,37,234.587756
28,22,234.635767
19,31,234.703782
33,17,234.74079
25,25,234.794802
-64,14,234.825809
24,26,234.881822
-65,15,234.914829
27,23,234.96484
37,13,234.993846
16,34,235.06799
-63,13,235.097997
31,19,235.139006
28,22,235.187017
-59,9,235.207021
38,12,235.234027
6,44,235.330048
31,19,235.372058
-67,17,235.410066
-61,11,235.434072
36,14,235.466079
23,27,235.524092
32,18,235.564101
-3,53,235.678126
38,12,235.705132
19,31,235.772147
27,23,235.822158
-16,66,235.96519
-62,12,235.991196
16,34,236.833504
33,17,236.870512
34,16,236.90452
29,21,236.95053
37,13,236.979536
28,22,237.027547
-60,10,237.049553
-55,5,237.060555
8,42,237.152576
31,19,237.193584
-58,8,237.211588
40,10,237.233593
24,26,237.290606
-53,3,237.297607
28,22,237.345618
12,38,237.427636
32,18,237.467645
19,31,237.53466
11,39,237.62068
-53,3,237.627681
25,25,237.681693
30,20,237.725703
-3,53,237.839729
13,37,237.920746
34,16,237.955873
34,16,237.990881
-11,61,238.123911
-106,56,238.243937
29,21,238.289948
37,13,238.317954
29,21,238.363964
35,15,238.395971
14,36,238.473989
-61,11,238.497994
5,45,238.596016
5,45,238.694038
26,24,238.74705
35,15,238.780057
29,21,238.82507
27,23,238.875081
33,17,238.912089
-81,31,238.980104
30,20,239.024114
-111,61,239.155146
-52,2,239.160147
35,15,239.193155
10,40,239.280174
-52,2,239.285176
-53,3,239.292177
-72,22,239.340188
-53,3,239.347189
-65,15,239.380196
-52,2,239.385198
33,17,239.422206
-55,5,239.434208
-52,2,239.43921
12,38,239.522228
-73,23,239.57424
12,38,239.656258
26,24,239.70927
36,14,239.739277
-70,20,239.783286
-60,10,239.805291
28,22,239.852302
-87,37,239.93332
23,27,239.992333
-100,100,240.208381
-55,5,240.219384
21,29,240.282398
-33,83,240.461437
20,30,240.527453
33,17,240.564461
-52,2,240.570462
1,49,240.676486
30,20,240.719496
-60,10,240.7415
-122,72,240.896534
-71,21,240.941545
-54,4,240.950547
30,20,240.994557
32,18,241.034565
30,20,241.077575
-68,18,241.116584
-3,53,242.008783
20,30,242.075798
-14,64,242.214829
40,10,242.237834
29,21,242.284844
-59,9,242.30585
-66,16,242.341857
20,30,242.407872
-28,78,242.57791
34,16,242.613918
25,25,242.66893
27,23,242.719942
3,47,242.822964
30,20,242.866974
-61,11,242.89198
-56,6,242.904983
29,21,242.950996
2,48,243.057019
32,18,243.096028
-70,20,243.140038
-52,2,243.145039
29,21,243.191049
30,20,243.236059
-82,32,243.307075
38,12,243.334081
29,21,243.380091
33,17,243.417099
-4,54,243.535126
28,22,243.584137
8,42,243.676157
39,11,243.701163
39,11,243.725168
27,23,243.776179
36,14,243.807186
42,8,243.82419
4,46,243.925215
-53,3,243.933217
28,22,243.981228
26,24,244.03424
-74,24,244.087252
33,17,244.12526
16,34,244.199277
-75,25,244.255289
40,10,244.278295
6,44,244.375316
20,30,244.440331
-60,10,244.463336
-57,7,244.478339
-20,70,244.632491
28,22,244.680502
36,14,244.711509
41,9,244.732513
-59,9,244.752519
19,31,244.820533
-58,8,244.838537
40,10,244.859542
-61,11,244.884547
38,12,244.910553
-66,16,244.945561
40,10,244.968567
-4,54,245.086592
14,36,245.16461
22,28,245.226623
-55,5,245.238627
-9,59,245.366655
27,23,245.417666
1,49,245.52469
28,22,245.573701
30,20,245.617711
-60,10,245.639716
35,15,245.673723
-83,33,245.74574
-80,30,245.811754
11,39,245.897773
24,26,245.954786
27,23,246.005797
9,41,246.095818
-2,52,246.210844
33,17,246.248852
25,25,246.302864
29,21,246.349874
28,22,246.397885
37,13,246.425891
38,12,246.453898
-64,14,246.484904
-70,20,247.312194
14,36,247.390212
-9,59,247.516239
39,11,247.541245
-57,7,247.557248
-71,21,247.603259
-73,23,247.65427
24,26,247.710283
36,14,247.74129
-58,8,247.759294
-63,13,247.7873
36,14,247.819308
-14,64,247.95644
41,9,247.977445
26,24,248.029457
-55,5,248.04146
31,19,248.083469
28,22,248.13148
-4,54,248.248506
34,16,248.283514
-52,2,248.288515
34,16,248.323522
15,35,248.39954
27,23,248.449551
29,21,248.495561
30,20,248.539571
22,28,248.599584
24,26,248.655597
-62,12,248.684603
-59,9,248.704607
33,17,248.741616
38,12,248.767621
-63,13,248.795628
-65,15,248.828635
35,15,248.860642
-70,20,248.903652
20,30,248.969667
31,19,249.010676
-80,30,249.076691
-76,26,249.132703
36,14,249.16371
1,49,249.269734
26,24,249.322746
39,11,249.348751
-58,8,249.366755
38,12,249.392761
21,29,249.456775
20,30,249.52179
14,36,249.599808
14,36,249.677825
39,11,249.70383
27,23,249.753842
-55,5,249.765844
28,22,249.812855
37,13,249.841861
39,11,249.865866
-84,34,249.938883
30,20,249.981893
31,19,250.024015
4,46,250.124037
-56,6,250.13804
20,30,250.203054
-69,19,250.245064
25,25,250.299076
1,49,250.4061
-93,43,250.49912
33,17,250.536129
-52,2,250.54113
-102,52,250.654155
32,18,250.693164
29,21,250.739174
26,24,250.792186
0,50,250.89921
21,29,250.962224
28,22,251.010235
17,33,251.08125
39,11,251.105256
-22,72,251.262291
32,18,251.3013
28,22,251.34931
30,20,251.39332
18,32,251.462336
38,12,251.488341
23,27,251.547354
-74,24,251.599366
17,33,251.672382
23,27,251.730396
-52,2,251.735397
-53,3,251.742398
24,26,252.588587
6,44,252.684608
12,38,252.766757
-52,2,252.772759
-67,17,252.809767
35,15,252.842775
-64,14,252.873781
37,13,252.902788
-4,54,253.018817
32,18,253.057825
9,41,253.146845
41,9,253.166849
30,20,253.210859
23,27,253.269872
9,41,253.358892
-84,34,253.431908
36,14,253.463915
-72,22,253.511926
-70,20,253.554936
37,13,253.583942
-100,100,253.79999
29,21,253.847001
-80,30,253.912015
41,9,253.93202
-64,14,253.963027
37,13,253.991034
-95,45,254.088055
-64,14,254.118062
-72,22,254.166072
23,27,254.225085
-40,90,254.417128
28,22,254.465139
28,22,254.513149
31,19,254.553159
-60,10,254.574163
9,41,254.664183
28,22,254.713194
24,26,254.768207
-75,25,254.823219
26,24,254.87623
42,8,254.893234
-68,18,254.933244
-53,3,254.940245
-33,83,255.119285
40,10,255.14129
-114,64,255.27932
29,21,255.326331
36,14,255.357338
-57,7,255.372341
-108,58,255.499889
-55,5,255.511892
29,21,255.557902
-35,85,255.741943
38,12,255.767949
24,26,255.824961
6,44,255.920983
-72,22,255.967993
26,24,256.021005
38,12,256.047011
32,18,256.08602
-91,41,256.17504
20,30,256.240054
20,30,256.305068
14,36,256.383086
34,16,256.418094
-57,7,256.434098
-57,7,256.450101
27,23,256.500112
-64,14,256.531119
29,21,256.576132
27,23,256.626143
-54,4,256.635146
-52,2,256.640146
-15,65,256.781178
-57,7,256.797181
30,20,256.842305
18,32,256.912321
33,17,256.949329
