#{"t_start": 1661119510.289283, "env_id": "env.spec.id"}
r,l,t
-76,26,0.049011
-56,6,0.060014
-74,24,0.099022
-72,22,0.138032
-149,99,0.297067
-106,56,0.385087
-53,3,0.390089
-54,4,0.39809
-75,25,0.437099
-94,44,0.507115
-87,37,0.566129
-52,2,0.569129
-69,19,0.600136
-91,41,0.66515
-77,27,0.70916
-53,3,0.714162
-57,7,0.725164
-54,4,0.732165
-66,16,0.758172
-65,15,0.782177
-64,14,0.804182
-67,17,0.832189
-60,10,0.8483
-58,8,0.861304
15,35,0.917316
-56,6,0.926318
-97,47,1.001335
-65,15,1.02534
-71,21,1.060348
-59,9,1.075352
-57,7,1.086354
-53,3,1.091356
-82,32,1.145368
-54,4,1.151369
-52,2,1.15537
-78,28,1.20038
-104,54,1.2864
-71,21,1.320407
-52,2,1.324408
-55,5,1.33241
-94,44,1.402426
-66,16,1.42819
-71,21,1.462199
-64,14,1.484203
-57,7,1.496206
-53,3,1.501207
-83,33,1.553219
-58,8,1.566221
-102,52,1.64824
-90,40,1.712255
-62,12,1.73226
-57,7,1.743262
-86,36,1.801275
-79,29,1.847285
-54,4,1.853287
-52,2,1.857287
-60,10,1.873291
-59,9,1.888295
-52,2,1.891295
-93,43,1.962312
-112,62,2.060333
-82,32,2.111345
-76,26,2.156355
-62,12,2.175359
-75,25,2.215369
-62,12,2.235373
-52,2,2.238374
-78,28,2.285384
-83,33,2.337396
-69,19,2.368403
-69,19,2.39841
-59,9,2.413413
-81,31,2.462424
-56,6,2.472427
33,17,2.499433
-52,2,2.502434
-63,13,2.523438
-74,24,2.561447
-77,27,2.607457
-70,20,2.639464
-55,5,2.647466
-73,23,2.683474
-54,4,2.690475
-52,2,2.694477
-65,15,2.718482
-65,15,2.742488
-57,7,2.75349
-52,2,2.758492
-59,9,2.773495
-54,4,2.782497
-55,5,2.791498
-112,62,2.889521
-72,22,2.924529
-72,22,2.959536
-63,13,2.980541
-54,4,2.987543
-57,7,2.999546
-86,36,3.059559
-57,7,3.070561
-103,53,3.154581
-74,24,3.192589
-73,23,3.229598
-56,6,3.2396
-75,25,3.281609
-54,4,3.288611
-77,27,4.089903
-99,49,4.166921
-100,100,4.323956
-106,56,4.412976
32,18,4.440982
-87,37,4.501996
-75,25,4.542005
-67,17,4.569011
-78,28,4.613021
-84,34,4.666033
-100,100,4.825069
-60,10,4.841072
-69,19,4.871079
-52,2,4.87408
-83,33,4.929092
-70,20,4.9611
-147,97,5.113134
-94,44,5.181149
-60,10,5.197153
-78,28,5.241163
-93,43,5.309178
-60,10,5.325182
-66,16,5.350187
-77,27,5.392197
-62,12,5.411201
-101,51,5.49222
-73,23,5.529228
-57,7,5.54023
-83,33,5.594243
-83,33,5.646254
-71,21,5.679262
-59,9,5.693787
-95,45,5.763802
-114,64,5.864825
-81,31,5.912835
-83,33,5.964848
-54,4,5.970849
-68,18,5.999855
-82,32,6.049867
-63,13,6.070872
-67,17,6.097878
-53,3,6.102879
-67,17,6.128884
-108,58,6.222906
-100,100,6.378941
-86,36,6.436955
-64,14,6.458959
-56,6,6.468961
-65,15,6.492967
-60,10,6.50897
-72,22,6.542978
-56,6,6.55298
-55,5,6.561982
-57,7,6.572986
-61,11,6.59199
-61,11,6.609995
-76,26,6.651003
-108,58,6.742023
-70,20,6.77503
-144,94,6.923064
-57,7,6.934067
-91,41,7.001081
-80,30,7.048092
-73,23,7.0841
-84,34,7.139113
-53,3,7.144114
-70,20,7.176121
-57,7,7.187124
-70,20,7.219131
-115,65,7.321154
-100,100,8.224488
-65,15,8.248493
-53,3,8.253494
-88,38,8.313508
-100,100,8.471544
-53,3,8.476545
-93,43,8.54556
-100,100,8.707597
-92,42,8.773612
-84,34,8.827624
-100,100,8.98666
-140,90,9.129693
-77,27,9.174706
-69,19,9.204712
-83,33,9.256724
-102,52,9.340743
-99,49,9.41976
-60,10,9.436765
-73,23,9.472772
-87,37,9.554791
-72,22,9.581797
-63,13,9.596801
-68,18,9.617806
-70,20,9.642811
-98,48,9.697823
-99,49,9.754838
-79,29,9.788844
10,40,9.836855
-66,16,9.857859
-54,4,9.863861
-58,8,9.872863
-65,15,9.890867
-60,10,9.90187
-134,84,9.998892
-125,75,10.086911
-127,77,10.174931
-129,79,10.265952
-79,29,10.299959
-100,100,10.414985
-61,11,10.427988
-100,100,10.543014
-62,12,10.557018
-66,16,10.577022
-55,5,10.583023
-55,5,10.592025
-100,100,10.74806
-118,68,10.855085
-63,13,10.875089
-70,20,10.907097
-60,10,10.923101
-75,25,10.962109
-57,7,10.974111
-86,36,11.030124
-109,59,11.123145
-82,32,11.172156
-61,11,11.19016
-75,25,11.230169
-59,9,11.244173
-72,22,11.27918
-100,100,11.439216
-66,16,11.467223
-127,77,11.58825
-100,100,11.745414
-74,24,11.783423
-64,14,11.807428
-149,99,11.962463
-100,50,12.042481
-74,24,12.080489
-77,27,12.123499
-100,50,12.203517
-65,15,12.227523
-123,73,12.343549
-77,27,12.386559
-106,56,13.233005
-128,78,13.355033
-100,100,13.513069
-144,94,13.658102
-100,100,13.814136
-81,31,13.863147
-59,9,13.877275
-79,29,13.923286
-125,75,14.039312
-98,48,14.114329
-147,97,14.269364
-90,40,14.331378
-109,59,14.424399
-136,86,14.558432
-147,97,14.709466
-70,20,14.740473
-52,2,14.744474
-100,100,14.901509
-126,76,15.020537
-68,18,15.048543
-74,24,15.086671
-88,38,15.145685
-100,100,15.30172
-58,8,15.315723
-108,58,15.405743
-121,71,15.515768
-56,6,15.52577
-100,100,15.681806
-68,18,15.709812
-123,73,15.824965
-100,100,15.981
-100,100,16.136138
-129,79,16.261167
-77,27,16.303176
-100,100,17.208644
-75,25,17.247653
-100,100,17.405688
-65,15,17.429695
-72,22,17.463701
-100,100,17.619737
-100,100,17.775772
-64,14,17.798777
-100,100,17.954936
-100,100,18.110971
-100,100,18.267006
-53,3,18.272007
-100,100,18.428043
-114,64,18.528066
-90,40,18.591079
-106,56,18.678099
-62,12,18.697104
-100,100,18.854139
-73,23,18.891147
-105,55,18.97717
-80,30,19.025181
-99,49,19.101198
-100,100,19.258234
-100,100,19.413268
-53,3,19.418269
-100,100,19.574304
-100,100,19.73134
-142,92,19.875373
-71,21,19.908381
-100,100,20.055413
-100,100,20.171439
-100,100,20.286465
-67,17,20.30647
-100,100,20.420496
-100,100,20.535522
-129,79,20.626542
-77,27,20.657549
-100,100,20.772575
-117,67,20.850593
-100,100,20.964619
-100,100,21.079645
-100,100,21.195671
-100,100,21.309814
-100,100,21.42484
-135,85,21.522862
-100,100,21.637888
-130,80,21.729909
-100,100,21.844935
-100,100,21.959961
-62,12,21.973964
-100,100,22.08799
-103,53,22.149004
-70,20,22.173009
-77,27,22.205016
-100,100,22.361053
-100,100,22.518087
-100,100,23.432295
-87,37,23.490307
-103,53,23.573326
-100,100,23.728361
-80,30,23.775371
-73,23,23.81238
-100,100,23.967548
-147,97,24.118582
-100,100,24.276618
-150,100,24.432654
-93,43,24.500669
-115,65,24.601692
-82,32,24.652704
-100,100,24.808738
-94,44,24.879755
-100,100,25.035789
-100,100,25.191825
-82,32,25.241837
-102,52,25.322854
-100,100,25.47989
-61,11,25.496894
-100,100,25.651929
-116,66,25.755952
-100,100,25.911988
-100,100,26.068022
-129,79,26.192051
-100,100,26.348086
-100,100,26.504121
-100,100,27.42933
-100,100,27.585365
-117,67,27.69039
-129,79,27.813417
-71,21,27.847425
-131,81,27.972453
-103,53,28.056472
-137,87,28.191503
-88,38,28.251516
-62,12,28.270521
-61,11,28.287524
-68,18,28.31553
-100,100,28.470566
-100,100,28.627601
-54,4,28.633602
-100,100,28.789637
-100,100,28.946675
-137,87,29.082706
-100,100,29.238741
-81,31,29.286752
-53,3,29.291754
-100,100,29.448789
-113,63,29.546811
-100,100,29.703846
-100,100,29.860883
-100,100,30.015917
-122,72,30.127942
-100,100,30.285978
-121,71,30.396003
-100,100,31.319212
-124,74,31.436238
-100,100,31.592273
-100,100,31.748308
-100,100,31.906344
-84,34,31.959356
-100,100,32.116391
-87,37,32.173404
-139,89,32.42246
-88,38,32.46647
-123,73,32.550489
-100,100,32.665515
-84,34,32.704524
-132,82,32.799545
-80,30,32.834553
-92,42,32.882564
-83,33,32.920573
-76,26,32.951581
-112,62,33.022596
-136,86,33.120618
-100,100,33.235644
-100,100,33.35067
-60,10,33.362673
-61,11,33.375676
-100,100,33.490701
-100,100,33.605858
-70,20,33.628864
-100,100,33.74489
-71,21,33.768895
-100,100,33.884921
-75,25,33.913928
-118,68,33.994949
-100,100,34.111976
-82,32,34.163987
-100,100,34.323023
-100,100,34.483059
-82,32,34.534071
-90,40,34.598085
-80,30,34.646096
-82,32,34.697108
-100,100,34.858144
-79,29,34.904154
-53,3,34.910156
-109,59,35.003176
-55,5,35.012179
-149,99,35.169214
-111,61,35.268237
-54,4,35.274238
-126,76,35.396266
-106,56,35.486286
-149,99,35.643322
-100,100,35.803357
-138,88,35.94339
-118,68,36.052414
-63,13,36.073534
-53,3,36.078536
-138,88,36.219567
-67,17,36.246573
-101,51,37.079762
-100,100,37.240798
-109,59,37.334819
-57,7,37.346822
-76,26,37.388831
-137,87,37.527866
-72,22,37.563873
-100,100,37.72291
-95,45,37.794926
-113,63,37.894948
-71,21,37.929958
-64,14,37.951961
-54,4,37.958962
-145,95,38.110997
-58,8,38.124
-85,35,38.180013
-104,54,38.267032
-76,26,38.309042
-56,6,38.318044
-139,89,38.461076
-100,100,38.623113
-145,95,38.775147
-112,62,38.87417
-100,100,39.03432
-100,100,39.195357
-118,68,39.304381
-100,100,39.464418
-136,86,39.601449
-93,43,39.671464
-100,100,39.838502
-93,43,39.915522
-83,33,39.970534
-100,100,40.138572
-138,88,40.286605
-81,31,40.339618
-100,100,41.285831
-117,67,41.392855
-78,28,41.438865
-88,38,41.499879
-130,80,41.628908
-62,12,41.648913
-107,57,41.739933
-100,50,41.818952
-52,2,41.822952
-113,63,41.925976
-108,58,42.018996
-66,16,42.045002
-124,74,42.163029
-100,100,42.322065
-100,100,42.488103
-76,26,42.533113
-62,12,42.554117
-111,61,42.661142
-89,39,42.728157
-100,100,42.889193
-57,7,42.900196
-131,81,43.029225
-98,48,43.109248
-105,55,43.196267
-65,15,43.220273
-100,100,43.379308
-93,43,43.448324
-85,35,43.504337
-54,4,43.511339
-100,100,43.673375
-68,18,43.749393
-61,11,43.762395
-65,15,43.780399
-67,17,43.803404
-96,46,43.857416
-100,100,43.975443
-138,88,44.079586
-61,11,44.092589
-80,30,44.128597
-84,34,44.168606
-100,100,44.285632
-62,12,44.300636
-87,37,44.343646
-100,100,44.462676
-91,41,44.512686
-139,89,44.61771
-56,6,44.625712
-56,6,44.632714
-52,2,44.635714
-100,100,44.754885
-100,100,44.874912
-52,2,44.877912
-94,44,44.929924
-85,35,44.970933
-65,15,44.988938
-87,37,45.049951
-87,37,45.109964
-104,54,45.195984
-72,22,45.230992
-87,37,45.291006
-95,45,45.362021
-85,35,45.418034
-147,97,45.574069
-100,50,45.655192
-118,68,46.534392
-63,13,46.555396
-77,27,46.599405
-65,15,46.624411
-79,29,46.670422
-62,12,46.690426
-61,11,46.70743
-85,35,46.763443
-56,6,46.773445
-52,2,46.776447
-68,18,46.804452
-72,22,46.83946
-56,6,46.849462
-75,25,46.889471
-100,100,47.046506
-60,10,47.06251
-78,28,47.107521
-60,10,47.123524
-86,36,47.180537
-84,34,47.23655
-123,73,47.352576
-79,29,47.400587
-107,57,47.491607
-100,100,47.651643
-84,34,47.706656
-97,47,47.782673
-120,70,47.893698
-140,90,48.03573
-77,27,48.07974
-102,52,48.160758
-75,25,48.200768
-69,19,48.230775
-83,33,48.282786
-56,6,48.292788
-84,34,48.3458
-72,22,48.381809
-114,64,48.482942
-75,25,48.523951
-98,48,48.598969
-77,27,48.641978
-113,63,48.741
-88,38,48.801013
-104,54,48.888034
-127,77,49.009061
-73,23,49.045171
-104,54,49.133191
-148,98,49.292227
-91,41,49.357241
-68,18,49.386249
-77,27,49.429257
-57,7,49.44026
-76,26,49.48227
-74,24,49.520278
-60,10,49.536282
-93,43,49.603297
-150,100,49.761333
-143,93,50.659653
-65,15,50.683659
-81,31,50.73267
-94,44,50.802685
-109,59,50.896707
-109,59,50.989728
-106,56,51.078748
-69,19,51.108755
-74,24,51.146764
-64,14,51.168768
-57,7,51.180771
-92,42,51.247786
-71,21,51.280793
-75,25,51.320802
-83,33,51.373814
-104,54,51.459834
-133,83,51.592864
-66,16,51.61787
-128,78,51.74104
-77,27,51.78405
-89,39,51.846063
-70,20,51.878071
-57,7,51.889074
-109,59,51.982094
-122,72,52.09612
-68,18,52.124126
-66,16,52.150132
-71,21,52.18314
-52,2,52.18614
-149,99,52.344176
-55,5,52.352178
-54,4,52.358179
-52,2,52.36218
-100,100,52.519216
-131,81,52.648245
-126,76,52.768272
-85,35,52.823284
-53,3,52.829286
-75,25,52.869405
-75,25,52.909414
-89,39,52.971427
-111,61,53.066448
-56,6,53.076451
-52,2,53.080452
-70,20,53.112459
-111,61,53.207481
-73,23,53.244489
-70,20,53.277497
-60,10,53.2935
-58,8,53.306502
-101,51,53.38652
-58,8,53.400524
-70,20,53.432531
-65,15,53.456536
-14,64,53.557559
-57,7,53.569563
-54,4,53.575563
-110,60,53.670585
-64,14,53.69359
-69,19,53.723597
-79,29,53.769608
-72,22,54.549008
-57,7,54.56001
-80,30,54.608021
-64,14,54.631027
-59,9,54.64503
-71,21,54.679038
-81,31,54.728048
-52,2,54.731049
-62,12,54.750054
-67,17,54.777059
-73,23,54.814068
-73,23,54.851076
-52,2,54.855078
-57,7,54.86708
-60,10,54.883084
-59,9,54.899087
-75,25,54.939096
-58,8,54.952099
-66,16,54.977237
-63,13,54.998242
-70,20,55.03025
-54,4,55.037251
-58,8,55.050254
-58,8,55.063257
-61,11,55.081261
-55,5,55.089262
-64,14,55.111268
-56,6,55.121269
-93,43,55.189285
-56,6,55.199287
-52,2,55.202288
-52,2,55.231295
-60,10,55.243298
-65,15,55.261302
-63,13,55.276305
-55,5,55.283306
-56,6,55.290309
-57,7,55.29931
-53,3,55.303311
-86,36,55.34432
-55,5,55.351322
-72,22,55.377327
-82,32,55.414336
-59,9,55.425339
-81,31,55.461347
-60,10,55.473349
-81,31,55.510358
-56,6,55.517359
-52,2,55.52036
-54,4,55.525361
-58,8,55.535363
-53,3,55.538364
-57,7,55.547366
-64,14,55.56437
-81,31,55.600378
-58,8,55.610381
-93,43,55.678396
-76,26,55.720405
-65,15,55.74441
-63,13,55.765415
-62,12,55.78442
-71,21,55.817427
38,12,55.837431
-68,18,55.866438
-76,26,55.907447
-53,3,55.912448
-58,8,55.925451
-70,20,55.957458
-59,9,55.971462
-52,2,55.975463
-62,12,55.994467
-76,26,56.035476
-58,8,56.049479
-71,21,56.082487
-91,41,56.146501
-80,30,56.193512
-76,26,56.235522
-53,3,56.240523
-81,31,56.289533
-56,6,56.299536
-53,3,56.304537
-59,9,56.318541
-77,27,56.36155
-80,30,56.409561
-54,4,56.416563
-65,15,56.439567
-109,59,56.532588
-61,11,56.551593
-89,39,56.613607
-87,37,56.67162
-67,17,56.699626
-70,20,56.730634
-79,29,56.776643
-91,41,56.842659
-75,25,56.881667
-65,15,56.905673
-62,12,56.924677
-52,2,56.928678
-56,6,56.938681
-53,3,56.943681
-98,48,57.019698
-62,12,57.038703
-52,2,57.042704
-64,14,57.064708
-65,15,57.088715
-94,44,57.15773
-78,28,57.20274
-69,19,57.232747
-65,15,57.257752
-72,22,57.29176
-56,6,57.301762
-78,28,57.345772
-61,11,57.363776
-69,19,57.393783
-70,20,57.42579
-55,5,57.433792
-88,38,57.493805
-57,7,57.504808
-57,7,57.516811
-56,6,57.526813
-64,14,57.548819
-61,11,57.566822
-64,14,57.588827
-76,26,57.629836
-65,15,57.653842
-71,21,57.68785
-55,5,57.695851
-69,19,57.725858
-55,5,57.73486
-54,4,57.741862
-57,7,57.752864
-84,34,57.806877
-77,27,57.849886
-63,13,57.871891
-75,25,57.9109
-93,43,57.978916
-76,26,58.020925
-52,2,58.023925
-105,55,58.109945
-55,5,58.118947
-77,27,58.160956
-100,50,58.989144
-62,12,59.009148
-60,10,59.025151
-63,13,59.045156
-61,11,59.06316
-85,35,59.118297
-59,9,59.1333
-55,5,59.142302
-61,11,59.159306
-52,2,59.163306
-60,10,59.17931
-68,18,59.208317
-61,11,59.226321
-57,7,59.237323
-55,5,59.245325
-59,9,59.260329
-59,9,59.275332
-63,13,59.296336
-57,7,59.307339
-52,2,59.31034
-57,7,59.322342
-54,4,59.328344
-69,19,59.359351
-55,5,59.367352
-56,6,59.377355
-60,10,59.393358
-54,4,59.400361
-68,18,59.429367
-55,5,59.437369
-62,12,59.456372
-55,5,59.464375
-57,7,59.476377
-78,28,59.520387
-63,13,59.541392
-56,6,59.551394
-62,12,59.570398
-61,11,59.587403
-67,17,59.615408
-62,12,59.634413
-56,6,59.644415
-52,2,59.647416
-60,10,59.663419
-70,20,59.696427
-77,27,59.738436
-70,20,59.770444
-55,5,59.779446
-80,30,59.827456
-53,3,59.832458
-54,4,59.838459
-58,8,59.851462
-56,6,59.861464
-63,13,59.882469
-70,20,59.914476
-62,12,59.93348
-59,9,59.947484
-86,36,60.004496
-58,8,60.017499
-62,12,60.037504
-70,20,60.069512
-52,2,60.072512
-92,42,60.139527
-52,2,60.142528
-73,23,60.178535
-56,6,60.189538
-55,5,60.19754
-62,12,60.216545
-54,4,60.223546
-69,19,60.254553
-70,20,60.28556
-55,5,60.293562
-58,8,60.306565
-64,14,60.329571
-55,5,60.337571
-58,8,60.351575
-59,9,60.365578
-61,11,60.383582
-59,9,60.398585
-96,46,60.471602
-63,13,60.491606
-62,12,60.510611
-65,15,60.535616
-52,2,60.538617
-57,7,60.55062
-61,11,60.567623
-60,10,60.583627
34,16,60.609633
-66,16,60.634639
-55,5,60.64264
-64,14,60.665646
-54,4,60.672647
-56,6,60.682649
-57,7,60.693652
-62,12,60.712658
-56,6,60.722659
-60,10,60.738662
-63,13,60.759667
-54,4,60.766669
-52,2,60.76967
-66,16,60.794675
-72,22,60.830683
-54,4,60.837685
-94,44,60.9077
-85,35,60.962713
-61,11,60.979717
-70,20,61.011724
-62,12,61.030728
-61,11,61.048733
-52,2,61.051733
-100,50,61.131752
11,39,61.192765
-52,2,61.196766
-89,39,61.25978
-64,14,61.281785
-81,31,61.330796
-76,26,61.371805
-58,8,61.384809
-52,2,61.388809
-56,6,61.397811
27,23,61.434819
-54,4,61.441821
-54,4,61.448823
-73,23,61.484831
-54,4,61.491832
-62,12,61.510837
-67,17,61.537843
-56,6,61.547845
-53,3,61.552846
-63,13,61.57285
-69,19,61.603858
-54,4,61.61086
-52,2,61.61386
-59,9,61.628863
-72,22,61.663871
-61,11,61.681875
-86,36,61.738888
-59,9,61.752891
-78,28,61.797901
-60,10,61.813905
-79,29,61.861916
-56,6,61.871918
-56,6,61.88092
-53,3,61.885921
27,23,61.92293
-52,2,61.92593
-55,5,61.934932
-56,6,61.944935
-69,19,61.974941
-113,63,62.074964
-61,11,62.091968
-62,12,62.110973
-87,37,62.169986
-81,31,62.218997
-61,11,62.98517
-62,12,63.005174
-70,20,63.036181
-52,2,63.040182
-57,7,63.052185
-54,4,63.059186
-53,3,63.064188
-52,2,63.067188
-61,11,63.085192
-52,2,63.088193
-57,7,63.099195
-52,2,63.103196
35,15,63.128202
-63,13,63.148206
-57,7,63.159209
-59,9,63.174212
-60,10,63.190217
-54,4,63.197218
-63,13,63.218222
33,17,63.246228
-60,10,63.262232
-59,9,63.277236
-58,8,63.290239
-58,8,63.302243
-63,13,63.323246
-57,7,63.335249
-53,3,63.340251
-52,2,63.344251
-61,11,63.361255
-58,8,63.374257
-58,8,63.38726
-66,16,63.413266
-53,3,63.418267
-62,12,63.437272
-68,18,63.466279
-52,2,63.470279
-54,4,63.476281
-54,4,63.483282
-58,8,63.496285
-56,6,63.506287
-59,9,63.520291
13,37,63.579304
-56,6,63.589306
-58,8,63.60231
-56,6,63.612312
-59,9,63.626315
-57,7,63.638318
-59,9,63.652321
-56,6,63.662323
-61,11,63.680327
-52,2,63.684328
-54,4,63.690329
-53,3,63.69533
-59,9,63.710334
-57,7,63.721336
-67,17,63.748342
-54,4,63.755344
27,23,63.791352
-59,9,63.806356
33,17,63.834361
-69,19,63.864368
-52,2,63.868369
-62,12,63.887373
-55,5,63.896376
-59,9,63.910379
-60,10,63.926382
-56,6,63.936384
-56,6,63.946387
-54,4,63.952389
-66,16,63.978395
-53,3,63.983395
-55,5,63.991397
-54,4,63.997398
-58,8,64.010401
-61,11,64.028405
-64,14,64.051411
-52,2,64.054411
-52,2,64.058412
14,36,64.115541
-55,5,64.123543
-67,17,64.15055
-60,10,64.166554
-55,5,64.174555
-53,3,64.179556
-55,5,64.187559
-52,2,64.191559
-59,9,64.205562
2,48,64.282579
-54,4,64.289581
-64,14,64.311586
-52,2,64.315587
-67,17,64.342593
-64,14,64.364598
-54,4,64.3706
-52,2,64.3746
-57,7,64.385602
-53,3,64.390604
-53,3,64.396605
-53,3,64.401606
-73,23,64.437615
-70,20,64.469621
-60,10,64.485626
-56,6,64.494627
-61,11,64.512631
-52,2,64.516632
-53,3,64.521633
-62,12,64.540638
-63,13,64.561642
14,36,64.618655
-56,6,64.628658
-60,10,64.644661
-63,13,64.665666
-55,5,64.673668
-55,5,64.681669
-54,4,64.688671
-59,9,64.702674
-54,4,64.709676
-59,9,64.723679
-56,6,64.733681
-65,15,64.757687
-61,11,64.77469
-57,7,64.786693
-52,2,64.789694
-67,17,64.8177
-52,2,64.821701
-58,8,64.834704
-60,10,64.850708
-65,15,64.874713
-65,15,64.898718
-52,2,64.90272
-55,5,64.910721
-54,4,64.916723
-66,16,64.942729
-52,2,64.946729
-52,2,64.94973
-61,11,64.967734
-58,8,64.980737
-52,2,64.983738
-63,13,65.004742
-55,5,65.012745
-74,24,65.050753
-57,7,65.061755
-54,4,65.068757
-54,4,65.075758
-53,3,65.08076
-55,5,65.088762
-54,4,65.095763
-57,7,65.106766
-54,4,65.137772
-65,15,65.155776
-52,2,65.158777
-58,8,65.167779
-52,2,65.17078
-53,3,65.174781
-53,3,65.178782
-56,6,65.185783
-63,13,65.200787
-52,2,65.203787
-59,9,65.21479
-65,15,65.232794
-71,21,65.256799
-67,17,65.276804
-61,11,65.289807
-60,10,65.30281
-57,7,65.310812
-53,3,65.314812
-55,5,65.320815
-54,4,65.325815
-52,2,65.328815
-53,3,65.331816
-66,16,65.350821
-54,4,65.355822
-52,2,65.358822
-58,8,65.372826
-60,10,65.388829
-65,15,65.411834
-54,4,65.418836
-53,3,65.423837
-55,5,65.432839
-66,16,65.457845
-69,19,65.487852
-55,5,65.495853
29,21,65.529861
-55,5,65.537863
-61,11,65.554867
-64,14,65.577872
-58,8,65.590875
-58,8,65.603878
-60,10,65.618881
-55,5,65.627883
-56,6,65.637885
-61,11,65.65589
-52,2,65.65989
-52,2,65.662891
-61,11,65.680896
28,22,65.714903
-56,6,65.724905
-65,15,65.748911
-54,4,65.754912
-52,2,65.758913
-59,9,65.772916
-67,17,65.800922
-55,5,65.808924
-54,4,65.815926
-67,17,65.842932
-52,2,65.845932
-53,3,65.851933
-57,7,65.863937
-52,2,65.866937
35,15,65.890943
-64,14,65.912948
-58,8,65.92595
-54,4,65.932952
-52,2,65.935953
-61,11,65.953957
-52,2,65.956958
-54,4,65.963959
-61,11,65.980963
-57,7,65.992966
-52,2,65.996966
27,23,66.032975
-56,6,66.042977
-54,4,66.048979
-52,2,66.05298
-57,7,66.064981
-63,13,66.085987
-65,15,66.108992
33,17,66.136998
-68,18,66.165004
-54,4,66.172006
-55,5,66.180008
-52,2,66.184009
37,13,66.205013
-57,7,66.217016
-54,4,66.224018
-52,2,66.227018
-61,11,66.245145
-54,4,66.251147
-54,4,66.258148
-56,6,66.26815
-52,2,66.272151
-66,16,66.297157
-62,12,66.316161
-54,4,66.323164
-66,16,66.349168
-61,11,66.366172
40,10,66.382176
-53,3,66.387178
-76,26,66.429187
-64,14,66.451192
-52,2,66.454192
-53,3,66.459193
-52,2,66.463195
-54,4,66.470196
-54,4,66.477197
-59,9,66.491201
-61,11,66.508204
-59,9,66.523208
38,12,67.28538
-52,2,67.289381
-54,4,67.295382
-54,4,67.302384
-55,5,67.310385
-52,2,67.314387
-56,6,67.324389
-60,10,67.340393
-78,28,67.384403
-52,2,67.388404
-54,4,67.395406
-53,3,67.400406
-54,4,67.406407
-62,12,67.425414
-54,4,67.432415
-53,3,67.437417
-52,2,67.441417
-54,4,67.447419
-58,8,67.461422
-53,3,67.466423
-54,4,67.472425
-52,2,67.476425
-52,2,67.479426
-55,5,67.487427
-54,4,67.49443
-61,11,67.512433
29,21,67.545441
-61,11,67.563445
40,10,67.579448
-54,4,67.586451
-58,8,67.599453
-53,3,67.604455
-53,3,67.609455
-52,2,67.613456
-58,8,67.626459
-52,2,67.629459
32,18,67.658466
-53,3,67.663468
-56,6,67.67347
-56,6,67.682472
-57,7,67.694475
4,46,67.767491
-52,2,67.770492
-54,4,67.777493
-54,4,67.783495
39,11,67.801499
-58,8,67.815502
-53,3,67.820503
-54,4,67.826504
-57,7,67.838507
-65,15,67.861513
-52,2,67.865513
-63,13,67.886518
-52,2,67.890519
-54,4,67.89752
-52,2,67.900521
-66,16,67.925526
-65,15,67.950532
31,19,67.982539
-52,2,67.986541
-55,5,67.994542
-53,3,67.999543
-56,6,68.009545
-55,5,68.018548
-52,2,68.021549
-55,5,68.03055
34,16,68.055557
-55,5,68.063558
-52,2,68.066559
-58,8,68.079561
-57,7,68.091565
27,23,68.128572
-54,4,68.134574
-56,6,68.144576
-60,10,68.16158
-52,2,68.164581
-53,3,68.169582
-52,2,68.173583
-53,3,68.178584
-52,2,68.181585
-52,2,68.185585
-53,3,68.190588
-52,2,68.193587
36,14,68.216592
-52,2,68.219593
-61,11,68.237597
-52,2,68.241598
-52,2,68.244599
-54,4,68.251601
-52,2,68.255601
-57,7,68.266603
-58,8,68.279607
19,31,68.328618
-77,27,68.371628
-58,8,68.38463
-59,9,68.398633
-56,6,68.408635
-56,6,68.418638
-52,2,68.421639
24,26,68.463648
-67,17,68.492655
-52,2,68.495655
-53,3,68.501657
-56,6,68.511659
33,17,68.538665
-64,14,68.56067
-52,2,68.563671
-59,9,68.578675
9,41,68.642689
-52,2,68.64669
-60,10,68.662693
-52,2,68.666694
-56,6,68.676696
-52,2,68.679697
-62,12,68.698701
-52,2,68.702702
-56,6,68.712704
-60,10,68.728708
-53,3,68.733709
-52,2,68.73771
-53,3,68.742712
-55,5,68.750713
-61,11,68.768717
-52,2,68.771718
-55,5,68.779719
-55,5,68.788722
-52,2,68.792722
-57,7,68.803725
-102,52,68.885743
-53,3,68.890744
-52,2,68.894746
-53,3,68.899747
-54,4,68.906748
-53,3,68.91175
-54,4,68.917751
-58,8,68.931754
-54,4,68.937755
-52,2,68.941756
-62,12,68.96076
-52,2,68.963761
-57,7,68.975764
-58,8,68.988767
-58,8,69.00177
-58,8,69.014773
-67,17,69.041779
16,34,69.095791
-63,13,69.115795
-52,2,69.119796
-52,2,69.122807
-63,13,69.144805
-64,14,69.16681
-54,4,69.173813
-64,14,69.195817
-58,8,69.20882
-53,3,69.213821
-52,2,69.217821
-52,2,69.220822
-56,6,69.230824
-53,3,69.235826
-53,3,69.240827
-54,4,69.247828
33,17,69.274834
-55,5,69.282837
-60,10,69.298841
-52,2,69.302841
11,39,69.363855
-52,2,69.367856
-54,4,69.374857
-52,2,69.377858
-52,2,69.38186
-52,2,69.384859
-65,15,69.408864
-56,6,69.418867
-62,12,69.437872
42,8,69.450874
-63,13,69.47188
-65,15,69.496885
-56,6,69.506887
-54,4,69.513889
-57,7,69.524891
-52,2,69.527892
-54,4,69.534893
-54,4,69.541895
-59,9,69.556898
-59,9,69.571902
5,45,69.641918
-54,4,69.648919
-68,18,69.676925
-53,3,69.682927
-63,13,69.703932
-59,9,69.717934
-52,2,69.721936
-53,3,69.726936
-52,2,69.729937
-59,9,69.744941
-55,5,69.752942
-54,4,69.759944
-59,9,69.773947
-56,6,69.78395
-56,6,69.793952
-69,19,69.823959
-63,13,69.844963
-57,7,69.856966
-58,8,69.869969
-54,4,69.87597
-54,4,69.882972
-58,8,69.895975
-62,12,69.91798
-56,6,69.926982
-53,3,69.931983
-52,2,69.935984
-61,11,69.952987
-55,5,69.96199
-55,5,69.969991
-53,3,69.974993
-67,17,70.002999
-52,2,70.007
-55,5,70.015002
-57,7,70.026004
-54,4,70.033006
-52,2,70.036006
-53,3,70.041007
-60,10,70.058012
-70,20,70.089018
28,22,70.125027
-55,5,70.133028
-54,4,70.14003
-59,9,70.154033
-54,4,70.161035
-55,5,70.169036
-60,10,70.18504
-55,5,70.194043
40,10,70.210046
-53,3,70.215047
-53,3,70.220048
-55,5,70.22805
-58,8,70.241053
-55,5,70.249054
-56,6,70.259057
-54,4,70.266058
-54,4,70.27306
35,15,70.296065
-52,2,70.300066
-55,5,70.308068
-54,4,70.315069
-59,9,70.329073
-55,5,70.338075
-53,3,70.343076
-56,6,70.353078
-61,11,70.370082
-55,5,70.378084
-52,2,70.382085
29,21,70.416092
-52,2,70.419093
-52,2,70.423094
-68,18,70.451102
32,18,70.481107
-55,5,70.489109
-60,10,70.505112
-55,5,70.514115
-63,13,70.534119
-53,3,70.53912
-61,11,70.557124
-52,2,70.561125
-52,2,70.564126
-53,3,70.569127
-54,4,70.576128
-53,3,70.581129
32,18,71.354417
25,25,71.394426
-52,2,71.398427
-52,2,71.401427
-56,6,71.41143
-53,3,71.416431
-53,3,71.421432
-57,7,71.432434
-52,2,71.436435
-55,5,71.444437
-59,9,71.45944
-54,4,71.465442
40,10,71.481445
37,13,71.50345
-53,3,71.509452
-54,4,71.516453
-58,8,71.529456
-58,8,71.542459
-56,6,71.552461
38,12,71.571465
-57,7,71.582468
-52,2,71.586469
-56,6,71.596471
-52,2,71.600472
-60,10,71.616476
-56,6,71.626478
-52,2,71.629478
-54,4,71.63648
-69,19,71.666487
-66,16,71.691492
-60,10,71.707496
-52,2,71.711497
-53,3,71.716498
-58,8,71.729502
-54,4,71.736503
-59,9,71.750506
-53,3,71.755507
-52,2,71.759508
-61,11,71.776512
-52,2,71.780513
-54,4,71.787514
-54,4,71.794517
39,11,71.812521
-55,5,71.820522
42,8,71.833525
-58,8,71.846528
-52,2,71.849528
-52,2,71.853529
-54,4,71.859531
-60,10,71.876534
-59,9,71.891538
-54,4,71.897539
34,16,71.923545
-53,3,71.928546
-54,4,71.934549
-55,5,71.943549
-58,8,71.956553
-60,10,71.972557
-60,10,71.98856
-53,3,71.993561
36,14,72.016566
-52,2,72.019567
-56,6,72.029569
-52,2,72.03257
31,19,72.062577
-52,2,72.066578
-54,4,72.072579
-53,3,72.07858
-53,3,72.083581
-59,9,72.098586
-62,12,72.11859
-57,7,72.129592
-52,2,72.133592
-54,4,72.139594
-54,4,72.146596
-54,4,72.153597
-52,2,72.157598
-59,9,72.171601
-53,3,72.176602
-64,14,72.198607
-53,3,72.203608
-56,6,72.213611
-62,12,72.233615
-53,3,72.238616
-52,2,72.242618
-56,6,72.25262
-52,2,72.25562
-56,6,72.265622
-52,2,72.268623
-82,32,72.321635
-60,10,72.337638
-55,5,72.34564
-57,7,72.357643
-57,7,72.369646
-56,6,72.378648
-52,2,72.382649
-62,12,72.401653
-53,3,72.406654
-52,2,72.410655
-57,7,72.421658
-54,4,72.428659
-53,3,72.43366
31,19,72.463667
-57,7,72.47567
-61,11,72.492674
31,19,72.522681
-53,3,72.527682
-56,6,72.537684
-55,5,72.545686
-52,2,72.549687
-52,2,72.552687
-53,3,72.557688
-56,6,72.568691
-58,8,72.581694
-54,4,72.587695
-54,4,72.594697
-57,7,72.605699
-54,4,72.612701
-53,3,72.617702
-55,5,72.625704
-52,2,72.629705
-60,10,72.645709
-55,5,72.65371
-59,9,72.668713
-54,4,72.674715
-58,8,72.687718
-52,2,72.691718
-53,3,72.69672
36,14,72.719725
-61,11,72.736729
-62,12,72.755733
-52,2,72.759734
-54,4,72.765735
-58,8,72.779738
-54,4,72.786741
42,8,72.798743
-52,2,72.802744
-52,2,72.805745
-52,2,72.809745
-59,9,72.823748
-56,6,72.833751
-52,2,72.837752
-56,6,72.849754
-56,6,72.859756
20,30,72.906767
-57,7,72.917769
-53,3,72.923771
-52,2,72.926771
-52,2,72.930773
-52,2,72.934774
-57,7,72.945776
-55,5,72.953778
-53,3,72.958779
-56,6,72.968781
-56,6,72.978784
-52,2,72.981784
-71,21,73.015792
-55,5,73.023794
40,10,73.039797
-67,17,73.067803
-66,16,73.092812
-55,5,73.100814
-57,7,73.112817
-52,2,73.115817
35,15,73.140823
-55,5,73.148825
-54,4,73.155827
-52,2,73.158827
-53,3,73.163828
-59,9,73.178831
-58,8,73.190834
-54,4,73.197836
-56,6,73.209838
-53,3,73.21484
-53,3,73.219841
-62,12,73.238845
-52,2,73.242846
-65,15,73.265851
-57,7,73.277854
-62,12,73.297858
-55,5,73.30586
-57,7,73.316863
34,16,73.342869
-52,2,73.345869
37,13,73.366874
-61,11,73.384878
-52,2,73.387878
-52,2,73.39188
-55,5,73.399881
-58,8,73.413884
-52,2,73.416886
-52,2,73.420886
-52,2,73.423887
-54,4,73.430889
-52,2,73.433889
-54,4,73.440891
-55,5,73.448892
-53,3,73.453893
41,9,73.468897
-66,16,73.493903
-55,5,73.502905
-56,6,73.511907
-53,3,73.516907
-55,5,73.52591
-52,2,73.52891
-53,3,73.533912
-58,8,73.547915
-53,3,73.552916
-56,6,73.562919
-63,13,73.582923
29,21,73.61693
-52,2,73.620931
-53,3,73.625933
-57,7,73.636935
-53,3,73.641936
-58,8,73.654939
-59,9,73.668942
-60,10,73.685946
-56,6,73.694949
-54,4,73.70195
-56,6,73.711952
-52,2,73.714953
-55,5,73.722955
-56,6,73.732957
-53,3,73.737958
-54,4,73.74496
-52,2,73.74796
-55,5,73.756962
-54,4,73.762964
-60,10,73.778968
36,14,73.801972
-52,2,73.804973
-57,7,73.816976
-59,9,73.830979
-52,2,73.83498
-56,6,73.844982
-54,4,73.850983
-53,3,73.855984
-52,2,73.859985
-61,11,73.876988
-54,4,73.883991
-52,2,73.886991
-53,3,73.892993
-55,5,73.900995
-58,8,73.913998
-56,6,73.924
-52,2,73.927
-60,10,73.943004
-56,6,73.953007
-54,4,73.960008
42,8,73.973012
-58,8,73.986015
-56,6,73.996016
-57,7,74.007019
-57,7,74.018021
34,16,74.044027
-57,7,74.05603
-54,4,74.062031
-52,2,74.066032
-52,2,74.069034
-56,6,74.079035
39,11,74.096038
-53,3,74.10104
-58,8,74.115044
-54,4,74.121044
-55,5,74.129046
-52,2,74.133047
-53,3,74.138048
-55,5,74.14605
35,15,74.170055
-52,2,74.173056
-53,3,74.179058
-54,4,74.186059
-52,2,74.18906
-53,3,74.194061
-56,6,74.204063
-58,8,74.217066
-56,6,74.227068
-57,7,74.23807
40,10,74.255075
-53,3,74.260076
-52,2,74.264077
-52,2,74.267077
-55,5,74.27508
-53,3,74.28108
-62,12,74.300085
-64,14,74.32209
-58,8,74.335093
-61,11,74.353097
-58,8,74.3661
-54,4,74.372101
-53,3,74.377102
-60,10,74.394106
-60,10,74.41011
-52,2,74.41411
-55,5,74.422112
-70,20,74.454122
-55,5,74.462123
-52,2,74.466125
-52,2,74.469125
-62,12,74.488129
32,18,74.517136
-52,2,74.520137
-52,2,74.524137
-53,3,74.529139
-56,6,74.539141
-52,2,74.543142
-52,2,74.546142
18,32,74.597154
-52,2,74.600154
-54,4,74.607156
-66,16,74.632162
-55,5,74.640163
-61,11,74.658168
-57,7,74.670171
-52,2,74.674172
-53,3,74.679172
-55,5,74.687175
-56,6,74.696176
-56,6,74.706179
-52,2,75.455471
35,15,75.478476
-53,3,75.483477
-54,4,75.490479
18,32,75.54049
-57,7,75.551493
-53,3,75.557494
-60,10,75.572497
-55,5,75.5815
-54,4,75.587501
-52,2,75.591502
-53,3,75.596503
-55,5,75.604505
-65,15,75.62751
39,11,75.645514
36,14,75.667519
-55,5,75.676521
-55,5,75.684523
-53,3,75.689524
-57,7,75.75854
-56,6,75.767542
-55,5,75.773543
-53,3,75.777544
-54,4,75.783545
-52,2,75.787546
8,42,75.839558
-52,2,75.841558
-52,2,75.844559
36,14,75.864563
-52,2,75.867564
35,15,75.886569
-55,5,75.89357
41,9,75.904572
-58,8,75.914575
-61,11,75.929578
-52,2,75.932579
42,8,75.942581
-52,2,75.946582
-56,6,75.954584
-56,6,75.961585
-58,8,75.971588
-52,2,75.973588
-52,2,75.976589
-52,2,75.97959
-52,2,75.983591
-52,2,75.988591
-53,3,75.993593
-59,9,76.010596
31,19,76.042603
16,34,76.099617
-55,5,76.107618
-55,5,76.11562
-56,6,76.127623
-52,2,76.130624
-59,9,76.146627
-55,5,76.155629
-52,2,76.159631
-57,7,76.171633
-56,6,76.182636
-52,2,76.185636
-52,2,76.189638
-53,3,76.195639
-53,3,76.200639
-58,8,76.214643
-53,3,76.220644
-54,4,76.227645
-52,2,76.231646
-53,3,76.236648
-58,8,76.250651
-54,4,76.257653
-52,2,76.261653
-56,6,76.271656
-55,5,76.280657
-55,5,76.28966
-59,9,76.304663
38,12,76.325668
-56,6,76.33567
28,22,76.373679
-52,2,76.37868
-54,4,76.385681
-55,5,76.394683
-52,2,76.397684
-61,11,76.417689
-54,4,76.42469
-53,3,76.429691
-52,2,76.433692
-59,9,76.450696
-52,2,76.453697
-54,4,76.460699
-52,2,76.4647
-53,3,76.4697
-56,6,76.481703
-52,2,76.484704
-52,2,76.489704
35,15,76.515711
-54,4,76.522712
-55,5,76.530714
-52,2,76.536715
-56,6,76.546718
-55,5,76.554719
-54,4,76.561721
-55,5,76.569723
-55,5,76.577724
-60,10,76.595729
10,40,76.663744
0,50,76.748763
-54,4,76.755765
-54,4,76.762766
-57,7,76.775769
-52,2,76.779771
-54,4,76.787772
-57,7,76.798775
-54,4,76.807776
-58,8,76.82178
-56,6,76.831782
-52,2,76.834783
-59,9,76.851786
-52,2,76.855788
-58,8,76.869791
-54,4,76.876792
-54,4,76.883794
37,13,76.904798
-52,2,76.908799
-52,2,76.9128
37,13,76.932805
-56,6,76.942807
-55,5,76.950809
-52,2,76.95381
-52,2,76.95781
-56,6,76.966812
37,13,76.987817
-57,7,76.99882
34,16,77.023826
-53,3,77.028827
-54,4,77.036828
28,22,77.075837
38,12,77.094841
-52,2,77.098842
-54,4,77.104844
42,8,77.117846
-62,12,77.136851
33,17,77.164003
-52,2,77.167004
-57,7,77.178005
-52,2,77.182007
-56,6,77.192009
-63,13,77.212013
31,19,77.24202
-56,6,77.253023
38,12,77.273027
29,21,77.306035
27,23,77.342043
-55,5,77.350045
-52,2,77.354046
-56,6,77.363047
-54,4,77.370049
-52,2,77.37305
-52,2,77.37705
40,10,77.393054
-53,3,77.398055
-55,5,77.406057
-52,2,77.409058
-54,4,77.41606
-55,5,77.424062
30,20,77.458069
-56,6,77.468071
32,18,77.497077
37,13,77.517082
-52,2,77.521083
-53,3,77.526084
-58,8,77.539087
-53,3,77.544089
-58,8,77.557092
-55,5,77.565093
-61,11,77.582097
31,19,77.613104
15,35,77.669116
-55,5,77.678118
-54,4,77.68512
-54,4,77.691121
-55,5,77.699123
35,15,77.723129
-52,2,77.72613
35,15,77.750135
-54,4,77.757137
-56,6,77.767138
-56,6,77.776141
-53,3,77.781142
-57,7,77.793145
-52,2,77.796145
-53,3,77.801147
-56,6,77.811149
-52,2,77.815149
-53,3,77.820151
-60,10,77.836155
-52,2,77.839155
-54,4,77.846157
-52,2,77.849157
-56,6,77.85916
-53,3,77.865161
-54,4,77.872162
-54,4,77.879164
-63,13,77.901169
-53,3,77.90617
-55,5,77.914172
-52,2,77.917173
-58,8,77.930176
-54,4,77.936177
-56,6,77.946179
-53,3,77.951181
-60,10,77.967184
-57,7,77.978187
-54,4,77.985188
-55,5,77.99319
-56,6,78.003192
-53,3,78.008193
39,11,78.025197
-53,3,78.031198
-52,2,78.034199
-54,4,78.041201
-53,3,78.046202
-53,3,78.051203
-52,2,78.054204
-52,2,78.058204
-52,2,78.061205
-54,4,78.068207
-53,3,78.073208
-52,2,78.076209
-56,6,78.086211
-55,5,78.094213
33,17,78.121219
38,12,78.140223
-56,6,78.150225
-52,2,78.153226
39,11,78.17123
-54,4,78.178231
14,36,78.233244
-53,3,78.238245
-56,6,78.248248
-52,2,78.252248
36,14,78.274254
-54,4,78.280255
-52,2,78.284256
-52,2,78.287256
36,14,78.309261
-52,2,78.313263
38,12,78.332266
-55,5,78.340269
-52,2,78.34427
-52,2,78.34727
-52,2,78.35127
-61,11,78.368275
-57,7,78.379277
-53,3,78.384278
-55,5,78.39328
-53,3,78.398281
-52,2,78.401282
-52,2,78.404283
37,13,78.425287
-52,2,78.428288
-53,3,78.433289
-52,2,78.43729
-52,2,78.440291
-57,7,78.452293
-52,2,78.456295
-52,2,78.460296
-52,2,78.464297
-52,2,78.468297
-53,3,78.473298
-52,2,78.477299
-55,5,78.485301
-52,2,78.488301
-52,2,78.492303
42,8,78.504305
-55,5,78.512307
-52,2,78.516308
-53,3,78.521432
-54,4,78.528433
-56,6,78.538436
-59,9,78.552439
-54,4,78.55844
-52,2,78.562441
-53,3,78.567442
-58,8,78.580445
-55,5,78.588447
-53,3,78.593448
-54,4,78.599449
-52,2,78.60345
39,11,78.620454
-52,2,78.624455
-52,2,78.627455
-62,12,78.646461
37,13,78.667464
-56,6,78.677467
-63,13,78.697471
-52,2,78.701473
-54,4,78.707474
-52,2,78.711475
-55,5,78.719476
-52,2,78.723477
-52,2,78.726479
-54,4,78.733479
-52,2,78.736481
-52,2,78.740481
-54,4,78.746482
-87,37,78.805496
-54,4,78.811497
-57,7,78.8225
-53,3,78.827501
-52,2,78.831501
-54,4,78.837503
-54,4,78.844505
41,9,78.858508
-52,2,78.862509
-55,5,78.871511
-53,3,78.876512
-53,3,78.881513
-66,16,78.906518
-55,5,78.91452
-52,2,78.917521
-52,2,78.921522
30,20,78.953529
-56,6,78.962531
35,15,78.986537
-54,4,78.992538
-54,4,78.999539
-52,2,79.00254
-53,3,79.008542
-52,2,79.011542
-52,2,79.015543
-54,4,79.021545
-57,7,79.033547
-52,2,79.036548
-55,5,79.04455
-53,3,79.049551
12,38,79.846968
34,16,79.871973
-52,2,79.875974
-58,8,79.888978
-52,2,79.891978
-53,3,79.896979
-55,5,79.904981
26,24,79.94499
35,15,79.969995
-59,9,79.983999
-55,5,79.993001
39,11,80.010004
-57,7,80.021008
-54,4,80.028009
-57,7,80.039011
20,30,80.086022
-54,4,80.093023
-62,12,80.112027
-52,2,80.115028
31,19,80.145035
15,35,80.200047
38,12,80.219052
27,23,80.25506
-55,5,80.263062
-55,5,80.272064
-52,2,80.275065
26,24,80.312073
-56,6,80.322075
-56,6,80.332077
6,44,80.401093
-56,6,80.411095
-55,5,80.419097
26,24,80.456105
42,8,80.469108
-54,4,80.47611
-52,2,80.479111
-54,4,80.486112
-53,3,80.491113
34,16,80.51812
-52,2,80.52212
-53,3,80.527122
-59,9,80.541124
-53,3,80.546125
-53,3,80.551126
-53,3,80.556128
41,9,80.571131
37,13,80.591136
-52,2,80.594136
-52,2,80.598138
34,16,80.624143
-57,7,80.635146
-54,4,80.641147
-52,2,80.645148
-53,3,80.650149
28,22,80.687158
-56,6,80.69716
-52,2,80.70016
5,45,80.772177
-52,2,80.775178
-52,2,80.779178
-53,3,80.784179
-52,2,80.787181
-52,2,80.791181
-53,3,80.796182
-63,13,80.816187
-53,3,80.821188
39,11,80.839192
-52,2,80.842192
-55,5,80.850195
-62,12,80.869199
40,10,80.885202
37,13,80.906207
41,9,80.92121
-55,5,80.929212
-56,6,80.938214
-55,5,80.947217
-52,2,80.950217
-52,2,80.953217
-55,5,80.96222
-52,2,80.96522
-57,7,80.977223
-52,2,80.982224
-53,3,80.988225
-56,6,80.998228
-54,4,81.004229
39,11,81.021234
-58,8,81.034236
-54,4,81.041237
-54,4,81.04924
-53,3,81.05424
39,11,81.071244
-52,2,81.075246
-53,3,81.082247
-52,2,81.086247
-53,3,81.091249
-53,3,81.09625
-52,2,81.100251
-61,11,81.118256
22,28,81.161264
-52,2,81.165266
-55,5,81.173267
-55,5,81.181269
23,27,81.22328
-52,2,81.22828
-56,6,81.239282
-54,4,81.246284
-53,3,81.251285
-54,4,81.257287
-54,4,81.264288
-54,4,81.27129
-52,2,81.274291
-52,2,81.278291
-52,2,81.281292
-56,6,81.291294
-56,6,81.300296
29,21,81.333304
-52,2,81.337305
26,24,81.376313
-52,2,81.380314
-56,6,81.390316
35,15,81.414321
-56,6,81.423324
36,14,81.445329
36,14,81.468334
36,14,81.490339
-53,3,81.49534
-53,3,81.500341
38,12,81.519346
-52,2,81.522346
-54,4,81.529349
-54,4,81.53735
-52,2,81.54035
-53,3,81.546352
-61,11,81.564356
-53,3,81.569357
-54,4,81.576358
-54,4,81.58236
-52,2,81.586361
-54,4,81.592362
-54,4,81.599363
-53,3,81.604365
-63,13,81.624369
40,10,81.640373
-53,3,81.645374
-57,7,81.656376
32,18,81.685383
-52,2,81.688384
-55,5,81.697386
-53,3,81.702387
26,24,81.739395
-53,3,81.744396
-55,5,81.753398
-52,2,81.756399
-52,2,81.7604
22,28,81.803409
-52,2,81.807414
-59,9,81.822414
35,15,81.845419
-53,3,81.85042
-52,2,81.854421
-56,6,81.863423
-55,5,81.871425
17,33,81.923437
-52,2,81.927438
38,12,81.946442
-54,4,81.953443
-52,2,81.956444
36,14,81.978449
-55,5,81.986451
-57,7,81.997454
-56,6,82.007456
-54,4,82.014458
-52,2,82.018458
36,14,82.040463
-53,3,82.045465
-56,6,82.055467
-53,3,82.060467
-58,8,82.073471
-54,4,82.080472
-54,4,82.088474
-57,7,82.099477
-54,4,82.106478
-52,2,82.109479
-4,54,82.194501
-54,4,82.200502
31,19,82.231509
-53,3,82.23651
-54,4,82.242512
-53,3,82.247514
-59,9,82.263516
-52,2,82.267518
39,11,82.285522
-53,3,82.290523
-54,4,82.297524
-55,5,82.305526
-52,2,82.309527
-55,5,82.317529
-54,4,82.32353
-52,2,82.327531
-52,2,82.330532
-52,2,82.334532
-53,3,82.339534
-56,6,82.348536
13,37,82.407549
33,17,82.433555
32,18,82.462561
37,13,82.482566
-52,2,82.486567
-56,6,82.495569
38,12,82.515574
-52,2,82.518574
-52,2,82.522575
-55,5,82.530577
-54,4,82.537578
-52,2,82.540579
-54,4,82.547581
-54,4,82.553582
39,11,82.571586
-52,2,82.574586
-55,5,82.583589
-52,2,82.586589
-53,3,82.591591
-52,2,82.595592
-55,5,82.603593
-52,2,82.60722
-59,9,82.621727
38,12,82.639731
-55,5,82.648733
22,28,82.691743
-56,6,82.701746
-52,2,82.704746
-56,6,82.714748
-52,2,82.71875
-63,13,82.738754
-57,7,82.749756
-56,6,82.759758
36,14,82.781763
-62,12,82.801768
-55,5,82.80977
27,23,82.844777
-60,10,82.860781
-57,7,82.872784
40,10,82.887788
-57,7,82.89979
-52,2,82.902791
36,14,82.924796
-53,3,82.930798
-55,5,82.938799
-81,31,82.98681
-61,11,83.005814
-54,4,83.011815
33,17,83.038822
-55,5,83.046823
-58,8,83.059826
-59,9,83.074829
-60,10,83.090834
25,25,83.129842
38,12,83.88953
-63,13,83.910535
-53,3,83.915536
-52,2,83.919537
41,9,83.93354
-52,2,83.937542
-52,2,83.940542
26,24,83.97855
-56,6,83.988553
-54,4,83.994553
34,16,84.019559
24,26,84.060568
-54,4,84.06757
38,12,84.085574
38,12,84.104579
-54,4,84.111582
-52,2,84.115581
-53,3,84.120582
30,20,84.151589
-55,5,84.160591
-52,2,84.163592
-52,2,84.166593
-52,2,84.170593
-52,2,84.173594
35,15,84.197599
3,47,84.271616
-54,4,84.277618
36,14,84.299623
24,26,84.340759
-53,3,84.34576
-61,11,84.363764
25,25,84.403773
-52,2,84.407774
-52,2,84.410774
31,19,84.440781
-56,6,84.449783
-54,4,84.456785
-56,6,84.466787
-54,4,84.473788
-52,2,84.476789
3,47,84.550806
-54,4,84.556808
-54,4,84.563809
-55,5,84.571811
28,22,84.605819
-52,2,84.609819
-80,30,84.65683
-59,9,84.670833
40,10,84.687837
-55,5,84.695838
-52,2,84.69884
31,19,84.72836
-54,4,84.735362
-24,74,84.851388
-53,3,84.85639
-52,2,84.85939
-55,5,84.868392
35,15,84.892398
-59,9,84.907401
-59,9,84.922404
-52,2,84.927406
16,34,84.980418
-54,4,84.987419
-58,8,85.000422
32,18,85.029429
20,30,85.075439
38,12,85.094443
31,19,85.125451
-52,2,85.128451
-11,61,85.223472
-62,12,85.243478
38,12,85.262481
36,14,85.284486
41,9,85.29949
-68,18,85.327497
33,17,85.354502
-52,2,85.357503
-60,10,85.373506
-52,2,85.376507
-52,2,85.380508
-52,2,85.384509
-55,5,85.39251
38,12,85.411515
35,15,85.43552
-62,12,85.455525
-58,8,85.468528
20,30,85.515539
-54,4,85.52154
-52,2,85.525541
-52,2,85.528541
-55,5,85.537544
-53,3,85.542545
-52,2,85.545545
-57,7,85.556548
-57,7,85.56755
-56,6,85.577553
-52,2,85.580553
-52,2,85.584554
-57,7,85.596557
-61,11,85.61356
-53,3,85.617562
-57,7,85.626563
-53,3,85.629565
-52,2,85.632566
17,33,85.670573
34,16,85.689578
-52,2,85.692578
38,12,85.706582
24,26,85.736588
-62,12,85.750592
38,12,85.764595
-58,8,85.774597
-62,12,85.7886
-60,10,85.800603
-53,3,85.804604
21,29,85.837611
-52,2,85.840612
-56,6,85.847614
-1,51,85.906627
-67,17,85.926751
-55,5,85.932753
-52,2,85.935754
-54,4,85.940754
-52,2,85.942755
-52,2,85.945756
34,16,85.971761
-57,7,85.982764
-52,2,85.985765
14,36,86.042778
-58,8,86.05478
-53,3,86.059783
-59,9,86.074785
-52,2,86.077786
-54,4,86.084787
-55,5,86.092789
-52,2,86.095789
-53,3,86.100791
-61,11,86.118795
-57,7,86.129797
-52,2,86.132798
-52,2,86.136799
19,31,86.184809
-58,8,86.197813
24,26,86.238822
-58,8,86.251825
-58,8,86.264828
-52,2,86.267829
-66,16,86.293834
21,29,86.338845
-52,2,86.342845
-57,7,86.353848
28,22,86.387857
-59,9,86.402859
-52,2,86.40586
-55,5,86.413862
-52,2,86.417863
-52,2,86.420863
-61,11,86.438867
-58,8,86.45187
25,25,86.490879
-52,2,86.495454
34,16,86.52046
-58,8,86.533463
-55,5,86.542465
33,17,86.571472
-57,7,86.583474
-54,4,86.590476
-54,4,86.597477
-52,2,86.601478
32,18,86.631485
39,11,86.650489
-60,10,86.667493
37,13,86.688498
21,29,86.73851
35,15,86.763515
-56,6,86.774517
-52,2,86.778519
-54,4,86.78552
-55,5,86.794522
26,24,86.83464
-59,9,86.850645
-58,8,86.865647
-62,12,86.885652
-55,5,86.894654
36,14,86.91866
38,12,86.939665
-62,12,86.959668
-56,6,86.969671
39,11,86.989675
-52,2,86.993676
36,14,87.017681
-56,6,87.027685
-65,15,87.05269
-54,4,87.060692
-58,8,87.074694
33,17,87.103701
-65,15,87.128707
-55,5,87.137709
-55,5,87.146711
8,42,87.216727
-52,2,87.220728
-52,2,87.224728
32,18,87.254735
-57,7,87.268739
24,26,87.311748
-1,51,87.397768
-54,4,87.404769
41,9,87.421773
-55,5,87.429775
-52,2,87.433776
-56,6,87.443778
-52,2,87.447779
-54,4,87.45478
36,14,87.479787
-54,4,87.486788
36,14,87.509793
-55,5,87.518795
-54,4,87.525796
-52,2,87.529797
34,16,88.327978
38,12,88.347983
-53,3,88.352983
28,22,88.387991
-64,14,88.410997
-53,3,88.415998
42,8,88.429
-52,2,88.432001
33,17,88.460008
-54,4,88.466009
-58,8,88.479012
-57,7,88.490015
30,20,88.523022
41,9,88.537025
-63,13,88.55803
33,17,88.585036
-57,7,88.596038
-53,3,88.60104
32,18,88.631047
29,21,88.664053
-52,2,88.668055
31,19,88.699062
-55,5,88.707063
-58,8,88.720066
-55,5,88.728068
-55,5,88.73607
-53,3,88.741072
-56,6,88.751074
36,14,88.774078
35,15,88.797084
25,25,88.837093
28,22,88.872101
-52,2,88.876102
-63,13,88.897106
-52,2,88.901107
16,34,88.955119
24,26,88.996129
-53,3,89.00113
40,10,89.017133
-58,8,89.031137
34,16,89.056142
-60,10,89.072146
-52,2,89.075146
36,14,89.098152
-55,5,89.106153
-52,2,89.110154
38,12,89.129159
33,17,89.156165
-57,7,89.168167
-52,2,89.171168
-52,2,89.175169
38,12,89.194176
31,19,89.224183
34,16,89.250189
40,10,89.266192
-56,6,89.276194
-54,4,89.282196
-54,4,89.289198
-52,2,89.293198
-57,7,89.304201
-62,12,89.324205
-54,4,89.330207
31,19,89.360214
-52,2,89.364214
38,12,89.384219
-56,6,89.394221
38,12,89.413225
37,13,89.434231
30,20,89.465237
-56,6,89.47524
-78,28,89.52025
36,14,89.542255
35,15,89.56626
-52,2,89.569262
-54,4,89.576262
-57,7,89.588265
-54,4,89.594267
36,14,89.617272
-58,8,89.630274
-52,2,89.633275
-57,7,89.644278
-52,2,89.649279
-57,7,89.660281
34,16,89.686287
-53,3,89.691289
36,14,89.714293
-58,8,89.727296
38,12,89.746301
-53,3,89.752302
-60,10,89.768306
-53,3,89.773307
40,10,89.789311
35,15,89.813316
32,18,89.842322
35,15,89.867328
-58,8,89.880331
27,23,89.91734
34,16,89.943346
-65,15,89.96735
-53,3,89.972352
37,13,89.994357
-52,2,89.997357
-52,2,90.001359
-58,8,90.014361
-56,6,90.024364
-64,14,90.046369
15,35,90.102381
-54,4,90.109383
36,14,90.131388
-57,7,90.14339
32,18,90.172397
27,23,90.209406
-62,12,90.22841
29,21,90.262417
-58,8,90.27642
26,24,90.314429
42,8,90.327432
-52,2,90.330433
-52,2,90.334434
-57,7,90.345436
38,12,90.365441
30,20,90.397448
36,14,90.420453
-63,13,90.441458
-52,2,90.444458
37,13,90.465463
23,27,90.508473
-53,3,90.513474
-53,3,90.518475
-54,4,90.525477
-60,10,90.543481
-57,7,90.554483
31,19,90.58549
-56,6,90.594492
-59,9,90.609496
-57,7,90.620498
34,16,90.646504
-54,4,90.653507
36,14,90.675511
-55,5,90.683512
-60,10,90.703517
-57,7,90.71552
21,29,90.76153
28,22,90.797538
-28,78,90.923569
-52,2,90.927571
-54,4,90.933572
34,16,90.959578
33,17,90.987584
-60,10,91.003588
-66,16,91.028593
-31,81,91.156622
21,29,91.202632
21,29,91.248643
-52,2,91.251644
-54,4,91.258645
-52,2,91.262646
-53,3,91.267647
-60,10,91.283651
-54,4,91.290653
36,14,91.312658
33,17,91.340664
40,10,91.356667
22,28,91.401678
-58,8,91.41468
29,21,91.447689
21,29,91.493698
-54,4,91.5007
-58,8,91.513702
31,19,91.54371
37,13,91.564714
38,12,91.583719
-52,2,91.586719
-57,7,91.598722
-56,6,91.607725
-52,2,91.611726
-57,7,91.623728
-61,11,92.388901
33,17,92.416908
-58,8,92.429909
36,14,92.452915
-66,16,92.477921
-52,2,92.481922
30,20,92.512928
-54,4,92.519931
-52,2,92.523931
31,19,92.553938
-54,4,92.560939
40,10,92.576944
-56,6,92.586945
-76,26,92.627954
30,20,92.658962
-59,9,92.673965
-59,9,92.688968
26,24,92.726977
24,26,92.768986
31,19,92.799994
-61,11,92.817997
29,21,92.851005
25,25,92.890014
34,16,92.916019
40,10,92.932024
26,24,92.970032
40,10,92.986036
-52,2,92.990036
-63,13,93.011041
-54,4,93.018043
40,10,93.034046
40,10,93.05005
-52,2,93.053051
34,16,93.079056
-54,4,93.086058
36,14,93.108063
31,19,93.13807
-57,7,93.150073
-57,7,93.162076
-54,4,93.168077
-52,2,93.172078
-59,9,93.18608
-54,4,93.193082
-52,2,93.196083
-56,6,93.206085
28,22,93.242093
23,27,93.284102
1,49,93.362121
26,24,93.40013
39,11,93.418133
40,10,93.435137
33,17,93.462143
31,19,93.49215
-52,2,93.496151
-54,4,93.503152
39,11,93.520156
-52,2,93.524157
-56,6,93.533159
-61,11,93.551163
-60,10,93.567167
-57,7,93.579169
34,16,93.604175
-74,24,93.642184
39,11,93.660188
-61,11,93.678192
-52,2,93.681192
-55,5,93.690195
-53,3,93.695195
-62,12,93.7152
-56,6,93.725202
37,13,93.746207
-55,5,93.754209
-58,8,93.767212
37,13,93.788217
-2,52,93.871235
-60,10,93.887239
-59,9,93.902243
30,20,93.934249
-52,2,93.93725
-57,7,93.948253
32,18,93.977259
-62,12,93.997264
-56,6,94.007266
-62,12,94.02627
-54,4,94.033272
-57,7,94.044275
-52,2,94.047275
-56,6,94.058277
28,22,94.093285
-55,5,94.101287
-53,3,94.106288
-60,10,94.122292
35,15,94.146298
39,11,94.164301
-76,26,94.205311
-60,10,94.221314
-57,7,94.23284
-52,2,94.236837
-52,2,94.239838
15,35,94.295851
-62,12,94.315855
26,24,94.353863
35,15,94.377869
38,12,94.396873
-52,2,94.399874
-56,6,94.409876
-54,4,94.416879
-54,4,94.423879
42,8,94.435882
35,15,94.459888
-61,11,94.477891
-62,12,94.497896
-52,2,94.500897
30,20,94.532904
36,14,94.555909
-59,9,94.569913
40,10,94.585916
40,10,94.601919
33,17,94.629926
25,25,94.668935
40,10,94.685938
36,14,94.708944
-61,11,94.725948
33,17,94.752954
-52,2,94.756955
37,13,94.77796
-52,2,94.78096
-54,4,94.787961
31,19,94.817968
39,11,94.835972
31,19,94.866979
34,16,94.892985
37,13,94.91399
27,23,94.949999
-53,3,94.954999
-56,6,94.965002
39,11,94.983006
-52,2,94.986006
-54,4,94.993008
-59,9,95.007011
-62,12,95.027015
40,10,95.043019
-56,6,95.053022
-53,3,95.058022
-52,2,95.061023
28,22,95.096031
35,15,95.120036
-52,2,95.124038
30,20,95.155044
-53,3,95.160046
-52,2,95.164046
30,20,95.196054
-52,2,95.200055
-54,4,95.206057
31,19,95.236063
31,19,95.26707
41,9,95.281073
-59,9,95.296076
-58,8,95.309079
31,19,95.340086
-54,4,95.347088
31,19,95.377095
16,34,95.431216
-56,6,95.440218
-52,2,95.444219
30,20,95.476226
38,12,95.49523
-63,13,95.516235
-60,10,95.533239
40,10,95.549243
-52,2,95.552243
-53,3,95.557245
-60,10,95.573248
35,15,95.598253
-53,3,95.602255
29,21,95.62726
-52,2,95.630261
33,17,95.650265
37,13,95.665269
-56,6,95.67227
-62,12,95.687274
-54,4,95.692275
-60,10,95.704278
25,25,95.733285
-57,7,95.742286
-56,6,95.749288
-66,16,95.768292
22,28,95.8013
-52,2,95.8033
41,9,95.815303
42,8,95.825305
38,12,95.839308
40,10,95.851311
-61,11,95.864314
30,20,95.888319
23,27,95.919326
40,10,95.931329
15,35,95.973339
32,18,95.994343
18,32,96.045355
-53,3,96.051357
-56,6,96.060358
-52,2,96.064359
-54,4,96.071361
-57,7,96.082363
-56,6,96.837534
-66,16,96.863539
-59,9,96.878543
-52,2,96.881544
-57,7,96.892546
34,16,96.918552
29,21,96.95256
40,10,96.968563
-53,3,96.973564
-58,8,96.986568
30,20,97.018575
38,12,97.038579
40,10,97.054583
-52,2,97.057583
-53,3,97.062585
-55,5,97.071587
-52,2,97.074587
33,17,97.101594
-55,5,97.109595
-52,2,97.113596
-56,6,97.123599
37,13,97.144603
-53,3,97.149604
37,13,97.170609
-52,2,97.17361
35,15,97.197615
38,12,97.217619
26,24,97.255628
-54,4,97.26163
32,18,97.291637
23,27,97.334646
35,15,97.359651
30,20,97.390659
-55,5,97.398662
31,19,97.429669
-57,7,97.440672
33,17,97.467678
-58,8,97.480681
38,12,97.500686
-52,2,97.503687
24,26,97.544695
35,15,97.568701
-57,7,97.580703
-55,5,97.588705
-59,9,97.60371
30,20,97.635716
39,11,97.65372
5,45,97.725736
-53,3,97.730738
-62,12,97.749742
-54,4,97.756743
32,18,97.78575
38,12,97.804754
-52,2,97.808755
14,36,97.865768
-60,10,97.881772
-52,2,97.885772
40,10,97.901776
34,16,97.927782
18,32,97.978794
38,12,97.997798
-54,4,98.004799
-56,6,98.013802
41,9,98.028805
41,9,98.043808
-58,8,98.056811
-53,3,98.061812
36,14,98.083818
40,10,98.099821
-66,16,98.125827
35,15,98.149832
-57,7,98.161835
38,12,98.180839
42,8,98.193842
36,14,98.215847
-56,6,98.225849
26,24,98.262857
-59,9,98.277861
-53,3,98.282862
-59,9,98.297865
-55,5,98.305867
40,10,98.321871
34,16,98.347878
31,19,98.377884
39,11,98.395888
36,14,98.417893
-56,6,98.427895
32,18,98.455901
20,30,98.503912
-54,4,98.510914
18,32,98.561926
-52,2,98.564926
30,20,98.596933
-64,14,98.619938
-58,8,98.632941
26,24,98.67095
38,12,98.690954
38,12,98.710959
37,13,98.730963
38,12,98.750968
29,21,98.784976
35,15,98.807981
17,33,98.860993
36,14,98.883998
-57,7,98.895
-61,11,98.913004
42,8,98.925007
35,15,98.949013
-60,10,98.966021
34,16,98.991026
24,26,99.033036
-56,6,99.043039
-55,5,99.05104
38,12,99.070045
-54,4,99.077046
-54,4,99.083047
-52,2,99.087048
-59,9,99.102052
-54,4,99.108053
30,20,99.141061
-12,62,99.239086
37,13,99.26009
-58,8,99.273093
32,18,99.3021
20,30,99.35011
-52,2,99.353111
34,16,99.379117
-56,6,99.389119
37,13,99.410125
36,14,99.43213
-55,5,99.440131
38,12,99.460135
-58,8,99.473138
40,10,99.489141
-63,13,99.509146
29,21,99.543154
-58,8,99.556158
26,24,99.595166
28,22,99.629173
18,32,99.680185
-54,4,99.687187
23,27,99.730197
-58,8,99.7432
-59,9,99.758203
-62,12,99.777207
-52,2,99.780207
-64,14,99.803213
38,12,99.822217
-56,6,99.83222
-57,7,99.843222
-53,3,99.848223
38,12,99.867227
-54,4,99.874229
-59,9,99.889232
-57,7,99.900234
-67,17,99.927241
-55,5,99.937243
-53,3,99.943244
-54,4,99.949246
-52,2,99.953247
-60,10,99.96925
-58,8,99.982254
-52,2,99.985254
27,23,100.023262
29,21,100.05627
37,13,100.077275
31,19,100.108282
26,24,100.872455
31,19,100.903462
40,10,100.919465
-62,12,100.939469
42,8,100.952472
-56,6,100.961475
42,8,100.974477
35,15,100.999483
35,15,101.022488
-52,2,101.026489
38,12,101.045494
32,18,101.0745
-54,4,101.081501
42,8,101.094505
22,28,101.139515
-59,9,101.153518
28,22,101.188526
39,11,101.20653
31,19,101.236537
-66,16,101.262543
15,35,101.318555
-56,6,101.328557
-57,7,101.340561
-57,7,101.351562
-57,7,101.362566
-59,9,101.377568
19,31,101.426579
-52,2,101.42958
9,41,101.494595
30,20,101.526602
35,15,101.550608
-52,2,101.554609
34,16,101.579614
38,12,101.598619
2,48,101.674636
-55,5,101.683638
5,45,101.754772
36,14,101.778777
39,11,101.795781
20,30,101.843792
36,14,101.865797
34,16,101.890802
37,13,101.912808
29,21,101.945815
27,23,101.982823
31,19,102.01283
26,24,102.051839
36,14,102.073843
32,18,102.102851
-58,8,102.115853
42,8,102.128857
27,23,102.164865
-52,2,102.168865
-56,6,102.178867
-58,8,102.191871
38,12,102.210875
-52,2,102.214876
31,19,102.244883
34,16,102.270888
21,29,102.316898
39,11,102.334903
36,14,102.356908
-55,5,102.36491
24,26,102.406919
-60,10,102.422923
-57,7,102.434925
-58,8,102.447928
-54,4,102.45493
-58,8,102.467932
-55,5,102.475934
29,21,102.508942
36,14,102.531947
24,26,102.572957
-52,2,102.576958
39,11,102.594961
-54,4,102.601963
41,9,102.615966
-54,4,102.622968
-52,2,102.625968
-53,3,102.63097
36,14,102.653975
36,14,102.67598
34,16,102.701986
40,10,102.71799
33,17,102.745995
24,26,102.787004
42,8,102.799007
37,13,102.821012
40,10,102.837016
29,21,102.870023
39,11,102.889028
34,16,102.914033
-60,10,102.930037
-57,7,102.941039
33,17,102.969046
-61,11,102.98705
-59,9,103.001053
36,14,103.024058
32,18,103.052065
41,9,103.067071
36,14,103.089076
-54,4,103.096078
36,14,103.119083
-53,3,103.124084
-57,7,103.135087
-62,12,103.155091
17,33,103.207103
42,8,103.220105
-62,12,103.24011
35,15,103.263116
36,14,103.28612
22,28,103.330131
32,18,103.359137
-56,6,103.369139
37,13,103.390145
-63,13,103.411149
26,24,103.451158
40,10,103.467161
-52,2,103.470162
-58,8,103.483165
19,31,103.532176
29,21,103.565184
28,22,103.601192
-63,13,103.621196
21,29,103.668207
-57,7,103.679209
28,22,103.714217
38,12,103.734222
-54,4,103.741223
36,14,103.763229
34,16,103.789234
-52,2,103.793236
38,12,103.81224
-52,2,103.81624
31,19,103.846247
-57,7,103.857249
-57,7,103.869252
-57,7,103.881255
-54,4,103.887256
34,16,103.913263
-60,10,103.929266
33,17,103.957272
-62,12,103.976276
-59,9,103.990279
33,17,104.017286
35,15,104.041291
33,17,104.069297
-60,10,104.085301
26,24,104.12331
42,8,104.136312
-55,5,104.144314
31,19,104.901609
33,17,104.928615
40,10,104.945619
-56,6,104.955621
35,15,104.980627
-60,10,104.99663
30,20,105.027637
41,9,105.042641
29,21,105.076649
31,19,105.106655
30,20,105.138662
37,13,105.158667
21,29,105.205678
-59,9,105.21968
-53,3,105.224682
-58,8,105.237684
-66,16,105.263691
9,41,105.328705
-62,12,105.347709
28,22,105.382718
41,9,105.397721
29,21,105.430729
30,20,105.462735
33,17,105.489741
-55,5,105.497743
-52,2,105.501745
36,14,105.52375
33,17,105.551755
26,24,105.589764
-54,4,105.595766
37,13,105.61777
-57,7,105.628773
30,20,105.65978
-52,2,105.663781
-52,2,105.666782
35,15,105.691787
30,20,105.723795
39,11,105.740798
5,45,105.811932
26,24,105.850941
40,10,105.866945
29,21,105.899952
29,21,105.932959
34,16,105.959965
42,8,105.972969
-52,2,105.97597
-57,7,105.986972
41,9,106.001975
41,9,106.016979
25,25,106.056988
37,13,106.076992
33,17,106.104999
39,11,106.123002
37,13,106.143007
-72,22,106.178015
-55,5,106.186017
37,13,106.207021
-68,18,106.236028
34,16,106.259033
18,32,106.296042
33,17,106.317046
31,19,106.340051
36,14,106.356055
41,9,106.367058
37,13,106.383061
35,15,106.400065
-52,2,106.403066
-54,4,106.408067
-9,59,106.477082
36,14,106.493086
36,14,106.51009
38,12,106.525093
-53,3,106.529095
34,16,106.547098
38,12,106.562102
38,12,106.576105
33,17,106.596109
37,13,106.612113
37,13,106.627116
-71,21,106.651122
20,30,106.68713
-58,8,106.697132
34,16,106.716137
41,9,106.73214
28,22,106.766148
22,28,106.811158
-62,12,106.830162
30,20,106.86217
35,15,106.886175
-62,12,106.905179
37,13,106.926184
35,15,106.95119
36,14,106.973195
37,13,106.993199
31,19,107.024206
-52,2,107.028207
-54,4,107.034209
28,22,107.070216
40,10,107.08622
19,31,107.135231
39,11,107.153235
40,10,107.169239
-62,12,107.188243
-52,2,107.191244
-57,7,107.203246
21,29,107.248256
42,8,107.261259
14,36,107.318272
35,15,107.342278
29,21,107.376286
25,25,107.415294
32,18,107.444302
34,16,107.470307
-59,9,107.484311
21,29,107.53132
-60,10,107.547324
35,15,107.57233
36,14,107.594335
40,10,107.610339
36,14,107.633344
37,13,107.654349
37,13,107.675353
42,8,107.689356
31,19,107.720363
34,16,107.745369
41,9,107.760372
36,14,107.782377
27,23,107.819386
33,17,107.846392
42,8,107.860395
38,12,107.879399
33,17,107.906406
36,14,107.92941
28,22,107.964419
-57,7,107.975421
-58,8,107.989424
-52,2,107.992425
33,17,108.019431
-52,2,108.023432
28,22,108.05844
-54,4,108.065441
35,15,108.088446
-60,10,108.10445
-61,11,108.122455
39,11,108.142458
-53,3,108.14846
-52,2,108.151461
40,10,108.167465
33,17,108.198472
37,13,108.220476
36,14,108.242481
35,15,108.266487
-54,4,108.273488
35,15,108.297493
-57,7,108.309094
-58,8,108.322097
-52,2,108.325098
-53,3,108.330099
32,18,108.360105
42,8,108.373109
-58,8,108.385112
27,23,108.422119
32,18,108.450126
31,19,108.481133
-57,7,108.492135
34,16,108.517141
-58,8,108.530144
38,12,108.550148
27,23,108.586157
31,19,108.617165
40,10,108.633168
-56,6,108.643169
42,8,109.39645
-60,10,109.412453
41,9,109.426457
32,18,109.455463
-56,6,109.465466
38,12,109.48447
35,15,109.507475
33,17,109.535481
35,15,109.558486
38,12,109.577491
31,19,109.607498
38,12,109.626502
42,8,109.640505
26,24,109.678514
33,17,109.70452
-62,12,109.723524
40,10,109.739527
33,17,109.766533
-52,2,109.769534
37,13,109.790539
32,18,109.818545
38,12,109.83755
40,10,109.853553
-56,6,109.863555
34,16,109.888561
38,12,109.907566
39,11,109.92557
41,9,109.939572
-62,12,109.959578
33,17,109.986583
39,11,110.003587
26,24,110.041596
37,13,110.0616
-57,7,110.073603
32,18,110.102609
39,11,110.119613
34,16,110.144619
38,12,110.164623
36,14,110.186628
-58,8,110.198631
33,17,110.225637
31,19,110.255644
-55,5,110.263646
40,10,110.279649
36,14,110.302655
-53,3,110.307656
40,10,110.323659
40,10,110.339663
33,17,110.365669
37,13,110.386674
-52,2,110.390674
-54,4,110.396676
36,14,110.418681
39,11,110.436685
27,23,110.472693
36,14,110.494698
34,16,110.521704
35,15,110.544709
-56,6,110.554712
35,15,110.578717
33,17,110.604723
40,10,110.620726
40,10,110.63673
-52,2,110.639731
-55,5,110.648733
40,10,110.664737
30,20,110.695744
38,12,110.714895
-62,12,110.733899
33,17,110.760905
41,9,110.774909
28,22,110.809916
23,27,110.851926
35,15,110.875932
40,10,110.891934
28,22,110.926943
39,11,110.944947
34,16,110.969952
-58,8,110.982955
25,25,111.021964
-59,9,111.036968
39,11,111.053971
34,16,111.079977
-70,20,111.110984
-56,6,111.120986
36,14,111.142992
42,8,111.155995
37,13,111.175999
27,23,111.213007
31,19,111.243014
30,20,111.274021
-52,2,111.278022
39,11,111.295025
-52,2,111.298027
35,15,111.322032
30,20,111.354039
34,16,111.379045
40,10,111.395048
38,12,111.414052
36,14,111.436058
-57,7,111.447061
40,10,111.463064
38,12,111.482068
14,36,111.539081
39,11,111.556085
39,11,111.574089
25,25,111.613097
41,9,111.628101
35,15,111.652106
-57,7,111.663109
-58,8,111.676112
37,13,111.696116
37,13,111.717121
-55,5,111.725123
36,14,111.747128
42,8,111.75913
33,17,111.787137
39,11,111.804141
40,10,111.820144
32,18,111.849151
35,15,111.872156
40,10,111.88816
-54,4,111.895264
25,25,111.934273
40,10,111.950276
38,12,111.96928
40,10,111.985284
42,8,111.998287
40,10,112.014291
-52,2,112.017291
42,8,112.030294
34,16,112.056301
40,10,112.072304
42,8,112.085307
-52,2,112.088308
-54,4,112.095309
36,14,112.117314
32,18,112.14532
40,10,112.161324
34,16,112.18733
-63,13,112.207335
32,18,112.235341
34,16,112.261347
-54,4,112.268348
37,13,112.288353
35,15,112.312358
35,15,112.336364
10,40,112.398378
-62,12,112.417382
34,16,112.442387
39,11,112.459392
36,14,112.482397
-55,5,112.490398
30,20,112.522406
36,14,112.54441
35,15,112.568416
41,9,112.58242
26,24,112.621431
41,9,112.635434
42,8,113.3706
38,12,113.390604
31,19,113.419611
36,14,113.441616
40,10,113.45862
34,16,113.483625
35,15,113.507632
41,9,113.522634
38,12,113.540638
39,11,113.558643
40,10,113.573646
-52,2,113.577646
40,10,113.594651
21,29,113.638661
34,16,113.664666
39,11,113.68267
42,8,113.694674
42,8,113.707676
39,11,113.725681
-58,8,113.738683
36,14,113.760688
41,9,113.774691
38,12,113.793695
-55,5,113.801697
42,8,113.814701
39,11,113.831704
40,10,113.847708
32,18,113.876714
40,10,113.892718
40,10,113.907721
35,15,113.932727
38,12,113.951731
42,8,113.964849
40,10,113.979853
35,15,114.003858
-61,11,114.021862
37,13,114.041867
36,14,114.063872
39,11,114.081876
41,9,114.095879
41,9,114.110882
40,10,114.125886
35,15,114.149891
38,12,114.168895
-56,6,114.178898
35,15,114.202903
30,20,114.23391
41,9,114.247913
35,15,114.272028
17,33,114.324039
37,13,114.344044
36,14,114.367049
35,15,114.390055
31,19,114.420062
33,17,114.447068
-52,2,114.450068
40,10,114.466072
-56,6,114.476074
42,8,114.488077
26,24,114.527086
42,8,114.540088
37,13,114.560093
31,19,114.5901
40,10,114.606103
40,10,114.622107
42,8,114.63511
37,13,114.656115
38,12,114.675119
40,10,114.691123
37,13,114.711127
35,15,114.735132
-58,8,114.748136
30,20,114.779143
20,30,114.826153
38,12,114.845157
36,14,114.867163
35,15,114.890168
41,9,114.905171
40,10,114.921175
37,13,114.942179
40,10,114.960183
42,8,114.973186
39,11,114.99119
37,13,115.011195
37,13,115.032199
40,10,115.048203
24,26,115.088212
35,15,115.112218
-52,2,115.115218
-57,7,115.127221
40,10,115.143225
41,9,115.157228
-56,6,115.16623
41,9,115.181234
36,14,115.203238
40,10,115.219242
35,15,115.242247
38,12,115.261251
32,18,115.290258
37,13,115.310262
-53,3,115.315264
32,18,115.344386
39,11,115.36139
-57,7,115.372392
30,20,115.404399
40,10,115.420403
39,11,115.437407
35,15,115.461412
35,15,115.485418
-63,13,115.505422
-58,8,115.518425
40,10,115.534429
-59,9,115.549432
30,20,115.580439
32,18,115.608445
38,12,115.62845
37,13,115.649455
42,8,115.661458
32,18,115.690464
36,14,115.712469
32,18,115.740475
34,16,115.765481
37,13,115.785486
40,10,115.801489
-54,4,115.808491
38,12,115.827495
34,16,115.8525
-59,9,115.867504
38,12,115.886508
-55,5,115.89451
40,10,115.910514
40,10,115.926517
41,9,115.941521
37,13,115.961525
33,17,115.988531
-57,7,116.000535
39,11,116.017538
34,16,116.043544
40,10,116.058547
-54,4,116.065549
29,21,116.098556
-59,9,116.113559
35,15,116.136564
35,15,116.169572
40,10,116.181575
35,15,116.199579
37,13,116.214582
32,18,116.235587
37,13,116.250591
39,11,116.263593
-55,5,116.269595
38,12,116.283598
33,17,116.303602
39,11,116.317606
42,8,116.327609
-56,6,116.33461
40,10,116.346612
40,10,116.357615
38,12,116.371618
33,17,116.391622
42,8,116.401624
29,21,116.42563
-57,7,116.433632
31,19,116.455637
38,12,116.47064
35,15,116.487644
38,12,116.501647
34,16,116.520652
