#{"t_start": 1655810589.488456, "env_id": "env.spec.id"}
r,l,t
-54,4,0.015002
-58,8,0.034007
-87,37,0.122532
-83,33,0.208552
-69,19,0.248561
-53,3,0.255562
-64,14,0.284569
-104,54,0.400599
-53,3,0.408602
-59,9,0.428607
-57,7,0.445616
-62,12,0.473624
-63,13,0.503635
-87,37,0.590184
-65,15,0.626194
-56,6,0.641196
-85,35,0.723217
-66,16,0.757226
-63,13,0.784356
-60,10,0.805361
-113,63,0.93639
-78,28,0.994403
-53,3,1.001404
-70,20,1.044414
-57,7,1.059417
-76,26,1.114429
-65,15,1.147437
-60,10,1.168442
-56,6,1.180444
-82,32,1.247459
-54,4,1.256461
-60,10,1.277466
-89,39,1.356484
-72,22,1.402493
-61,11,1.425499
-53,3,1.4325
-64,14,1.462507
-52,2,1.467508
-52,2,1.471509
-61,11,1.495514
-65,15,1.527329
-55,5,1.538332
-74,24,1.588343
-66,16,1.622351
-67,17,1.657359
-53,3,1.66436
-70,20,1.705496
-57,7,1.7205
-69,19,1.762509
-56,6,1.776512
-61,11,1.800517
-52,2,1.804518
-61,11,1.829524
-65,15,1.861531
-54,4,1.870533
-65,15,1.90254
-54,4,1.911542
-55,5,1.922545
-86,36,1.996562
-61,11,2.018566
-72,22,2.065577
-68,18,2.103585
-53,3,2.109586
-59,9,2.129591
-69,19,2.1686
-94,44,2.25862
-56,6,2.271623
-70,20,2.312632
-66,16,2.34764
-83,33,2.415655
-53,3,2.422657
-60,10,2.443661
-64,14,2.473668
-85,35,2.545684
-77,27,2.601696
-70,20,2.643706
-59,9,2.66271
-81,31,2.726724
-97,47,2.823746
-74,24,2.872757
-75,25,2.929773
-85,35,3.01253
-59,9,3.031534
-67,17,3.066542
-55,5,3.078544
-113,63,3.209537
-57,7,3.225541
-66,16,3.259548
-62,12,3.285554
-55,5,3.297557
-73,23,3.346568
-81,31,3.411582
-80,30,3.473596
-65,15,3.504039
-69,19,3.543048
-57,7,3.559052
-54,4,3.568054
-87,37,3.645071
-55,5,3.657074
-62,12,3.68408
-76,26,3.739092
-8,58,3.860119
-89,39,3.942137
-98,48,4.041159
-95,45,4.13418
-53,3,4.142182
-111,61,4.267212
11,39,4.34823
-58,8,4.365234
-56,6,4.378237
-69,19,5.158533
-65,15,5.19054
-56,6,5.203543
-67,17,5.238551
-100,100,5.440596
-83,33,5.508611
-93,43,5.596759
-64,14,5.625765
-70,20,5.667774
-59,9,5.686778
-60,10,5.706783
-56,6,5.719786
-62,12,5.744791
-75,25,5.795803
-106,56,5.909828
-70,20,5.950837
-78,28,6.00785
-64,14,6.037857
-60,10,6.058861
-74,24,6.107872
-64,14,6.135879
-62,12,6.160884
-83,33,6.228899
-75,25,6.278911
-53,3,6.285912
-81,31,6.349926
-63,13,6.375932
-59,9,6.394937
-97,47,6.490958
-62,12,6.515963
-119,69,6.654994
-78,28,6.711007
-68,18,6.748015
-78,28,6.806028
-82,32,6.872043
-54,4,6.881045
-52,2,6.886046
-92,42,6.970065
-71,21,7.014074
-80,30,7.076088
-58,8,7.092092
-65,15,7.123099
-67,17,7.166113
-80,30,7.232025
-100,50,7.335048
-7,57,7.462249
-62,12,7.490262
-107,57,7.608428
-72,22,7.65944
-68,18,7.702449
-62,12,7.728455
-59,9,7.747459
-58,8,7.764463
-67,17,7.802472
-57,7,7.818475
-73,23,7.873518
-82,32,7.948511
-100,50,8.054535
-56,6,8.067538
-80,30,8.128551
-68,18,8.166559
-89,39,8.250579
-64,14,8.282586
-63,13,8.311592
-97,47,8.407613
-69,19,8.449623
-76,26,8.510656
-58,8,8.530684
-63,13,8.557689
-62,12,8.581695
-111,61,8.705723
-89,39,8.78574
-103,53,8.894764
-53,3,8.901767
-61,11,8.924771
-72,22,8.969782
-126,76,9.125816
-65,15,9.156823
-69,19,9.196832
-74,24,9.245843
-100,100,10.256596
-2,52,10.36275
-70,20,10.404759
-55,5,10.414761
-76,26,10.468773
25,25,10.520785
-89,39,10.600803
-64,14,10.629809
-100,100,10.833022
-109,59,10.954049
-16,66,11.088079
-56,6,11.101083
0,50,11.204105
-68,18,11.241114
-55,5,11.253116
-75,25,11.312134
-72,22,11.360146
-115,65,11.492175
-86,36,11.573515
-66,16,11.612506
-103,53,11.721531
-55,5,11.732533
-93,43,11.820553
-147,97,12.042159
-142,92,12.240209
-73,23,12.287219
-84,34,12.357235
-54,4,12.365237
-65,15,12.396243
-76,26,12.449255
-70,20,12.491265
-62,12,12.51627
-74,24,12.566281
-108,58,12.683308
-60,10,12.704313
-55,5,12.715315
-55,5,12.726317
-61,11,12.749322
-91,41,12.833474
-110,60,12.954501
-52,2,12.959502
-82,32,13.024516
-18,68,13.164547
-127,77,13.328584
-17,67,13.465615
-81,31,13.535498
-84,34,13.614532
-64,14,13.646552
-53,3,13.654559
-143,93,13.861692
38,12,13.886697
-117,67,14.022728
-100,100,14.224773
-71,21,14.267782
-54,4,14.276785
-94,44,14.366805
-100,100,15.377497
-67,17,15.416818
-53,3,15.424515
-71,21,15.47353
-60,10,15.499537
-126,76,15.692926
-82,32,15.783056
-88,38,15.871983
-112,62,16.012331
-58,8,16.029335
-84,34,16.09935
-142,92,16.289393
-83,33,16.357408
-71,21,16.401418
-126,76,16.557453
-55,5,16.568455
-70,20,16.610464
9,41,16.695484
-86,36,16.7695
-55,5,16.780502
-92,42,16.868522
-65,15,16.899529
-62,12,16.924535
-141,91,17.108576
-53,3,17.115577
14,36,17.188708
-117,67,17.324738
-57,7,17.339741
-115,65,17.471771
-64,14,17.501778
-73,23,17.548789
-62,12,17.573794
-65,15,17.605801
-29,79,17.765837
-70,20,17.806846
-89,39,17.886864
-107,57,18.00389
-103,53,18.122494
-71,21,18.166504
-68,18,18.203512
-69,19,18.243521
13,37,18.318658
-61,11,18.341663
-54,4,18.350665
-132,82,18.521893
-121,71,18.672927
-142,92,18.873977
-109,59,18.997005
-95,45,19.089025
-23,73,19.238058
-118,68,19.377093
-53,3,19.384094
-100,100,19.59014
-118,68,20.53338
-92,42,20.6204
-86,36,20.696417
-74,24,20.747428
-100,100,20.951474
2,48,21.051496
-100,100,21.255541
-91,41,21.341561
-78,28,21.401695
-95,45,21.501717
6,44,21.595498
-133,83,21.773595
-83,33,21.847486
-59,9,21.869491
6,44,21.966496
7,43,22.059516
-62,12,22.085522
-53,3,22.093524
-61,11,22.116529
-87,37,22.193546
-107,57,22.312573
-75,25,22.364585
-76,26,22.419596
-52,2,22.424598
-93,43,22.513618
-122,72,22.662785
-68,18,22.700793
-57,7,22.715796
-124,74,22.867831
-26,76,23.023865
-54,4,23.032867
16,34,23.102883
-49,99,23.318931
4,46,23.419954
15,35,23.498008
-54,4,23.50801
-54,4,23.517012
-76,26,23.572024
24,26,23.625036
-38,88,23.805079
-80,30,23.867093
26,24,23.917104
6,44,24.006124
-73,23,24.055135
-76,26,24.108147
-114,64,24.240176
-54,4,24.249178
-107,57,24.367317
-56,6,24.38032
-52,2,24.385321
-53,3,24.392323
-115,65,24.526353
-27,77,24.682387
-147,97,25.63475
17,33,25.702765
-54,4,25.710767
-79,29,25.77178
-77,27,25.828314
-39,89,26.012355
-129,79,26.179394
7,43,26.267413
34,16,26.300421
-110,60,26.422448
-95,45,26.514468
-59,9,26.533473
-95,45,26.625494
-69,19,26.664502
-71,21,26.706514
-83,33,26.774529
-105,55,26.886554
-68,18,26.924563
-69,19,26.963571
26,24,27.011582
-66,16,27.04559
-78,28,27.103603
-92,42,27.188622
-60,10,27.209626
-62,12,27.234632
-92,42,27.319651
-67,17,27.354659
-70,20,27.395668
-52,2,27.400669
-62,12,27.424675
17,33,27.491689
-66,16,27.523696
-53,3,27.530698
-6,56,27.645724
-64,14,27.67473
-115,65,27.80776
-100,100,28.010805
-82,32,28.08792
-123,73,28.241462
-100,100,28.445508
-59,9,28.464512
-81,31,28.528526
17,33,28.596541
-75,25,28.648553
-68,18,28.685562
-66,16,28.719568
-77,27,28.773581
-82,32,28.839596
-11,61,28.964623
-100,100,29.168669
-73,23,29.21568
-29,79,29.389539
-52,2,29.39454
8,42,29.491614
-47,97,29.714513
-65,15,29.74652
-90,40,30.624864
-56,6,30.638868
-17,67,30.7809
22,28,30.845062
-90,40,30.92908
19,31,30.993095
30,20,31.034104
-58,8,31.052108
-37,87,31.231148
-83,33,31.301163
-74,24,31.352175
-66,16,31.385182
-2,52,31.494207
-80,30,31.55522
-54,4,31.565222
26,24,31.615233
-56,6,31.628236
-63,13,31.656243
-59,9,31.675247
-62,12,31.700252
-125,75,31.857287
-64,14,31.888419
14,36,31.961435
19,31,32.02545
-72,22,32.07246
-56,6,32.084462
-79,29,32.143476
-101,51,32.247499
-23,73,32.396998
-122,72,32.544031
-53,3,32.551033
15,35,32.622048
-83,33,32.692064
-48,98,32.89811
-59,9,32.919115
-98,48,33.019137
6,44,33.109158
-97,47,33.206178
-70,20,33.248188
-18,68,33.39022
-59,9,33.409224
23,27,33.467237
-15,65,33.60127
-61,11,33.625275
-53,3,33.632277
-74,24,33.682287
-104,54,33.794313
-77,27,33.849325
1,49,33.950347
20,30,34.013362
-2,52,34.120385
24,26,34.173397
22,28,34.23141
-70,20,34.27342
-7,57,34.389459
26,24,34.43947
-107,57,34.558496
-82,32,34.624511
-61,11,34.649517
29,21,34.693527
-69,19,34.732535
-11,61,34.858563
4,46,35.714888
-54,4,35.723891
25,25,35.775903
-72,22,35.822912
-4,54,35.932937
-71,21,35.975947
35,15,36.007953
11,39,36.088972
-58,8,36.106976
13,37,36.182992
26,24,36.232125
-103,53,36.340149
19,31,36.403163
-56,6,36.416166
29,21,36.460176
-1,51,36.5662
13,37,36.644217
-55,5,36.655219
-88,38,36.733237
16,34,36.803253
27,23,36.851377
-128,78,37.012412
-83,33,37.082428
-67,17,37.118436
14,36,37.194582
-52,2,37.199583
32,18,37.237591
14,36,37.310607
-68,18,37.349617
-70,20,37.392627
-104,54,37.50265
-85,35,37.575667
-60,10,37.601676
-25,75,37.804375
-91,41,37.906726
24,26,37.960738
-15,65,38.095768
8,42,38.200801
33,17,38.248449
8,42,38.357619
-12,62,38.486648
20,30,38.548661
-59,9,38.567666
-91,41,38.674219
-100,100,38.906076
-11,61,39.034254
31,19,39.073262
-37,87,39.253302
-75,25,39.306314
16,34,39.376333
8,42,39.462352
30,20,39.504361
-72,22,39.549371
-4,54,39.661396
-56,6,39.674399
16,34,39.745415
-84,34,39.815431
-82,32,39.881963
-127,77,40.039998
30,20,40.814292
-64,14,40.844299
34,16,40.878306
39,11,40.901312
18,32,40.967327
29,21,41.011336
-58,8,41.02734
-59,9,41.046344
4,46,41.141365
21,29,41.202379
20,30,41.265393
-67,17,41.301401
4,46,41.396422
-59,9,41.415426
1,49,41.515449
-5,55,41.628474
30,20,41.670483
-40,90,41.856527
-54,4,41.864529
-71,21,41.908539
21,29,41.969553
27,23,42.017564
26,24,42.067575
-59,9,42.085578
11,39,42.187299
-74,24,42.253326
25,25,42.315348
-87,37,42.393365
-58,8,42.41037
-87,37,42.486387
-58,8,42.50339
-65,15,42.538399
-56,6,42.554401
26,24,42.616663
-2,52,42.786317
32,18,42.819033
-6,56,42.921063
-4,54,43.019105
33,17,43.050107
15,35,43.109121
-53,3,43.114122
-76,26,43.159132
32,18,43.189139
22,28,43.236149
11,39,43.303164
-95,45,43.386184
30,20,43.422194
12,38,43.491214
-66,16,43.519219
10,40,43.587235
19,31,43.640246
12,38,43.706261
-54,4,43.714263
-74,24,43.755272
37,13,43.777277
-71,21,43.813286
-52,2,43.817286
-57,7,43.830289
29,21,43.870302
-75,25,43.916316
-79,29,43.969329
14,36,44.032345
-70,20,44.066352
-76,26,44.110362
18,32,44.163374
29,21,44.198381
16,34,44.255394
27,23,44.294403
32,18,44.32541
-106,56,44.418554
-131,81,44.554584
30,20,44.587591
19,31,44.639603
25,25,44.680612
21,29,44.728622
-7,57,45.514923
26,24,45.556934
7,43,45.628949
-108,58,45.725972
-75,25,45.768104
40,10,45.785108
-71,21,45.821116
-52,2,45.825117
28,22,45.863126
-80,30,45.914137
30,20,45.948145
12,38,46.012159
-61,11,46.032164
14,36,46.092177
20,30,46.143188
34,16,46.170194
7,43,46.242211
-52,2,46.247211
33,17,46.275339
29,21,46.311347
-103,53,46.401367
-59,9,46.416371
-54,4,46.424373
24,26,46.466382
-89,39,46.533397
2,48,46.613415
32,18,46.643421
-80,30,46.693433
16,34,46.752446
16,34,46.809459
-54,4,46.81646
8,42,46.889477
-3,53,46.979496
-81,31,47.030508
-78,28,47.078518
33,17,47.108525
30,20,47.142533
-63,13,47.165538
-52,2,47.168538
28,22,47.205547
21,29,47.255558
30,20,47.289566
3,47,47.369584
40,10,47.387588
-66,16,47.414593
32,18,47.4456
22,28,47.493611
17,33,47.549623
5,45,47.624641
-70,20,47.659648
-52,2,47.663649
-62,12,47.683653
-85,35,47.742667
32,18,47.773674
-17,67,47.887699
-6,56,47.982721
-11,61,48.085743
-56,6,48.096746
2,48,48.178764
-63,13,48.201769
33,17,48.230776
-5,55,48.324797
-61,11,48.344801
31,19,48.376808
32,18,48.407815
17,33,48.463827
15,35,48.522844
-89,39,48.587858
-52,2,48.591859
8,42,48.662875
10,40,48.728889
-12,62,48.834913
21,29,48.883924
38,12,48.905929
-115,65,49.763675
27,23,49.810685
33,17,49.85142
-71,21,49.904374
18,32,49.984453
-68,18,50.022461
32,18,50.059602
29,21,50.101611
27,23,50.148622
-52,2,50.153623
37,13,50.179628
30,20,50.220637
31,19,50.258646
20,30,50.328675
35,15,50.370443
-60,10,50.39497
33,17,50.439991
33,17,50.476001
28,22,50.522011
30,20,50.566021
-88,38,50.643038
12,38,50.719055
-80,30,50.780069
34,16,50.813076
-61,11,50.836081
12,38,50.914624
-63,13,50.94063
-60,10,50.961635
19,31,51.026649
12,38,51.103667
-70,20,51.144676
24,26,51.197687
9,41,51.280706
-62,12,51.305712
28,22,51.350722
28,22,51.405319
36,14,51.440334
26,24,51.498353
-61,11,51.526367
34,16,51.558373
24,26,51.611386
-93,43,51.697405
31,19,51.736413
25,25,51.787426
-56,6,51.803429
-67,17,51.845438
22,28,51.916306
9,41,52.017785
3,47,52.111805
25,25,52.162817
22,28,52.233316
36,14,52.270854
29,21,52.326896
15,35,52.404914
-56,6,52.417917
28,22,52.462927
35,15,52.494934
4,46,52.597957
15,35,52.692165
35,15,52.734177
-58,8,52.753188
33,17,52.788196
-62,12,52.813201
-104,54,52.927226
-69,19,52.976239
26,24,53.040907
37,13,53.075925
-63,13,53.110696
18,32,53.180713
-74,24,53.230724
31,19,53.270734
30,20,53.312742
33,17,53.34875
-93,43,53.43777
39,11,53.460775
19,31,53.525789
-53,3,53.532791
28,22,53.577801
23,27,53.633814
32,18,53.670822
14,36,53.745839
-130,80,53.910875
-69,19,53.951885
17,33,54.0199
2,48,54.119922
-62,12,54.145928
28,22,54.958344
-67,17,54.995353
7,43,55.088373
-3,53,55.235939
28,22,55.289961
-84,34,55.373165
33,17,55.418187
32,18,55.464718
8,42,55.580408
-56,6,55.601417
12,38,55.727853
-67,17,55.77638
36,14,55.815388
27,23,55.878559
28,22,55.92757
27,23,55.976581
30,20,56.019591
26,24,56.074603
29,21,56.120613
29,21,56.165623
16,34,56.23864
30,20,56.281649
30,20,56.32966
-57,7,56.349667
-53,3,56.35968
-116,66,56.526522
38,12,56.556534
20,30,56.629566
18,32,56.712634
26,24,56.77354
-53,3,56.780538
18,32,56.860594
29,21,56.909618
-57,7,56.927625
31,19,56.972643
10,40,57.072206
-89,39,57.166013
40,10,57.190025
26,24,57.248053
20,30,57.32211
-87,37,57.416217
31,19,57.469256
37,13,57.504269
29,21,57.575427
-62,12,57.612408
-57,7,57.632396
-98,48,57.755539
23,27,57.82516
-5,55,57.95219
-59,9,57.972196
-59,9,57.992199
27,23,58.0454
9,41,58.13542
24,26,58.190432
37,13,58.218438
26,24,58.27145
-56,6,58.287453
-1,51,58.401604
38,12,58.42861
-71,21,58.47362
30,20,58.51563
22,28,58.575643
38,12,58.602649
-52,2,58.60765
-60,10,58.628654
28,22,58.675666
9,41,58.762684
3,47,58.863707
19,31,58.929722
27,23,58.978733
26,24,59.030744
28,22,59.078755
34,16,59.112762
6,44,59.206783
-60,10,59.229789
-71,21,59.275799
22,28,59.335812
26,24,59.387824
28,22,59.435835
13,37,59.514987
7,43,59.607008
34,16,59.642015
-66,16,59.677023
39,11,59.701028
37,13,59.729035
20,30,59.793049
39,11,60.676644
37,13,60.70665
-72,22,60.753661
37,13,60.782667
23,27,60.844681
25,25,60.900693
33,17,60.938702
21,29,61.000846
27,23,61.050857
-95,45,61.15188
22,28,61.214894
23,27,61.273907
6,44,61.367928
23,27,61.425941
31,19,61.46695
39,11,61.490955
37,13,61.530384
-101,51,61.660445
35,15,61.699477
40,10,61.726486
-70,20,61.781527
19,31,61.853543
39,11,61.879549
29,21,61.925559
34,16,61.960567
-76,26,62.01758
-7,57,62.139607
-54,4,62.148609
17,33,62.219625
31,19,62.261908
22,28,62.320921
32,18,62.36093
16,34,62.435947
-5,55,62.552974
32,18,62.591982
-1,51,62.701006
-14,64,62.836036
-4,54,62.950062
27,23,63.000073
23,27,63.057085
25,25,63.110097
-97,47,63.21112
-63,13,63.240126
23,27,63.299139
-72,22,63.351151
33,17,63.39316
-74,24,63.451174
42,8,63.472178
-2,52,63.60939
-17,67,63.75946
-17,67,63.910007
26,24,63.967026
21,29,64.046392
24,26,64.122404
40,10,64.157396
-61,11,64.193388
-61,11,64.229562
22,28,64.326393
35,15,64.371395
33,17,64.413388
32,18,64.455196
40,10,64.4772
-71,21,64.52221
8,42,64.611231
11,39,64.69525
-61,11,64.718254
-58,8,64.736258
-60,10,64.758264
38,12,64.784269
21,29,64.845283
31,19,64.886432
22,28,64.946445
-72,22,64.993455
-76,26,65.049468
-73,23,65.099479
-55,5,65.110482
-70,20,65.153491
-68,18,65.1935
-1,51,65.302524
31,19,66.227933
29,21,66.281945
34,16,66.323965
27,23,66.384603
35,15,66.42062
20,30,66.492637
23,27,66.557425
30,20,66.603991
-58,8,66.623995
27,23,66.672006
33,17,66.709014
-71,21,66.753024
11,39,66.832042
27,23,66.880052
38,12,66.905058
-68,18,66.943066
-78,28,67.001079
38,12,67.026085
20,30,67.088099
36,14,67.117105
34,16,67.150113
13,37,67.226129
23,27,67.284142
27,23,67.344663
17,33,67.433153
18,32,67.515697
22,28,67.574713
29,21,67.617723
24,26,67.670735
-55,5,67.681737
21,29,67.742751
21,29,67.802764
-58,8,67.818768
18,32,67.884783
31,19,67.923792
33,17,67.958799
22,28,68.016813
-76,26,68.070824
28,22,68.116834
32,18,68.153843
28,22,68.198853
32,18,68.235861
32,18,68.272869
27,23,68.32088
-10,60,68.443907
32,18,68.480916
25,25,68.531927
36,14,68.560934
30,20,68.601943
30,20,68.641952
-88,38,68.719969
31,19,68.759979
30,20,68.800987
21,29,68.86
30,20,68.90201
41,9,68.921014
23,27,68.978027
35,15,69.010034
14,36,69.08405
37,13,69.111056
35,15,69.142063
1,49,69.242086
25,25,69.294097
-10,60,69.415124
1,49,69.514664
34,16,69.547672
-7,57,69.662698
32,18,69.699706
38,12,69.723711
39,11,69.746716
3,47,69.841737
22,28,69.89775
32,18,69.934758
40,10,69.954762
22,28,70.011775
17,33,70.07779
5,45,70.168811
36,14,70.197817
7,43,70.283836
30,20,70.323955
16,34,70.393971
9,41,70.476989
23,27,70.531002
23,27,71.327179
5,45,71.4202
28,22,71.46621
31,19,71.506219
-76,26,71.559231
36,14,71.588237
36,14,71.616243
29,21,71.660253
24,26,71.712379
-52,2,71.71738
29,21,71.760389
29,21,71.803399
11,39,71.883417
27,23,71.929427
20,30,71.990441
9,41,72.07646
37,13,72.103466
-103,53,72.214491
38,12,72.239496
40,10,72.260501
34,16,72.293509
-52,2,72.29951
28,22,72.34552
10,40,72.428538
38,12,72.454544
11,39,72.533562
20,30,72.595576
42,8,72.61258
18,32,72.676594
14,36,72.74961
33,17,72.784618
-62,12,72.809623
30,20,72.851633
26,24,72.900644
31,19,72.939653
17,33,73.006667
27,23,73.053678
19,31,73.116692
23,27,73.172704
7,43,73.258723
39,11,73.280729
31,19,73.320737
33,17,73.354745
24,26,73.417236
20,30,73.49674
-80,30,73.57376
27,23,73.62077
31,19,73.659779
23,27,73.714791
36,14,73.743798
38,12,73.767803
36,14,73.796809
22,28,73.853823
30,20,73.892831
35,15,73.923838
18,32,73.988853
28,22,74.033863
34,16,74.066869
26,24,74.115881
-58,8,74.131885
-55,5,74.142887
-80,30,74.2049
28,22,74.24891
22,28,74.304923
34,16,74.33793
26,24,74.386941
19,31,74.450955
25,25,74.502967
32,18,74.54008
34,16,74.573087
30,20,74.614097
-58,8,74.6311
-59,9,74.651105
24,26,74.703116
21,29,74.76313
38,12,74.788135
29,21,74.831145
33,17,74.866153
18,32,74.932168
-88,38,75.011185
33,17,75.046193
34,16,75.079201
38,12,75.106206
-61,11,75.129211
23,27,75.185224
5,45,75.278244
39,11,75.30125
23,27,75.355262
31,19,75.395271
34,16,75.428278
30,20,75.470287
32,18,75.510297
29,21,76.297611
-74,24,76.348623
32,18,76.385631
14,36,76.459778
-60,10,76.480783
28,22,76.527793
27,23,76.574804
-66,16,76.606811
24,26,76.660823
21,29,76.718836
-103,53,76.82786
20,30,76.889874
-66,16,76.923882
27,23,76.969892
15,35,77.040908
30,20,77.082918
16,34,77.152934
27,23,77.200944
-53,3,77.207945
30,20,77.248954
18,32,77.314971
9,41,77.39999
24,26,77.454002
32,18,77.49101
15,35,77.563026
-57,7,77.57803
23,27,77.634042
25,25,77.686054
29,21,77.730063
2,48,77.827085
-68,18,77.865094
36,14,77.8941
38,12,77.919106
25,25,77.970117
30,20,78.010649
16,34,78.080665
16,34,78.14968
-52,2,78.154682
15,35,78.226697
33,17,78.261705
37,13,78.288711
35,15,78.319718
24,26,78.37273
7,43,78.462751
33,17,78.497881
30,20,78.538891
28,22,78.583901
27,23,78.630911
-57,7,78.645915
8,42,78.730933
32,18,78.768942
-1,51,78.879967
18,32,78.962988
32,18,79.010999
32,18,79.055514
35,15,79.087521
20,30,79.149535
-69,19,79.196546
38,12,79.230553
37,13,79.266564
22,28,79.341583
27,23,79.404604
28,22,79.465616
35,15,79.505626
24,26,79.578809
14,36,79.665829
-54,4,79.674832
-62,12,79.700838
11,39,79.780855
28,22,79.824866
37,13,79.851871
24,26,79.904883
32,18,79.941891
-54,4,79.949893
-80,30,80.009906
-59,9,80.030911
37,13,80.06692
-72,22,80.124932
-67,17,80.170942
37,13,80.205953
23,27,80.277969
36,14,80.312979
34,16,80.35801
23,27,80.426034
10,40,80.508053
24,26,80.561064
32,18,80.599073
11,39,80.67809
21,29,80.744105
20,30,81.669472
26,24,81.718483
27,23,81.772496
31,19,81.820506
-68,18,81.864516
28,22,81.920537
-63,13,81.950544
12,38,82.027561
36,14,82.056568
28,22,82.102578
15,35,82.175594
37,13,82.2026
8,42,82.287619
24,26,82.340631
-64,14,82.370637
26,24,82.419648
36,14,82.447654
5,45,82.540676
-66,16,82.573683
38,12,82.599689
23,27,82.654701
26,24,82.703712
-57,7,82.717715
-57,7,82.732718
13,37,82.806735
27,23,82.853745
-69,19,82.892754
31,19,82.930762
26,24,82.979773
22,28,83.035786
38,12,83.060791
30,20,83.1008
31,19,83.139809
5,45,83.230832
27,23,83.278843
36,14,83.306849
32,18,83.343857
32,18,83.380866
6,44,83.469886
36,14,83.497892
-13,63,83.624921
29,21,83.667929
33,17,83.701938
36,14,83.730944
32,18,83.767952
38,12,83.792958
31,19,83.830966
-76,26,83.882977
27,23,83.929988
25,25,83.981
29,21,84.023009
33,17,84.057017
-63,13,84.084023
32,18,84.121031
24,26,84.174043
18,32,84.238057
34,16,84.271065
31,19,84.311073
35,15,84.343081
27,23,84.399093
29,21,84.450336
-58,8,84.46734
34,16,84.501347
23,27,84.556359
24,26,84.610376
31,19,84.649384
15,35,84.722401
35,15,84.753407
28,22,84.799417
16,34,84.879436
26,24,84.934448
33,17,84.974457
30,20,85.018467
18,32,85.094484
34,16,85.133492
-98,48,85.237516
42,8,85.25452
31,19,85.293528
-58,8,85.311532
26,24,85.365704
34,16,85.397711
20,30,85.460725
40,10,85.486731
26,24,85.539742
33,17,85.579751
10,40,85.670772
31,19,85.714781
15,35,85.802931
34,16,85.837939
25,25,85.891951
7,43,85.983971
17,33,86.863475
11,39,86.944957
-60,10,86.965965
28,22,87.012976
34,16,87.051985
19,31,87.122
21,29,87.189653
-89,39,87.281674
20,30,87.336686
34,16,87.367693
24,26,87.418354
33,17,87.452965
22,28,87.508976
32,18,87.543984
30,20,87.582993
9,41,87.66152
-84,34,87.724533
-59,9,87.740538
38,12,87.763547
36,14,87.790553
30,20,87.828561
30,20,87.872571
35,15,87.904578
-57,7,87.919581
33,17,87.953589
-74,24,87.998599
13,37,88.067615
-54,4,88.075616
24,26,88.127627
-73,23,88.170638
28,22,88.211646
36,14,88.238653
24,26,88.286663
28,22,88.329672
-71,21,88.371682
19,31,88.428694
35,15,88.467704
29,21,88.511714
17,33,88.575727
30,20,88.620739
-56,6,88.632741
-88,38,88.707758
33,17,88.745766
3,47,88.841787
2,48,88.945811
14,36,89.015826
16,34,89.085503
33,17,89.118511
34,16,89.150518
28,22,89.191527
32,18,89.225534
25,25,89.272547
30,20,89.309555
35,15,89.336562
-60,10,89.356566
29,21,89.396578
27,23,89.445589
37,13,89.472594
38,12,89.498601
34,16,89.534608
21,29,89.58962
38,12,89.613626
34,16,89.646633
23,27,89.695645
37,13,89.719649
22,28,89.769661
24,26,89.817671
30,20,89.853679
26,24,89.895689
22,28,89.9457
31,19,89.977707
27,23,90.017716
15,35,90.077729
36,14,90.103735
-54,4,90.111737
37,13,90.133741
19,31,90.187754
34,16,90.21676
16,34,90.275774
29,21,90.312783
34,16,90.340788
19,31,90.396801
1,49,90.480819
26,24,90.522829
34,16,90.551835
26,24,90.600846
27,23,90.641855
29,21,90.681864
26,24,90.725874
-100,50,91.564061
37,13,91.588067
28,22,91.628075
23,27,91.675086
22,28,91.725097
32,18,91.758104
31,19,91.792112
-68,18,91.82612
-87,37,91.892134
37,13,91.915139
30,20,91.950147
27,23,91.991156
2,48,92.073174
37,13,92.09718
27,23,92.138189
30,20,92.173197
10,40,92.245213
-59,9,92.261216
36,14,92.286222
13,37,92.349236
38,12,92.371241
31,19,92.404248
27,23,92.444257
29,21,92.482266
30,20,92.519274
39,11,92.538278
31,19,92.572286
33,17,92.601292
-71,21,92.639301
15,35,92.699314
33,17,92.729321
31,19,92.763329
39,11,92.782333
21,29,92.833344
36,14,92.86035
23,27,92.909362
25,25,92.955371
-55,5,92.965374
35,15,92.99238
19,31,93.054394
36,14,93.078399
-70,20,93.114407
28,22,93.155416
35,15,93.182423
25,25,93.228433
13,37,93.292447
-80,30,93.346458
34,16,93.373465
22,28,93.422475
36,14,93.448481
21,29,93.497492
16,34,93.557506
27,23,93.598515
29,21,93.635523
31,19,93.66853
-58,8,93.683534
-88,38,93.750548
36,14,93.775554
30,20,93.812563
32,18,93.844569
20,30,93.904263
8,42,93.98328
13,37,94.049294
6,44,94.128313
32,18,94.16232
37,13,94.187325
-52,2,94.191327
27,23,94.235339
36,14,94.262346
32,18,94.297354
33,17,94.32936
30,20,94.367369
38,12,94.390374
36,14,94.41638
29,21,94.453388
32,18,94.485395
17,33,94.543408
34,16,94.571414
-72,22,94.611423
25,25,94.656433
25,25,94.700443
9,41,94.772459
-64,14,94.797465
31,19,94.831472
38,12,94.852477
28,22,94.890485
37,13,94.913491
39,11,94.933495
-68,18,94.964502
23,27,95.011512
32,18,95.043519
29,21,95.080528
4,46,95.160545
-61,11,95.18155
26,24,95.933718
27,23,95.972727
30,20,96.008735
33,17,96.039742
19,31,96.093754
35,15,96.12076
29,21,96.159769
27,23,96.199777
10,40,96.268793
39,11,96.287797
35,15,96.314803
23,27,96.361814
26,24,96.404823
25,25,96.450834
6,44,96.528851
8,42,96.603867
22,28,96.66088
29,21,96.701889
38,12,96.724895
-55,5,96.736897
16,34,96.797911
18,32,96.855924
31,19,96.889931
9,41,96.963948
29,21,97.001956
37,13,97.024962
32,18,97.056969
-80,30,97.10898
33,17,97.138987
26,24,97.180996
33,17,97.210003
37,13,97.233009
30,20,97.269016
-52,2,97.274017
36,14,97.301023
36,14,97.326045
33,17,97.358052
34,16,97.389059
28,22,97.429068
35,15,97.455075
21,29,97.509086
-61,11,97.530091
24,26,97.580103
36,14,97.608108
31,19,97.645381
28,22,97.68939
-81,31,97.74632
30,20,97.783334
-95,45,97.866883
33,17,97.897315
-62,12,97.91932
21,29,97.971331
29,21,98.00934
-1,51,98.09836
21,29,98.149371
4,46,98.228389
14,36,98.290403
21,29,98.340414
18,32,98.395426
25,25,98.437435
28,22,98.476445
38,12,98.497448
14,36,98.561463
29,21,98.598471
34,16,98.625477
21,29,98.675488
25,25,98.718498
27,23,98.758507
36,14,98.783513
25,25,98.828522
17,33,98.886536
27,23,98.926545
36,14,98.95255
36,14,98.978559
-97,47,99.071976
31,19,99.113991
38,12,99.138997
31,19,99.175007
20,30,99.232019
9,41,99.307036
21,29,99.360048
39,11,99.380052
-4,54,99.478074
34,16,99.507081
13,37,99.572095
34,16,99.601102
37,13,99.624107
26,24,100.429286
-81,31,100.506304
14,36,100.577319
36,14,100.603326
24,26,100.651337
23,27,100.703348
-56,6,100.71435
30,20,100.752359
25,25,100.798369
0,50,100.89239
28,22,100.9354
34,16,100.963406
28,22,101.003415
23,27,101.051425
31,19,101.088434
18,32,101.148447
11,39,101.216462
37,13,101.240468
40,10,101.258471
35,15,101.287479
-56,6,101.301481
-55,5,101.313484
21,29,101.3855
28,22,101.442512
29,21,101.492524
-68,18,101.535534
34,16,101.574542
34,16,101.613552
-65,15,101.64856
30,20,101.695569
26,24,101.757583
26,24,101.826598
32,18,101.877609
18,32,101.960629
16,34,102.054649
32,18,102.108661
28,22,102.167675
24,26,102.236691
21,29,102.317708
-58,8,102.339712
24,26,102.398726
27,23,102.453739
32,18,102.496748
36,14,102.529755
27,23,102.581767
-65,15,102.621776
19,31,102.696792
38,12,102.725799
36,14,102.764808
5,45,102.869831
23,27,102.943848
19,31,103.021865
27,23,103.078877
42,8,103.102882
34,16,103.139891
-59,9,103.158896
33,17,103.199905
-52,2,103.204906
-2,52,103.325933
30,20,103.368943
34,16,103.403951
20,30,103.466965
7,43,103.557985
31,19,103.602994
32,18,103.643003
38,12,103.669009
32,18,103.707018
20,30,103.770032
23,27,103.827045
20,30,103.892059
-53,3,103.899061
9,41,103.98608
29,21,104.03109
-64,14,104.063097
31,19,104.106108
34,16,104.142115
34,16,104.178123
34,16,104.214131
34,16,104.252142
37,13,104.281145
30,20,104.325156
28,22,104.374166
16,34,104.448186
12,38,104.531202
28,22,104.581213
28,22,104.635225
16,34,104.712242
-63,13,104.742249
27,23,104.79226
32,18,104.831269
19,31,104.899284
28,22,104.947294
0,50,105.95552
28,22,106.008531
38,12,106.035537
-74,24,106.088549
19,31,106.157565
36,14,106.187571
29,21,106.234582
-52,2,106.240583
23,27,106.299597
23,27,106.36161
20,30,106.427625
22,28,106.502642
13,37,106.587661
29,21,106.635671
40,10,106.658676
36,14,106.691684
-56,6,106.705687
31,19,106.751697
34,16,106.790706
32,18,106.836717
22,28,106.903732
34,16,106.940739
25,25,106.996752
28,22,107.044762
28,22,107.091773
15,35,107.16679
30,20,107.209799
34,16,107.243807
33,17,107.281815
16,34,107.357832
40,10,107.381838
23,27,107.443851
32,18,107.48486
35,15,107.519868
32,18,107.558877
-70,20,107.600887
36,14,107.631894
30,20,107.676903
29,21,107.724916
30,20,107.773927
-60,10,107.798933
5,45,107.905957
22,28,107.971971
31,19,108.018982
16,34,108.1
33,17,108.141122
18,32,108.218139
25,25,108.278153
24,26,108.343168
13,37,108.433187
23,27,108.496202
10,40,108.591223
31,19,108.638233
8,42,108.741386
36,14,108.776393
21,29,108.846409
13,37,108.935561
33,17,108.976571
32,18,109.01858
39,11,109.046586
16,34,109.127604
27,23,109.182616
36,14,109.215624
32,18,109.257634
32,18,109.303644
-66,16,109.340652
14,36,109.433673
36,14,109.46768
8,42,109.569703
36,14,109.60371
31,19,109.651721
28,22,109.706733
-64,14,109.740741
35,15,109.77875
39,11,109.805756
29,21,109.860768
23,27,109.927783
29,21,109.983795
34,16,110.025805
32,18,110.072815
34,16,110.113824
26,24,110.170837
36,14,110.203844
34,16,110.243854
21,29,110.312869
29,21,110.360879
7,43,110.462902
-57,7,110.482907
28,22,110.534918
28,22,110.58793
29,21,110.638941
33,17,110.67795
18,32,110.755115
-21,71,111.873102
24,26,111.935116
32,18,111.977125
16,34,112.058143
38,12,112.088156
32,18,112.129164
-3,53,112.254193
31,19,112.299203
-74,24,112.357215
38,12,112.387222
28,22,112.440234
24,26,112.502248
29,21,112.551259
12,38,112.641795
-60,10,112.6658
-57,7,112.682804
30,20,112.725814
23,27,112.784826
32,18,112.824836
3,47,112.926858
9,41,113.014878
-59,9,113.034882
38,12,113.061023
32,18,113.101032
9,41,113.191052
-56,6,113.204056
-60,10,113.22706
28,22,113.275071
37,13,113.303077
-76,26,113.35909
26,24,113.412102
-61,11,113.436107
33,17,113.473116
36,14,113.504122
26,24,113.556134
15,35,113.63115
29,21,113.678161
33,17,113.715169
19,31,113.781184
21,29,113.844198
28,22,113.892209
24,26,113.948343
16,34,114.02236
22,28,114.083374
-69,19,114.124383
-61,11,114.148388
31,19,114.190397
34,16,114.225405
32,18,114.264414
36,14,114.296421
32,18,114.33643
36,14,114.366436
15,35,114.441453
18,32,114.510468
23,27,114.569482
31,19,114.610491
21,29,114.673505
16,34,114.745521
33,17,114.78253
28,22,114.83054
17,33,114.901556
8,42,114.992576
34,16,115.027584
28,22,115.074594
3,47,115.175617
27,23,115.225628
26,24,115.278776
6,44,115.373798
-1,51,115.483822
28,22,115.532834
30,20,115.575843
23,27,115.634856
31,19,115.675865
32,18,115.715874
37,13,115.74388
36,14,115.773887
26,24,115.825898
22,28,115.886912
-66,16,115.921921
37,13,115.950926
38,12,115.976932
18,32,116.045948
33,17,116.084957
-69,19,116.126966
28,22,116.174976
23,27,116.233989
34,16,117.044284
21,29,117.107297
-17,67,117.250329
24,26,117.307464
19,31,117.374479
30,20,117.418488
1,49,117.522511
15,35,117.596528
32,18,117.635537
35,15,117.670545
21,29,117.73556
34,16,117.771567
11,39,117.861587
-63,13,117.894594
34,16,117.932604
26,24,117.986615
-65,15,118.019623
-96,46,118.118644
38,12,118.14465
-75,25,118.200663
30,20,118.244673
32,18,118.283681
39,11,118.307687
32,18,118.346695
37,13,118.374702
18,32,118.443717
4,46,118.541847
33,17,118.578855
22,28,118.64387
22,28,118.703884
22,28,118.765897
9,41,118.854917
29,21,118.900927
30,20,118.943937
-63,13,118.971943
34,16,119.006951
30,20,119.04996
22,28,119.110974
35,15,119.143981
30,20,119.186993
30,20,119.230002
-2,52,119.343028
36,14,119.373035
26,24,119.425056
27,23,119.47406
17,33,119.545075
29,21,119.590085
4,46,119.688107
29,21,119.734118
19,31,119.801132
31,19,119.843142
-59,9,119.863146
37,13,119.890152
29,21,119.936163
27,23,119.986174
40,10,120.007178
24,26,120.063191
32,18,120.1022
27,23,120.151211
3,47,120.253233
27,23,120.302244
18,32,120.37226
5,45,120.468281
27,23,120.518293
35,15,120.5513
34,16,120.585308
36,14,120.616315
-54,4,120.625316
19,31,120.691331
36,14,120.721338
-65,15,120.754345
36,14,120.78552
37,13,120.813526
25,25,120.866538
29,21,120.911548
32,18,120.950557
36,14,120.979563
33,17,121.016572
40,10,121.038576
-68,18,121.077585
15,35,121.152602
26,24,121.203613
-17,67,121.346645
30,20,121.390655
11,39,121.474815
29,21,122.289113
26,24,122.341125
37,13,122.369131
-56,6,122.383134
29,21,122.428144
25,25,122.483156
30,20,122.527166
34,16,122.562174
27,23,122.611497
34,16,122.645505
33,17,122.681513
5,45,122.777534
17,33,122.84855
-64,14,122.878556
14,36,122.955575
9,41,123.044594
28,22,123.091604
35,15,123.123611
-87,37,123.201629
36,14,123.231635
23,27,123.289649
26,24,123.34166
2,48,123.445684
36,14,123.47569
33,17,123.511698
38,12,123.537704
3,47,123.639851
-67,17,123.675858
35,15,123.708866
-80,30,123.77388
29,21,123.81889
28,22,123.867901
-80,30,123.935917
23,27,123.994929
24,26,124.051942
-60,10,124.072947
-68,18,124.111956
28,22,124.159966
-78,28,124.21998
34,16,124.253987
38,12,124.280993
32,18,124.319001
30,20,124.363011
35,15,124.39602
12,38,124.477037
30,20,124.521047
14,36,124.597064
29,21,124.642074
24,26,124.698086
17,33,124.768102
15,35,124.843617
-65,15,124.876626
12,38,124.958644
32,18,124.997652
19,31,125.064667
28,22,125.112678
39,11,125.136683
39,11,125.160803
18,32,125.232819
39,11,125.255824
35,15,125.288832
30,20,125.331841
26,24,125.383852
34,16,125.41886
-52,2,125.423862
-52,2,125.428863
27,23,125.477873
23,27,125.535887
26,24,125.591899
34,16,125.626907
17,33,125.697923
26,24,125.748934
28,22,125.796945
-77,27,125.854958
37,13,125.882964
-56,6,125.895966
-12,62,126.027996
26,24,126.080008
17,33,126.151024
40,10,126.172029
40,10,126.194033
2,48,126.29717
27,23,126.346181
-4,54,126.462209
28,22,126.51022
28,22,126.55723
-63,13,126.587238
30,20,126.632247
16,34,127.476559
29,21,127.522569
34,16,127.557577
36,14,127.587709
34,16,127.621717
32,18,127.661726
28,22,127.708737
35,15,127.741744
28,22,127.792755
32,18,127.833765
-5,55,127.961793
23,27,128.027808
10,40,128.131831
17,33,128.206848
25,25,128.264861
26,24,128.323874
33,17,128.362882
40,10,128.390889
30,20,128.435899
18,32,128.507915
-67,17,128.545923
38,12,128.57293
23,27,128.634943
34,16,128.669951
38,12,128.697958
33,17,128.738966
30,20,128.783977
32,18,128.823986
33,17,128.864995
38,12,128.892
25,25,128.947013
36,14,128.97802
20,30,129.044034
31,19,129.086044
24,26,129.149058
12,38,129.238078
-52,2,129.243078
-74,24,129.29509
38,12,129.322097
25,25,129.376108
28,22,129.424119
35,15,129.457127
36,14,129.488134
-60,10,129.510139
26,24,129.56215
-62,12,129.588156
28,22,129.636167
40,10,129.658171
34,16,129.693179
30,20,129.737189
28,22,129.7862
36,14,129.816206
-57,7,129.83221
31,19,129.873219
32,18,129.913229
38,12,129.939234
28,22,129.987245
24,26,130.043257
28,22,130.091268
28,22,130.140279
33,17,130.177287
34,16,130.213295
36,14,130.243302
30,20,130.289313
25,25,130.346325
31,19,130.388335
15,35,130.465351
-79,29,130.529366
27,23,130.582377
29,21,130.630388
33,17,130.672398
36,14,130.703405
-71,21,130.750415
34,16,130.785423
31,19,130.828433
13,37,130.910451
33,17,130.947459
34,16,130.981994
36,14,131.013001
33,17,131.05101
33,17,131.089018
32,18,131.129027
18,32,131.199043
30,20,131.242052
-87,37,131.32107
25,25,131.377083
36,14,131.408089
36,14,131.438096
32,18,131.480105
31,19,131.522115
1,49,131.632139
15,35,131.712157
32,18,131.752166
16,34,131.826182
40,10,131.849188
26,24,131.901199
36,14,131.932206
36,14,131.962339
42,8,131.980343
25,25,132.034355
26,24,132.90855
35,15,132.940557
28,22,132.988568
35,15,133.021575
37,13,133.050704
-67,17,133.087713
37,13,133.115719
32,18,133.155728
27,23,133.205739
24,26,133.261752
29,21,133.307762
29,21,133.353772
-57,7,133.369776
34,16,133.404783
16,34,133.477799
37,13,133.506806
24,26,133.563819
34,16,133.600827
40,10,133.622832
13,37,133.70285
16,34,133.776866
-77,27,133.836879
26,24,133.891892
31,19,133.937902
-12,62,134.087936
-77,27,134.148949
-57,7,134.164953
14,36,134.24497
10,40,134.33199
-62,12,134.357996
16,34,134.431014
-83,33,134.503031
34,16,134.538039
38,12,134.565044
30,20,134.609054
38,12,134.63606
14,36,134.714078
6,44,134.812099
36,14,134.844106
28,22,134.892117
23,27,134.951262
25,25,135.007275
35,15,135.040282
32,18,135.079291
35,15,135.113299
28,22,135.16231
34,16,135.197317
30,20,135.241328
21,29,135.304452
33,17,135.343461
-61,11,135.367466
32,18,135.406475
29,21,135.452485
11,39,135.536504
28,22,135.584514
40,10,135.606519
-60,10,135.629524
32,18,135.668533
38,12,135.695539
-68,18,135.734548
35,15,135.767555
34,16,135.801563
25,25,135.856575
35,15,135.888582
34,16,135.92359
36,14,135.953597
27,23,136.00474
42,8,136.024744
21,29,136.086758
22,28,136.147771
27,23,136.199783
37,13,136.228789
23,27,136.287803
17,33,136.359819
40,10,136.381824
22,28,136.442837
20,30,136.508232
38,12,136.536238
17,33,136.608255
39,11,136.63326
32,18,136.67327
-68,18,136.713278
-69,19,136.755416
31,19,136.797425
36,14,136.828432
15,35,136.90645
-52,2,136.911451
-54,4,136.920453
26,24,136.974465
-63,13,137.004472
25,25,137.059484
22,28,137.119498
38,12,137.145503
19,31,137.212518
28,22,137.258528
32,18,137.29767
30,20,137.340679
34,16,137.375687
33,17,138.184991
18,32,138.254006
21,29,138.317021
32,18,138.356029
29,21,138.401039
12,38,138.482057
27,23,138.532068
19,31,138.598086
21,29,138.661099
-62,12,138.687105
2,48,138.789128
-72,22,138.838139
26,24,138.889151
20,30,138.954165
31,19,138.995174
36,14,139.025181
26,24,139.077193
30,20,139.121202
29,21,139.168213
24,26,139.223225
28,22,139.270235
40,10,139.29124
-63,13,139.319246
26,24,139.371379
30,20,139.414389
21,29,139.477403
19,31,139.544419
31,19,139.585427
27,23,139.637439
31,19,139.679448
35,15,139.747799
30,20,139.846821
-60,10,139.877828
27,23,139.943843
32,18,139.991964
40,10,140.012968
-3,53,140.120993
20,30,140.182006
-58,8,140.19901
29,21,140.24202
0,50,140.346043
34,16,140.37905
-62,12,140.405056
20,30,140.46707
32,18,140.505078
25,25,140.55609
27,23,140.6041
32,18,140.642109
23,27,140.696121
33,17,140.732129
36,14,140.761135
21,29,140.821149
26,24,140.87316
35,15,140.906168
22,28,140.963181
36,14,140.993187
23,27,141.0492
37,13,141.075205
-59,9,141.09421
12,38,141.172228
36,14,141.201234
-58,8,141.218723
39,11,141.241728
-62,12,141.268734
15,35,141.342751
23,27,141.399764
-60,10,141.422769
33,17,141.459777
15,35,141.534219
33,17,141.570227
-59,9,141.590231
25,25,141.643243
32,18,141.681252
40,10,141.703256
38,12,141.728262
28,22,141.773272
19,31,141.837286
31,19,141.877295
33,17,141.912303
-3,53,142.022327
40,10,142.043332
36,14,142.072339
33,17,142.106346
17,33,142.175362
11,39,142.25638
34,16,142.290387
33,17,142.324395
18,32,142.39141
-57,7,142.405413
26,24,142.455424
36,14,142.484431
-54,4,142.495434
37,13,142.538193
38,12,142.574201
25,25,142.644217
39,11,142.675224
19,31,143.499527
22,28,143.556539
32,18,143.593547
19,31,143.657562
35,15,143.688569
24,26,143.743581
35,15,143.774588
25,25,143.826599
38,12,143.851605
34,16,143.885612
32,18,143.92262
35,15,143.953743
32,18,143.990751
31,19,144.02976
34,16,144.062767
24,26,144.116779
36,14,144.145785
25,25,144.196797
30,20,144.238806
30,20,144.280816
30,20,144.321825
23,27,144.377838
-71,21,144.420847
32,18,144.458856
34,16,144.491863
26,24,144.540874
36,14,144.56988
31,19,144.608889
-71,21,144.651899
27,23,144.698909
29,21,144.743919
36,14,144.771925
34,16,144.805933
-52,2,144.810934
6,44,144.902954
33,17,144.939963
21,29,145.000976
34,16,145.034984
31,19,145.073993
21,29,145.135006
17,33,145.202021
36,14,145.231028
30,20,145.273176
37,13,145.300182
2,48,145.400204
29,21,145.443214
18,32,145.509228
34,16,145.542236
40,10,145.56324
8,42,145.650261
32,18,145.687268
32,18,145.724276
39,11,145.749282
32,18,145.788291
6,44,145.884312
21,29,145.948327
36,14,145.978333
38,12,146.00534
32,18,146.044348
32,18,146.085357
38,12,146.110362
37,13,146.137368
-64,14,146.167376
33,17,146.203383
-68,18,146.241514
36,14,146.271521
-54,4,146.280523
29,21,146.324533
-71,21,146.370543
21,29,146.432556
-70,20,146.475566
28,22,146.521576
32,18,146.560585
17,33,146.6306
33,17,146.667609
4,46,146.764631
14,36,146.842649
35,15,146.874655
-52,2,146.879656
32,18,146.917665
20,30,146.980679
36,14,147.010685
28,22,147.057696
35,15,147.091704
19,31,147.158719
35,15,147.189725
6,44,147.282746
25,25,147.335758
36,14,147.364764
30,20,147.407774
37,13,147.43578
-65,15,147.467787
34,16,147.502796
-57,7,147.518799
34,16,147.557807
35,15,147.589815
12,38,147.669832
38,12,147.693837
34,16,147.727845
-70,20,148.535493
37,13,148.563499
-74,24,148.620512
32,18,148.661522
-57,7,148.677525
29,21,148.728536
23,27,148.787549
14,36,148.866567
25,25,148.920578
30,20,148.963588
37,13,148.991595
38,12,149.0186
34,16,149.052608
37,13,149.081614
29,21,149.131626
32,18,149.173637
-66,16,149.210646
38,12,149.238652
38,12,149.266658
37,13,149.294664
32,18,149.331672
31,19,149.374682
27,23,149.423693
16,34,149.50071
30,20,149.54672
19,31,149.620737
17,33,149.690701
24,26,149.744714
40,10,149.765718
36,14,149.795724
32,18,149.832733
15,35,149.90775
34,16,149.941757
-88,38,150.020775
34,16,150.054902
35,15,150.085909
30,20,150.126918
38,12,150.153924
30,20,150.198934
24,26,150.258948
-10,60,150.388977
41,9,150.408981
29,21,150.454991
28,22,150.506131
35,15,150.541139
-60,10,150.565145
38,12,150.59115
20,30,150.712267
16,34,150.846814
35,15,150.887823
22,28,150.947837
33,17,150.983844
19,31,151.051358
37,13,151.081365
-82,32,151.155381
40,10,151.177386
-81,31,151.242401
-75,25,151.299413
-60,10,151.321419
33,17,151.357426
32,18,151.395435
27,23,151.442445
36,14,151.471452
23,27,151.526597
27,23,151.576608
33,17,151.611616
23,27,151.668629
28,22,151.714639
9,41,151.799659
1,49,151.90268
-56,6,151.915683
-64,14,151.94469
-85,35,152.017706
40,10,152.038711
36,14,152.067718
37,13,152.094724
-62,12,152.11973
30,20,152.160738
28,22,152.206751
30,20,152.247761
28,22,152.29377
33,17,152.328779
29,21,152.372788
32,18,152.409797
28,22,152.455807
-3,53,152.565831
35,15,152.597838
34,16,152.631846
17,33,152.699862
29,21,152.743871
-59,9,152.762875
35,15,152.792882
-62,12,152.818888
32,18,152.855896
37,13,152.883902
25,25,152.935914
-52,2,152.940915
21,29,152.999928
42,8,153.016932
34,16,153.049939
32,18,153.836241
-62,12,153.861246
33,17,153.897254
30,20,153.939264
28,22,153.984274
31,19,154.024282
30,20,154.066292
8,42,154.152311
8,42,154.23833
18,32,154.304345
15,35,154.399366
32,18,154.452444
32,18,154.503455
28,22,154.556468
40,10,154.580473
33,17,154.622482
21,29,154.692498
33,17,154.733507
28,22,154.784518
25,25,154.844531
12,38,154.931551
16,34,155.005568
18,32,155.078584
37,13,155.108591
-54,4,155.118593
18,32,155.188608
-60,10,155.209613
38,12,155.235766
24,26,155.290779
32,18,155.328786
34,16,155.365795
29,21,155.414806
33,17,155.452814
36,14,155.485822
34,16,155.520829
22,28,155.584843
19,31,155.648858
40,10,155.671864
24,26,155.726875
6,44,155.821897
-77,27,155.879909
24,26,155.936923
31,19,155.976931
28,22,156.022941
38,12,156.047947
34,16,156.080955
32,18,156.117963
26,24,156.167974
27,23,156.214507
35,15,156.244514
29,21,156.288523
11,39,156.367541
33,17,156.40255
29,21,156.446559
34,16,156.479566
-58,8,156.49557
27,23,156.543098
36,14,156.573106
22,28,156.630118
39,11,156.653123
33,17,156.68813
25,25,156.739142
27,23,156.786153
32,18,156.824161
36,14,156.854168
31,19,156.894177
30,20,156.935186
27,23,156.984197
-53,3,156.992199
36,14,157.020205
-70,20,157.063214
29,21,157.107224
-61,11,157.131229
34,16,157.164237
34,16,157.198245
34,16,157.232252
39,11,157.255257
34,16,157.288264
29,21,157.332274
32,18,157.370283
34,16,157.405291
34,16,157.439298
29,21,157.482308
25,25,157.534319
10,40,157.617338
24,26,157.67135
34,16,157.704358
13,37,157.781374
26,24,157.832386
15,35,157.906403
-4,54,158.017427
33,17,158.052435
36,14,158.081442
23,27,158.136454
38,12,158.16246
39,11,158.184464
38,12,158.21047
27,23,159.031661
27,23,159.081672
37,13,159.109678
27,23,159.159689
33,17,159.196697
36,14,159.226704
21,29,159.289718
31,19,159.329726
22,28,159.392741
33,17,159.43175
14,36,159.52277
33,17,159.560778
33,17,159.599787
35,15,159.633795
26,24,159.689807
21,29,159.753821
28,22,159.801832
21,29,159.864846
-58,8,159.88285
36,14,159.916858
35,15,159.951866
35,15,159.982872
40,10,160.004877
32,18,160.043886
-71,21,160.087896
37,13,160.115902
11,39,160.198921
40,10,160.219925
36,14,160.250933
-60,10,160.281939
31,19,160.322948
38,12,160.348954
19,31,160.414969
3,47,160.512991
-68,18,160.550999
23,27,160.607012
30,20,160.649021
29,21,160.692031
10,40,160.77605
31,19,160.816059
32,18,160.855067
18,32,160.922082
6,44,161.017103
38,12,161.043109
4,46,161.141131
34,16,161.176139
-64,14,161.205146
31,19,161.245154
23,27,161.303167
25,25,161.357179
21,29,161.418196
23,27,161.477207
21,29,161.544221
35,15,161.579229
28,22,161.62924
-55,5,161.640242
36,14,161.67425
26,24,161.734264
31,19,161.781274
32,18,161.824283
35,15,161.864292
40,10,161.890685
40,10,161.914691
34,16,161.951699
22,28,162.017714
-84,34,162.101732
34,16,162.141742
37,13,162.173749
33,17,162.218759
32,18,162.261923
33,17,162.303932
29,21,162.354944
37,13,162.38395
35,15,162.416957
39,11,162.441962
21,29,162.506977
38,12,162.534983
24,26,162.597997
36,14,162.631005
36,14,162.665012
23,27,162.731027
24,26,162.795042
3,47,162.916069
36,14,162.950076
25,25,163.01309
36,14,163.050099
-62,12,163.082106
22,28,163.150282
19,31,163.2283
26,24,163.284312
30,20,163.337324
15,35,163.425344
-72,22,163.479355
28,22,163.534368
28,22,163.586379
16,34,163.667398
-52,2,163.673399
34,16,163.713408
24,26,164.586872
20,30,164.649886
30,20,164.692895
28,22,164.740906
28,22,164.789917
-77,27,164.850931
28,22,164.902942
-54,4,164.912944
38,12,164.94095
-76,26,164.996963
32,18,165.034972
-65,15,165.067979
31,19,165.108988
40,10,165.131993
40,10,165.152998
27,23,165.203009
26,24,165.25402
36,14,165.285028
17,33,165.357043
38,12,165.382049
22,28,165.443063
31,19,165.485072
33,17,165.52108
16,34,165.594096
26,24,165.646108
22,28,165.708122
38,12,165.736128
22,28,165.801686
36,14,165.836695
13,37,165.917712
28,22,165.964722
27,23,166.013733
35,15,166.04574
35,15,166.075747
34,16,166.110755
37,13,166.137761
36,14,166.168769
34,16,166.203776
39,11,166.227781
27,23,166.276792
29,21,166.321803
6,44,166.416823
36,14,166.44683
17,33,166.518846
24,26,166.575859
22,28,166.635873
37,13,166.664879
38,12,166.689884
28,22,166.736895
38,12,166.763901
19,31,166.830916
31,19,166.871925
-63,13,166.899931
27,23,166.948942
40,10,166.971947
38,12,166.997953
34,16,167.033961
3,47,167.132983
21,29,167.193996
32,18,167.230523
32,18,167.268531
38,12,167.293537
-63,13,167.320543
37,13,167.348549
38,12,167.374555
35,15,167.405562
16,34,167.477578
-55,5,167.489581
27,23,167.537592
26,24,167.588603
-70,20,167.633613
-92,42,167.722633
38,12,167.748639
28,22,167.795648
37,13,167.823655
34,16,167.857663
23,27,167.913676
-64,14,167.942682
29,21,167.986828
-60,10,168.007834
37,13,168.035839
36,14,168.064846
33,17,168.100854
26,24,168.150865
3,47,168.251888
25,25,168.304899
24,26,168.359912
12,38,168.43993
42,8,168.456933
18,32,168.52495
11,39,168.607967
38,12,168.634973
29,21,168.678983
24,26,168.734995
34,16,168.770005
31,19,168.810012
38,12,168.836019
16,34,168.910035
33,17,168.949044
26,24,169.777373
27,23,169.824898
-66,16,169.858906
33,17,169.893913
33,17,169.929921
34,16,169.963929
29,21,170.007939
36,14,170.035945
-64,14,170.065952
38,12,170.091958
34,16,170.124965
31,19,170.164973
40,10,170.186979
18,32,170.259995
5,45,170.353015
35,15,170.387023
31,19,170.431033
35,15,170.46204
19,31,170.528055
35,15,170.562063
33,17,170.601205
20,30,170.665219
36,14,170.695226
7,43,170.783245
26,24,170.835257
34,16,170.870265
24,26,170.925277
24,26,170.980289
29,21,171.031301
26,24,171.082312
30,20,171.123321
37,13,171.151328
26,24,171.201339
28,22,171.246349
40,10,171.267353
38,12,171.29336
29,21,171.337653
34,16,171.37166
28,22,171.41767
30,20,171.460681
23,27,171.520694
34,16,171.557702
33,17,171.59471
32,18,171.635719
26,24,171.686731
-58,8,171.703735
37,13,171.730741
27,23,171.777751
36,14,171.808758
33,17,171.843766
30,20,171.885775
38,12,171.910781
18,32,171.976795
19,31,172.03981
-54,4,172.048811
36,14,172.078819
13,37,172.155968
-67,17,172.190976
23,27,172.246989
35,15,172.278996
40,10,172.3
40,10,172.322005
28,22,172.369016
36,14,172.399023
22,28,172.455035
26,24,172.505046
34,16,172.539054
36,14,172.569199
28,22,172.615209
37,13,172.642216
19,31,172.70623
27,23,172.755241
40,10,172.776245
-68,18,172.814254
32,18,172.850262
32,18,172.88727
18,32,172.953285
-12,62,173.082314
35,15,173.114321
-66,16,173.147328
-67,17,173.182336
33,17,173.217344
38,12,173.242349
29,21,173.286359
31,19,173.326368
33,17,173.361376
38,12,173.385381
31,19,173.42439
26,24,173.474401
36,14,173.504408
19,31,173.567422
35,15,173.597429
39,11,173.621434
30,20,173.663443
26,24,173.713455
28,22,173.759465
38,12,173.78447
25,25,173.835482
-91,41,173.920501
35,15,173.951508
30,20,173.993517
35,15,174.024524
24,26,174.83435
-3,53,174.943374
20,30,175.005388
31,19,175.043396
35,15,175.075403
26,24,175.124414
27,23,175.172425
36,14,175.202432
35,15,175.234439
35,15,175.264445
31,19,175.304586
30,20,175.346596
30,20,175.387605
34,16,175.421613
16,34,175.492629
39,11,175.515634
21,29,175.574647
28,22,175.619657
37,13,175.646663
29,21,175.688672
25,25,175.741684
37,13,175.771691
33,17,175.806699
35,15,175.838706
17,33,175.90572
29,21,175.94873
-71,21,175.99174
28,22,176.03675
-57,7,176.052753
36,14,176.080883
33,17,176.114891
15,35,176.187907
30,20,176.228916
34,16,176.260923
6,44,176.351947
27,23,176.399957
-55,5,176.40996
38,12,176.434965
32,18,176.471974
-76,26,176.524986
38,12,176.549991
31,19,176.59
23,27,176.645117
-68,18,176.681144
8,42,176.767163
24,26,176.820175
25,25,176.872187
24,26,176.924199
32,18,176.962207
38,12,176.987212
-62,12,177.013218
-72,22,177.058228
-58,8,177.074232
41,9,177.093236
-71,21,177.136245
32,18,177.173257
30,20,177.215266
1,49,177.313288
30,20,177.355298
-61,11,177.379303
35,15,177.41031
31,19,177.448321
16,34,177.518337
24,26,177.572349
36,14,177.601355
34,16,177.634364
38,12,177.658368
38,12,177.683374
20,30,177.743387
31,19,177.783521
22,28,177.840533
-55,5,177.851536
33,17,177.886544
-72,22,177.931554
30,20,177.972563
37,13,177.998569
29,21,178.041688
-52,2,178.046689
-54,4,178.054691
28,22,178.100701
32,18,178.137709
29,21,178.179718
34,16,178.212726
30,20,178.252735
23,27,178.308866
16,34,178.378882
41,9,178.396886
-55,5,178.407888
33,17,178.442897
39,11,178.465901
32,18,178.502909
29,21,178.54592
-64,14,178.575926
15,35,178.646942
24,26,178.699953
34,16,178.733961
25,25,178.784972
31,19,178.823981
-68,18,178.860989
10,40,178.942007
32,18,178.978015
13,37,179.794471
26,24,179.843482
36,14,179.872488
31,19,179.911497
13,37,179.987514
26,24,180.037525
27,23,180.083535
40,10,180.10454
31,19,180.144549
27,23,180.191559
20,30,180.252573
34,16,180.28558
29,21,180.32859
33,17,180.362597
7,43,180.450617
37,13,180.477623
36,14,180.506629
-2,52,180.611653
39,11,180.634658
25,25,180.685669
35,15,180.717676
33,17,180.752823
20,30,180.817838
37,13,180.843844
25,25,180.898856
31,19,180.938865
39,11,180.96087
34,16,180.994877
32,18,181.031886
37,13,181.058892
26,24,181.107903
40,10,181.128907
31,19,181.167916
32,18,181.204925
27,23,181.253935
25,25,181.304946
34,16,181.338954
20,30,181.400968
38,12,181.426974
30,20,181.468983
18,32,181.533998
38,12,181.558003
33,17,181.594011
30,20,181.63502
36,14,181.664027
20,30,181.727041
31,19,181.766067
39,11,181.789072
26,24,181.840084
31,19,181.879092
-63,13,181.907099
20,30,181.969112
15,35,182.041128
33,17,182.076137
12,38,182.156154
37,13,182.184161
26,24,182.234172
32,18,182.27218
36,14,182.302187
33,17,182.338195
16,34,182.411211
38,12,182.438217
8,42,182.534239
32,18,182.572247
33,17,182.609256
38,12,182.635261
11,39,182.72028
32,18,182.759289
18,32,182.826304
34,16,182.862312
31,19,182.903321
19,31,182.969336
33,17,183.005344
25,25,183.058355
-78,28,183.116369
22,28,183.174381
11,39,183.260401
-21,71,183.413435
-58,8,183.43644
8,42,183.52746
-64,14,183.568469
31,19,183.602477
-57,7,183.61648
22,28,183.665491
23,27,183.720503
30,20,183.760512
24,26,183.806523
37,13,183.828527
27,23,183.869536
26,24,183.911547
10,40,183.982563
11,39,184.793742
33,17,184.823749
34,16,184.851873
29,21,184.887903
24,26,184.932914
39,11,184.952919
32,18,184.984926
19,31,185.039937
27,23,185.082947
-52,2,185.087949
-67,17,185.120956
29,21,185.157964
33,17,185.189971
-57,7,185.203975
26,24,185.250984
29,21,185.292994
36,14,185.323
1,49,185.41002
35,15,185.437027
31,19,185.473035
30,20,185.509042
27,23,185.550051
-55,5,185.560053
31,19,185.594061
32,18,185.627068
26,24,185.669078
30,20,185.703085
22,28,185.753097
-55,5,185.762098
30,20,185.797107
-53,3,185.803108
24,26,185.849118
40,10,185.867122
25,25,185.909132
36,14,185.933137
25,25,185.976277
36,14,186.002282
22,28,186.049293
23,27,186.096303
18,32,186.150316
13,37,186.213469
25,25,186.258479
33,17,186.288486
-99,49,186.376506
31,19,186.410512
37,13,186.433518
26,24,186.474668
37,13,186.498673
23,27,186.545684
30,20,186.579691
23,27,186.627702
17,33,186.684714
33,17,186.714721
22,28,186.764732
-56,6,186.776735
31,19,186.813743
31,19,186.850751
23,27,186.901762
32,18,186.939771
34,16,186.970778
26,24,187.019789
33,17,187.049796
31,19,187.086804
36,14,187.11181
-1,51,187.20483
23,27,187.253841
31,19,187.286849
34,16,187.320857
31,19,187.357865
25,25,187.403874
-82,32,187.461888
33,17,187.498896
37,13,187.523902
37,13,187.547907
30,20,187.584916
-70,20,187.620924
34,16,187.65093
27,23,187.692939
20,30,187.747952
32,18,187.782959
36,14,187.809966
10,40,187.883982
29,21,187.922991
-69,19,187.957998
27,23,187.998008
23,27,188.045018
21,29,188.095029
35,15,188.12115
15,35,188.183164
-66,16,188.21017
14,36,188.271183
37,13,188.294188
4,46,188.373206
26,24,188.413215
36,14,188.437221
33,17,188.466227
40,10,189.193507
8,42,189.265523
30,20,189.300652
37,13,189.322657
34,16,189.350663
33,17,189.379669
30,20,189.415678
28,22,189.454686
31,19,189.488694
36,14,189.512699
34,16,189.540705
34,16,189.570712
29,21,189.60672
18,32,189.660732
28,22,189.697741
27,23,189.737749
9,41,189.808766
36,14,189.833771
-61,11,189.853775
38,12,189.87478
38,12,189.894784
5,45,189.971807
38,12,189.992811
38,12,190.012816
20,30,190.064827
36,14,190.089833
34,16,190.116839
-64,14,190.141845
-2,52,190.230865
36,14,190.25487
3,47,190.335166
8,42,190.406182
30,20,190.441189
4,46,190.520207
14,36,190.582221
33,17,190.611227
35,15,190.638233
29,21,190.674241
15,35,190.734255
16,34,190.792268
29,21,190.828276
32,18,190.860283
34,16,190.888289
20,30,190.939301
18,32,190.994312
31,19,191.027321
42,8,191.041323
32,18,191.07233
23,27,191.119341
23,27,191.167351
26,24,191.209361
30,20,191.245368
-10,60,191.350392
33,17,191.380548
36,14,191.405553
25,25,191.449562
24,26,191.494572
26,24,191.536582
26,24,191.579591
36,14,191.604597
13,37,191.669612
32,18,191.701618
38,12,191.722623
32,18,191.756631
25,25,191.80064
36,14,191.824646
29,21,191.861654
28,22,191.898663
30,20,191.93367
17,33,191.988684
28,22,192.027694
31,19,192.059701
36,14,192.083706
19,31,192.136718
34,16,192.163724
29,21,192.199732
33,17,192.228738
26,24,192.271748
-55,5,192.28075
41,9,192.296753
20,30,192.348765
30,20,192.384773
31,19,192.417903
38,12,192.437907
13,37,192.500921
32,18,192.530928
26,24,192.572937
40,10,192.590941
40,10,192.608945
19,31,192.663957
15,35,192.723971
32,18,193.449273
35,15,193.476279
35,15,193.502285
37,13,193.52529
36,14,193.550295
29,21,193.586303
27,23,193.627312
40,10,193.646317
-78,28,193.694327
32,18,193.725334
26,24,193.767344
26,24,193.810354
23,27,193.858364
34,16,193.88537
23,27,193.933381
27,23,193.97639
38,12,193.997395
34,16,194.025402
39,11,194.045406
35,15,194.072412
-61,11,194.092416
30,20,194.128424
-56,6,194.140427
42,8,194.15443
30,20,194.192439
28,22,194.232447
34,16,194.260454
34,16,194.28946
37,13,194.312465
-55,5,194.322468
8,42,194.39861
31,19,194.434618
35,15,194.461624
31,19,194.496632
26,24,194.540642
24,26,194.587652
34,16,194.616659
36,14,194.642664
29,21,194.682673
26,24,194.724683
32,18,194.75769
40,10,194.776695
24,26,194.822864
29,21,194.861869
35,15,194.888875
36,14,194.913881
-68,18,194.944887
36,14,194.970893
27,23,195.011903
36,14,195.036908
39,11,195.055912
24,26,195.100922
34,16,195.130085
38,12,195.152091
26,24,195.196101
30,20,195.232108
27,23,195.273118
36,14,195.299123
-57,7,195.311126
36,14,195.338132
-62,12,195.360604
36,14,195.385609
40,10,195.404614
23,27,195.451624
29,21,195.488632
40,10,195.507636
31,19,195.541644
41,9,195.557648
31,19,195.590655
36,14,195.61466
38,12,195.635666
38,12,195.65667
33,17,195.687677
33,17,195.717684
23,27,195.765694
38,12,195.786699
34,16,195.815706
12,38,195.88272
28,22,195.919729
32,18,195.951879
7,43,196.026895
25,25,196.069905
20,30,196.121917
27,23,196.161925
30,20,196.196933
21,29,196.246944
31,19,196.281952
33,17,196.310958
-58,8,196.324961
34,16,196.353968
35,15,196.380974
34,16,196.40898
-64,14,196.432985
6,44,196.509002
31,19,196.54401
40,10,196.561014
37,13,196.584019
36,14,196.608025
14,36,196.672041
28,22,196.71105
38,12,196.732055
34,16,196.761061
-68,18,196.792068
10,40,196.862083
31,19,196.905093
29,21,196.953104
15,35,197.032122
24,26,197.092135
29,21,197.967455
38,12,198.004463
35,15,198.046475
33,17,198.094487
21,29,198.178506
32,18,198.227644
31,19,198.267652
37,13,198.294658
32,18,198.331667
19,31,198.396681
42,8,198.413685
19,31,198.477305
36,14,198.505311
27,23,198.553322
25,25,198.606334
31,19,198.645343
31,19,198.685352
35,15,198.716359
33,17,198.752367
24,26,198.806379
-65,15,198.838386
30,20,198.880395
37,13,198.907401
33,17,198.942409
36,14,198.972416
30,20,199.013425
38,12,199.039431
36,14,199.068437
31,19,199.107446
29,21,199.151456
32,18,199.189464
36,14,199.219471
20,30,199.281485
28,22,199.326495
30,20,199.367504
25,25,199.418516
6,44,199.510536
39,11,199.533541
32,18,199.571549
38,12,199.595556
31,19,199.634563
31,19,199.674572
32,18,199.711581
38,12,199.736586
31,19,199.776595
37,13,199.803601
40,10,199.834131
36,14,199.876673
17,33,199.966693
29,21,200.014227
36,14,200.044016
33,17,200.080069
35,15,200.111084
-62,12,200.136291
33,17,200.171305
-76,26,200.226322
40,10,200.247326
18,32,200.315342
29,21,200.358351
31,19,200.39736
36,14,200.427366
4,46,200.523388
31,19,200.563397
17,33,200.631412
17,33,200.700428
26,24,200.750439
40,10,200.772444
21,29,200.833458
40,10,200.855462
33,17,200.89147
1,49,200.993494
-56,6,201.006496
31,19,201.046505
30,20,201.089514
32,18,201.127523
22,28,201.187663
41,9,201.208668
21,29,201.269681
16,34,201.343698
22,28,201.405712
18,32,201.479728
23,27,201.536741
39,11,201.560747
3,47,201.66677
-55,5,201.677773
15,35,201.749789
28,22,201.795799
39,11,201.818804
9,41,201.904823
33,17,201.940831
-68,18,201.978839
37,13,202.006846
-61,11,202.029851
11,39,202.109869
36,14,202.138875
26,24,202.188887
24,26,202.243899
18,32,202.320081
30,20,202.368092
32,18,202.411101
14,36,203.385458
40,10,203.410464
34,16,203.448472
25,25,203.503484
24,26,203.558497
32,18,203.597506
36,14,203.628512
32,18,203.675523
-56,6,203.691527
25,25,203.75054
34,16,203.790549
32,18,203.831558
39,11,203.855563
26,24,203.907706
36,14,203.938714
27,23,203.986724
35,15,204.019732
38,12,204.045737
30,20,204.088747
21,29,204.151761
31,19,204.19277
11,39,204.276789
34,16,204.310796
34,16,204.344804
20,30,204.410819
40,10,204.431823
23,27,204.489836
26,24,204.541848
9,41,204.628868
-63,13,204.656874
26,24,204.708885
30,20,204.752895
27,23,204.802907
30,20,204.845916
31,19,204.887925
28,22,204.934936
21,29,204.997949
33,17,205.034958
-59,9,205.053962
-58,8,205.071966
31,19,205.112976
29,21,205.158986
28,22,205.205996
33,17,205.242004
-64,14,205.272011
37,13,205.300148
38,12,205.327154
37,13,205.356161
26,24,205.407172
36,14,205.437179
34,16,205.471187
37,13,205.499193
29,21,205.544203
29,21,205.589213
-58,8,205.606217
23,27,205.66523
25,25,205.718241
14,36,205.795259
32,18,205.833267
36,14,205.864274
36,14,205.895281
32,18,205.93429
36,14,205.965297
23,27,206.02231
22,28,206.088324
37,13,206.121331
35,15,206.156339
17,33,206.238358
23,27,206.308373
38,12,206.343381
17,33,206.434402
22,28,206.507417
37,13,206.540425
35,15,206.577433
30,20,206.626444
25,25,206.681586
33,17,206.718594
42,8,206.736598
39,11,206.760603
33,17,206.797612
22,28,206.857625
37,13,206.886631
32,18,206.92664
25,25,206.980653
1,49,207.086676
38,12,207.113683
3,47,207.215706
10,40,207.333867
-77,27,207.401882
32,18,207.445892
28,22,207.498904
22,28,207.558917
27,23,207.608928
34,16,207.644936
-56,6,207.658939
28,22,207.70595
38,12,207.732956
37,13,207.769964
27,23,207.834979
26,24,207.897993
8,42,208.778333
33,17,208.815341
36,14,208.845348
27,23,208.894359
-56,6,208.907362
40,10,208.928366
26,24,208.980378
35,15,209.013385
35,15,209.046393
17,33,209.117409
24,26,209.173421
26,24,209.225432
39,11,209.249438
-71,21,209.294448
-52,2,209.299449
40,10,209.321454
-67,17,209.358573
40,10,209.379596
38,12,209.406603
12,38,209.501624
31,19,209.555636
34,16,209.602646
36,14,209.636655
27,23,209.692667
21,29,209.761682
29,21,209.808692
40,10,209.830697
26,24,209.883709
36,14,209.913716
34,16,209.948723
33,17,209.988732
16,34,210.073751
39,11,210.100757
36,14,210.135766
40,10,210.15977
31,19,210.205781
33,17,210.242789
30,20,210.285799
35,15,210.317806
26,24,210.368817
24,26,210.42583
21,29,210.488844
41,9,210.507848
20,30,210.571862
34,16,210.60687
42,8,210.623874
40,10,210.645879
13,37,210.726014
20,30,210.790028
36,14,210.820035
40,10,210.84204
38,12,210.868046
21,29,210.930059
31,19,210.971069
-62,12,210.997075
26,24,211.049086
19,31,211.115101
38,12,211.141107
37,13,211.172114
-62,12,211.205122
23,27,211.275137
30,20,211.327148
33,17,211.364156
31,19,211.405166
-65,15,211.438173
42,8,211.455177
37,13,211.483183
29,21,211.539195
30,20,211.594208
32,18,211.640218
37,13,211.673225
31,19,211.723236
32,18,211.767247
31,19,211.813257
33,17,211.855267
16,34,211.932283
38,12,211.958289
35,15,211.991296
24,26,212.047309
34,16,212.086318
37,13,212.117325
37,13,212.149331
11,39,212.242352
-54,4,212.253355
26,24,212.307502
38,12,212.333507
35,15,212.365515
24,26,212.426528
27,23,212.48154
22,28,212.552556
35,15,212.589565
31,19,212.635575
40,10,212.661581
37,13,212.694588
-60,10,212.718593
25,25,212.776606
27,23,212.826617
31,19,212.868627
27,23,212.918638
33,17,212.958647
38,12,212.989654
7,43,213.090676
-81,31,213.158691
40,10,213.180696
34,16,213.214704
5,45,213.310725
33,17,213.347734
9,41,214.218256
18,32,214.288272
32,18,214.327281
36,14,214.358288
26,24,214.410299
40,10,214.432304
26,24,214.484316
-74,24,214.536328
35,15,214.568335
40,10,214.590339
36,14,214.620346
24,26,214.676359
33,17,214.712367
41,9,214.732371
1,49,214.839395
32,18,214.879404
40,10,214.901409
26,24,214.95242
31,19,214.994549
-60,10,215.015554
36,14,215.045561
20,30,215.110575
-64,14,215.141582
35,15,215.173589
-64,14,215.203596
38,12,215.229711
20,30,215.293725
40,10,215.314729
36,14,215.344736
28,22,215.392747
29,21,215.437757
26,24,215.489769
34,16,215.523777
15,35,215.599793
40,10,215.620798
22,28,215.681811
18,32,215.750827
38,12,215.776833
33,17,215.813841
14,36,215.889858
18,32,215.957873
32,18,215.996883
39,11,216.020887
40,10,216.041892
19,31,216.108907
14,36,216.185924
34,16,216.218935
39,11,216.242939
40,10,216.264944
12,38,216.346963
18,32,216.414978
-10,60,216.544007
39,11,216.568012
32,18,216.60602
37,13,216.635027
33,17,216.671035
18,32,216.73905
36,14,216.769058
40,10,216.790061
28,22,216.837072
39,11,216.861078
2,48,216.965101
34,16,217.000109
30,20,217.043118
35,15,217.075125
28,22,217.125136
-64,14,217.156143
38,12,217.183149
27,23,217.23316
31,19,217.273169
37,13,217.301176
28,22,217.349186
39,11,217.373192
22,28,217.433205
34,16,217.467213
37,13,217.49522
24,26,217.551359
32,18,217.592368
28,22,217.639379
26,24,217.69139
37,13,217.720396
15,35,217.796413
33,17,217.833421
33,17,217.86943
39,11,217.893435
29,21,217.938445
35,15,217.971452
40,10,217.992457
38,12,218.018463
36,14,218.04947
39,11,218.073475
31,19,218.114484
36,14,218.144491
18,32,218.213507
-60,10,218.235512
40,10,218.257516
29,21,218.302526
21,29,218.36454
22,28,218.424553
34,16,218.459562
37,13,218.488568
36,14,218.518574
22,28,218.578588
3,47,219.448905
39,11,219.472911
41,9,219.491915
20,30,219.555929
31,19,219.597939
22,28,219.657952
37,13,219.685958
30,20,219.728968
40,10,219.750973
25,25,219.804985
27,23,219.854996
36,14,219.886003
29,21,219.931013
38,12,219.957019
38,12,219.983024
-68,18,220.022033
-2,52,220.133058
36,14,220.164065
38,12,220.190071
16,34,220.263216
-66,16,220.298224
-54,4,220.307225
39,11,220.331231
29,21,220.376241
21,29,220.438255
32,18,220.477263
17,33,220.547279
29,21,220.592289
-69,19,220.633298
36,14,220.663305
38,12,220.689311
21,29,220.752325
34,16,220.786332
34,16,220.82034
33,17,220.856348
34,16,220.891356
28,22,220.938366
20,30,221.00238
33,17,221.039389
29,21,221.084399
39,11,221.108404
27,23,221.157415
24,26,221.214427
36,14,221.244435
36,14,221.274441
30,20,221.316451
37,13,221.345457
-54,4,221.354459
32,18,221.392467
29,21,221.438478
6,44,221.532499
42,8,221.550503
34,16,221.58451
-88,38,221.665649
26,24,221.717661
35,15,221.750668
36,14,221.781675
12,38,221.864693
34,16,221.898701
39,11,221.922707
20,30,221.986721
40,10,222.007725
34,16,222.041733
26,24,222.092745
25,25,222.146756
26,24,222.196767
32,18,222.235776
40,10,222.256781
33,17,222.293789
40,10,222.314794
37,13,222.342915
40,10,222.36492
42,8,222.382924
40,10,222.403929
35,15,222.436936
31,19,222.476945
33,17,222.513953
20,30,222.577967
39,11,222.601973
33,17,222.637981
35,15,222.669988
-73,23,222.719999
34,16,222.755007
32,18,222.793015
19,31,222.861031
31,19,222.90104
37,13,222.930046
31,19,222.97106
15,35,223.046077
27,23,223.095088
36,14,223.126094
35,15,223.159102
37,13,223.187108
36,14,223.217115
36,14,223.248122
27,23,223.297132
-60,10,223.319139
36,14,223.349145
-56,6,223.362147
38,12,223.388153
-58,8,223.405157
37,13,223.433163
34,16,223.46717
29,21,223.51218
30,20,223.55519
40,10,223.577195
38,12,223.603201
15,35,223.678217
-58,8,223.696221
38,12,223.722227
23,27,223.78024
26,24,224.607066
30,20,224.650076
29,21,224.696086
29,21,224.742096
29,21,224.787107
30,20,224.831116
33,17,224.869125
33,17,224.906133
14,36,224.98515
29,21,225.031161
31,19,225.07317
17,33,225.144186
24,26,225.201199
23,27,225.259212
28,22,225.307222
32,18,225.347231
32,18,225.38624
33,17,225.423248
38,12,225.449254
29,21,225.495264
-74,24,225.547276
14,36,225.624293
27,23,225.675304
28,22,225.721831
30,20,225.765841
39,11,225.789846
29,21,225.835857
34,16,225.870865
41,9,225.89087
37,13,225.918875
-59,9,225.938879
37,13,225.966886
34,16,226.002894
38,12,226.0299
30,20,226.07291
32,18,226.111918
39,11,226.135924
23,27,226.194937
31,19,226.235946
24,26,226.291958
36,14,226.322966
31,19,226.363974
-18,68,226.511008
37,13,226.539013
37,13,226.56802
40,10,226.590025
20,30,226.655039
34,16,226.690047
34,16,226.726055
-66,16,226.761064
14,36,226.83908
33,17,226.876089
-64,14,226.906095
31,19,226.947104
21,29,227.011119
-77,27,227.069263
-2,52,227.181283
26,24,227.233294
35,15,227.265301
40,10,227.287306
42,8,227.30531
27,23,227.356324
14,36,227.433341
32,18,227.47235
-78,28,227.533364
36,14,227.56437
34,16,227.599378
35,15,227.632386
32,18,227.670394
35,15,227.703402
34,16,227.738409
34,16,227.772417
31,19,227.814426
-82,32,227.883442
40,10,227.905447
28,22,227.953458
38,12,227.980463
40,10,228.002468
36,14,228.032475
20,30,228.09849
32,18,228.136498
32,18,228.175507
-57,7,228.191511
32,18,228.230519
23,27,228.289532
31,19,228.330542
33,17,228.36755
32,18,228.406558
29,21,228.451683
-55,5,228.462684
31,19,228.504694
19,31,228.571709
36,14,228.602715
35,15,228.634723
24,26,228.690735
42,8,228.70874
38,12,228.734745
-54,4,228.743747
27,23,228.794759
18,32,228.863774
38,12,228.89078
32,18,228.929789
20,30,228.994803
34,16,229.029811
34,16,229.82999
17,33,229.900005
-5,55,230.017031
39,11,230.041036
11,39,230.125055
26,24,230.176067
17,33,230.246083
38,12,230.272089
8,42,230.361108
34,16,230.396116
38,12,230.422122
34,16,230.456129
22,28,230.516143
35,15,230.54815
21,29,230.610163
31,19,230.651173
31,19,230.693182
36,14,230.724189
17,33,230.795205
27,23,230.844216
8,42,230.934237
30,20,230.977246
38,12,231.007256
42,8,231.02461
32,18,231.063619
-57,7,231.079622
30,20,231.123632
-52,2,231.128633
36,14,231.15816
30,20,231.20117
34,16,231.236177
32,18,231.275186
34,16,231.309193
33,17,231.346201
14,36,231.423219
17,33,231.494235
34,16,231.528242
40,10,231.549247
20,30,231.613261
23,27,231.672274
29,21,231.717284
34,16,231.752292
28,22,231.800303
28,22,231.846313
-62,12,231.873319
35,15,231.905327
-59,9,231.924331
25,25,231.977342
33,17,232.014351
32,18,232.052359
38,12,232.078365
30,20,232.121374
32,18,232.159384
29,21,232.204393
40,10,232.226398
28,22,232.273409
37,13,232.300414
27,23,232.350531
30,20,232.394562
3,47,232.494584
36,14,232.525592
33,17,232.562599
42,8,232.579603
26,24,232.630615
-58,8,232.648618
33,17,232.684627
35,15,232.717634
30,20,232.760643
29,21,232.806654
18,32,232.874669
30,20,232.917679
42,8,232.935683
22,28,232.995696
40,10,233.017701
34,16,233.051708
37,13,233.079715
30,20,233.122724
39,11,233.14673
30,20,233.189739
32,18,233.229748
35,15,233.261755
34,16,233.296763
-80,30,233.361778
24,26,233.416793
24,26,233.473806
32,18,233.511814
39,11,233.53582
17,33,233.605835
38,12,233.631841
23,27,233.689854
38,12,233.71586
-3,53,233.828884
20,30,233.893025
29,21,233.938035
33,17,233.975044
34,16,234.009052
42,8,234.027055
33,17,234.064064
29,21,234.108073
31,19,234.149082
31,19,234.190091
-59,9,234.210096
23,27,235.03328
28,22,235.08029
29,21,235.1253
21,29,235.187314
33,17,235.224323
32,18,235.262451
20,30,235.326465
1,49,235.432488
26,24,235.4835
23,27,235.541513
34,16,235.576521
36,14,235.607527
-58,8,235.624532
19,31,235.691546
35,15,235.723553
22,28,235.783566
35,15,235.816574
30,20,235.859584
16,34,235.9326
40,10,235.953605
31,19,235.994614
21,29,236.056628
34,16,236.091635
29,21,236.135645
30,20,236.179655
33,17,236.216663
31,19,236.256672
38,12,236.283678
21,29,236.345692
32,18,236.384701
33,17,236.420709
-68,18,236.459718
26,24,236.511729
-59,9,236.531734
32,18,236.570742
26,24,236.621896
33,17,236.657904
-60,10,236.679909
38,12,236.705914
36,14,236.735922
35,15,236.767929
39,11,236.792934
32,18,236.832943
36,14,236.861949
14,36,236.938967
33,17,236.975975
-60,10,236.99798
35,15,237.030987
29,21,237.075997
28,22,237.123008
15,35,237.198025
35,15,237.231032
12,38,237.31105
24,26,237.367062
21,29,237.430206
36,14,237.460213
31,19,237.501222
31,19,237.543231
40,10,237.565236
29,21,237.611247
38,12,237.637253
37,13,237.665258
38,12,237.691264
38,12,237.71827
38,12,237.744276
22,28,237.80429
34,16,237.840297
23,27,237.901311
31,19,237.94232
31,19,237.983448
28,22,238.031459
28,22,238.083471
40,10,238.105476
29,21,238.150486
38,12,238.176491
29,21,238.221501
32,18,238.26051
27,23,238.308521
33,17,238.346529
36,14,238.376536
34,16,238.411544
22,28,238.471557
34,16,238.504565
32,18,238.545574
33,17,238.581582
36,14,238.611589
23,27,238.669602
41,9,238.690606
21,29,238.75362
8,42,238.84464
38,12,238.870646
29,21,238.915657
36,14,238.946663
34,16,238.980671
23,27,239.038684
32,18,239.077693
-15,65,239.216723
-4,54,239.331749
33,17,239.367758
-71,21,239.412767
30,20,240.236951
32,18,240.282962
-55,5,240.294964
27,23,240.347976
-55,5,240.358978
3,47,240.473521
23,27,240.533535
26,24,240.588547
34,16,240.627556
24,26,240.694571
32,18,240.73658
27,23,240.788592
30,20,240.836603
31,19,240.878612
32,18,240.922622
20,30,241.00164
30,20,241.054651
31,19,241.105662
34,16,241.149672
33,17,241.194683
37,13,241.224689
42,8,241.243693
25,25,241.306707
32,18,241.348717
40,10,241.371722
33,17,241.413731
25,25,241.473745
35,15,241.507752
31,19,241.551884
35,15,241.586892
29,21,241.635903
33,17,241.676913
14,36,241.762932
27,23,241.817944
16,34,241.899962
28,22,241.953974
27,23,242.007987
31,19,242.054997
40,10,242.078002
39,11,242.102007
9,41,242.194027
26,24,242.247041
24,26,242.303052
14,36,242.381069
15,35,242.461207
24,26,242.522221
32,18,242.56323
20,30,242.634246
27,23,242.692259
28,22,242.74427
29,21,242.793281
33,17,242.83229
25,25,242.894304
34,16,242.931393
-61,11,242.957399
27,23,243.016412
-65,15,243.054421
36,14,243.090428
23,27,243.153579
20,30,243.220595
41,9,243.241599
33,17,243.284609
30,20,243.33762
29,21,243.387632
38,12,243.414637
35,15,243.449778
38,12,243.477783
6,44,243.582807
40,10,243.607813
-75,25,243.667826
-56,6,243.682829
22,28,243.748844
9,41,243.846019
29,21,243.89503
31,19,243.94104
22,28,244.008055
38,12,244.038062
36,14,244.071069
27,23,244.12108
0,50,244.230105
23,27,244.289118
-2,52,244.405144
39,11,244.43115
33,17,244.471159
40,10,244.497164
-60,10,244.52217
35,15,244.559178
38,12,244.589185
29,21,244.638196
35,15,244.674204
31,19,244.719214
22,28,244.785348
32,18,244.830358
37,13,244.862365
24,26,244.923379
33,17,244.964388
16,34,245.042405
27,23,246.033627
24,26,246.097641
36,14,246.128648
28,22,246.176789
30,20,246.220799
41,9,246.240803
38,12,246.265809
22,28,246.326822
37,13,246.356829
31,19,246.397839
16,34,246.48486
39,11,246.512866
30,20,246.561877
36,14,246.597885
26,24,246.656898
33,17,246.697908
28,22,246.748919
35,15,246.785927
32,18,246.827061
38,12,246.855067
38,12,246.883074
32,18,246.927083
34,16,246.967093
37,13,246.999099
25,25,247.060113
32,18,247.103123
24,26,247.165137
37,13,247.196144
31,19,247.242154
-57,7,247.258157
25,25,247.318171
31,19,247.365181
30,20,247.413192
30,20,247.462203
21,29,247.531349
38,12,247.562356
32,18,247.605365
35,15,247.642374
-60,10,247.666379
33,17,247.707388
34,16,247.746397
30,20,247.795408
40,10,247.820413
25,25,247.878426
28,22,247.932438
37,13,247.964445
24,26,248.024459
25,25,248.083472
32,18,248.123481
35,15,248.157488
38,12,248.185494
38,12,248.213501
22,28,248.278516
33,17,248.318525
-56,6,248.332528
30,20,248.380538
24,26,248.440552
33,17,248.491564
33,17,248.533572
33,17,248.575582
23,27,248.640596
22,28,248.705611
23,27,248.769625
29,21,248.818636
-53,3,248.826638
36,14,248.860645
30,20,248.908781
25,25,248.966794
27,23,249.021806
38,12,249.049813
37,13,249.079819
30,20,249.125829
38,12,249.155836
31,19,249.200846
24,26,249.260859
39,11,249.285865
40,10,249.30987
-4,54,249.435898
37,13,249.465905
32,18,249.507914
34,16,249.545923
36,14,249.57793
18,32,249.651947
35,15,249.688955
32,18,249.732965
35,15,249.767972
33,17,249.808982
39,11,249.834987
37,13,249.866995
-60,10,249.89
39,11,249.915005
31,19,249.959015
23,27,250.021029
33,17,250.061038
40,10,250.084043
18,32,250.154059
41,9,250.174063
-66,16,250.210072
-53,3,250.217072
36,14,250.24708
28,22,250.294216
39,11,250.318221
38,12,250.344227
29,21,250.389237
21,29,250.455252
32,18,250.499262
36,14,250.53227
29,21,250.58228
34,16,250.62429
19,31,250.699307
-58,8,250.719311
17,33,250.801329
42,8,250.821333
